eval_id,timestamp,symbol,idea_file,name,hypothesis,strategy,tf,n_combos,n_eligible,train_positive_share,chosen_params,chosen_exec,train_trades,train_mean_r,train_gross_r,train_cost_r,train_max_dd,train_size_skips,valid_trades,valid_mean_r,valid_ci_lo,valid_ci_hi,valid_p_gt_0,valid_gross_r,valid_cost_r,valid_win_rate,valid_profit_factor,valid_cagr,valid_max_dd,valid_avg_hold_h,valid_long_trades,valid_short_trades,valid_stop_rate,valid_tp_rate,valid_time_rate,valid_fill_rate,valid_size_skips,valid_per_year,stress_mean_r,verdict,gates_failed,holdout_verdict,data_version,structure,duplicate_of,splits
c0e6d4c892,2026-09-29 11:22 UTC,BNBUSDT,ideas\034_multiday_reversal.json,034_multiday_reversal,"Over five to ten days a 2-sigma move is not information, it is a position: the move is long enough that trend followers have added to it and leveraged accounts have been funded into it, and both need out at the same time. The counterparty is therefore not a view but a margin call, and margin calls unwind on the timeframe of days, not hours - which is why this was never visible at the 12h horizons where mean reversion was tested and rejected. The edge, if there is one, is that a stretched move overshoots because forced selling does not stop at a fair price, and part of the overshoot is handed back as the forced sellers become the buyers. This is the one reversion idea the project has not closed, and the difference from Exp 016's is the horizon, not the signal.",recipe,240,4,4,0.25,"{""atr_n"": 14, ""cooldown_bars"": 6, ""direction"": ""both"", ""filters"": [], ""max_hold_hours"": 96, ""stop"": {""max_atr"": 8.0, ""min_atr"": 1.5, ""pct"": 0.06, ""type"": ""pct""}, ""tp"": {""type"": ""none""}, ""trail_at"": 2.0, ""trail_atr"": 3.0, ""triggers"": [{""n"": 30, ""type"": ""zscore_revert"", ""z"": 2.0}]}","{""entry_fill_ratio"": 1.0, ""entry_mode"": ""post_only"", ""entry_offset_atr"": 0.1}",170,0.0382596510483911,0.0497682695077219,0.0115086184593309,0.093313205129862,0,120,-0.008051740368208,-0.1617440831791599,0.1513919166830636,0.4589,0.0150484019024556,0.0231001422706636,0.5083333333333333,0.9638160583040204,-0.007340923821017,0.0660251679664194,81.66666666666667,55,65,0.2916666666666667,0.0,0.7083333333333334,0.916030534351145,0,"{""2023"": [-0.0792, 57], ""2024"": [0.0564, 63]}",-0.0155714386258459,REJECT,valid_mean_r>0;valid_ci_lo>0;stress_mean_r>0,,native,recipe|240m|zscore_revert|-|both,,2020-03|2023-01|2025-01|2026-08
4cfc650b7b,2026-09-29 11:22 UTC,BNBUSDT,ideas\035_multiday_momentum.json,035_multiday_momentum,"A five to twenty day high or low is where trend-following funds add risk, because their mandate is to hold the extreme rather than to forecast it. That is a structural reason for the move to continue rather than reverse: the buyers of a new high are institutions with a rule that says buy, not people with a view. The reason to test it both-sided with no directional filter is that this effect should not care about the sign of the market - it continued down through 2022 and up through 2023-24, and a rule that only works in the bull market is the drift this project has spent four rounds trying to separate from an edge. The kill condition is deliberately two-sided: it dies if TRAIN gross_r <= 0, and it also dies if the whole result is one side in the period where that side matches the drift.",recipe,240,4,3,1.0,"{""atr_n"": 14, ""cooldown_bars"": 6, ""direction"": ""both"", ""filters"": [], ""max_hold_hours"": 72, ""stop"": {""max_atr"": 8.0, ""min_atr"": 1.5, ""pct"": 0.06, ""type"": ""pct""}, ""tp"": {""type"": ""none""}, ""trail_at"": 2.0, ""trail_atr"": 3.0, ""triggers"": [{""n"": 60, ""type"": ""donchian_break""}]}","{""entry_fill_ratio"": 1.0, ""entry_mode"": ""post_only"", ""entry_offset_atr"": 0.1}",106,0.2107855585970907,0.2487753840828269,0.0379898254857361,0.0907161057770333,0,66,0.0461617070492926,-0.1370101298999532,0.2365096925730118,0.6789,0.0618179336556933,0.0156562266064006,0.5151515151515151,1.1414328885377751,0.0141405268790566,0.0426501839990745,63.03030303030303,41,25,0.2424242424242424,0.0,0.7575757575757576,0.88,0,"{""2023"": [0.0584, 33], ""2024"": [0.034, 33]}",0.0385830213295987,WATCH,valid_trades>=100;valid_ci_lo>0,,native,recipe|240m|donchian_break|-|both,,2020-03|2023-01|2025-01|2026-08
82e46e38df,2026-09-29 11:22 UTC,BNBUSDT,ideas\036_keltner_multiday.json,036_keltner_multiday,"Idea 032 put a Keltner break on a 12h hold with an htf_trend filter, and produced Round 4's largest TRAIN gross - and was DRIFT, which is the pattern of the whole round: a real move at a horizon where cost eats it, or a filter that makes a both-sided idea long. This idea removes both problems at once. The channel is a volatility band, so it widens when price has been moving and narrows when it has not, and its break therefore means price has left a band whose width is itself a measure of movement. Held for days with a 6% stop, the gross move it captures is several times the 0.11% cost line, and with no directional filter at all it cannot be a disguised long. The pairs gridded are the two that survive constraint 5: `mult` is fixed at 2.0 because (n 20, mult 3.0) produced only 62 TRAIN signals and was dropped before running.",recipe,240,4,4,1.0,"{""atr_n"": 14, ""cooldown_bars"": 6, ""direction"": ""both"", ""filters"": [], ""max_hold_hours"": 96, ""stop"": {""max_atr"": 8.0, ""min_atr"": 1.5, ""pct"": 0.06, ""type"": ""pct""}, ""tp"": {""type"": ""none""}, ""trail_at"": 2.0, ""trail_atr"": 3.0, ""triggers"": [{""mult"": 2.0, ""n"": 50, ""type"": ""keltner_break""}]}","{""entry_fill_ratio"": 1.0, ""entry_mode"": ""post_only"", ""entry_offset_atr"": 0.1}",151,0.1287627277864729,0.1566321580475585,0.0278694302610855,0.1066975445697673,0,103,-0.1189637722751074,-0.28952540117852,0.0710973044170805,0.104,-0.1051233492171735,0.0138404230579339,0.3786407766990291,0.7058888009387274,-0.0608224263172172,0.1227076398018496,80.19417475728156,58,45,0.3398058252427184,0.0,0.6504854368932039,0.8879310344827587,0,"{""2023"": [-0.1742, 51], ""2024"": [-0.0648, 52]}",-0.1265255876674927,REJECT,valid_mean_r>0;valid_ci_lo>0;stress_mean_r>0,,native,recipe|240m|keltner_break|-|both,,2020-03|2023-01|2025-01|2026-08
4cb157a29f,2026-09-29 11:22 UTC,BNBUSDT,ideas\038_opening_range_both_sides.json,038_opening_range_both_sides,"A bug correction, not a new hypothesis. R4.2's 00:00 UTC opening-range break returned a (long, short) tuple where every trigger returns one signed array, so `recipe()` read 'either side fired' as LONG and the whole of Exp 022 ran long-only: 798 long trades and 0 short. Its control verdicts (DRIFT, NO_EDGE) stand and the round's conclusion is unchanged, but the structure itself was never actually tested on both sides, and it was the only Round 4 structure whose gross move exceeded the 0.11% cost line (+0.141% of price at 4h). The 00:00 print resets positioning once a day - brackets are rebuilt around it - so its first hour is a level with order flow behind it, and a close outside it is the first moment those brackets are all on the wrong side. This re-test adds what Round 4 did not have: a 6% stop and a 96h hold, so the gross move is measured against a cost of 0.043 R rather than 0.15 R.",recipe,240,4,4,0.5,"{""atr_n"": 14, ""cooldown_bars"": 6, ""direction"": ""both"", ""filters"": [], ""max_hold_hours"": 96, ""stop"": {""max_atr"": 8.0, ""min_atr"": 1.5, ""pct"": 0.06, ""type"": ""pct""}, ""tp"": {""type"": ""none""}, ""trail_at"": 2.0, ""trail_atr"": 3.0, ""triggers"": [{""hour"": 0, ""mins"": 60, ""type"": ""opening_range""}]}","{""entry_fill_ratio"": 1.0, ""entry_mode"": ""post_only"", ""entry_offset_atr"": 0.1}",254,0.0191946721384319,0.042879855941581,0.023685183803149,0.2208428629915293,0,162,-0.0104567304552228,-0.1420328225342247,0.1304535023959754,0.4419,0.0061276354387503,0.0165843658939731,0.4506172839506173,0.9560650106101086,-0.0118617839180479,0.1310716879452615,83.48148148148148,90,72,0.2839506172839506,0.0,0.7160493827160493,0.8901098901098901,0,"{""2023"": [-0.1297, 78], ""2024"": [0.1003, 84]}",-0.0179963059269027,REJECT,valid_mean_r>0;valid_ci_lo>0;stress_mean_r>0,,native,recipe|240m|opening_range|-|both,,2020-03|2023-01|2025-01|2026-08
2abb7a4a51,2026-09-29 11:22 UTC,BNBUSDT,ideas\039_breakout_flow_confirm.json,039_breakout_flow_confirm,"A breakout is only new positioning if aggressive traders keep paying for it. A close through the n-bar high on above-average volume says many participants moved; the taker buy ratio says which side paid to move it. When both agree, the move is buyers arriving and the sellers who were defending the level are the ones who have to cover, and covering is a forced, price-insensitive order over the next days. The other side is resting liquidity and short-term faders, who are the liquidity this trade takes. A breakout without that flow is a different animal: it is a stop run through a thin book, it fills the breakout traders rather than the breakout traders' targets, and it reverses. That is why these are one idea and not two filters - flow without participation is a single trader getting filled, and participation without directional flow is a market-wide move nobody is fighting. Both directions, no trend filter, held for days.",recipe,240,4,0,,"{""atr_n"": 14, ""cooldown_bars"": 0, ""direction"": ""both"", ""filters"": [{""n"": 6, ""thresh"": 0.5, ""type"": ""taker_flow""}, {""k"": 1.2, ""n"": 30, ""type"": ""volume_spike""}], ""max_hold_hours"": 96, ""stop"": {""max_atr"": 8.0, ""min_atr"": 1.5, ""pct"": 0.06, ""type"": ""pct""}, ""tp"": {""type"": ""none""}, ""trail_at"": 2.0, ""trail_atr"": 3.0, ""triggers"": [{""n"": 20, ""type"": ""donchian_break""}]}","{""entry_fill_ratio"": 1.0, ""entry_mode"": ""post_only"", ""entry_offset_atr"": 0.1}",97,0.0477534099764811,0.0667712135997026,0.0190178036232214,0.0921083097760209,0,81,-0.1673167695166854,-0.3314433681434444,0.0076581756178179,0.0315,-0.1525510281387711,0.0147657413779142,0.3580246913580246,0.5914844600532849,-0.066392308687134,0.1584440196416411,81.38271604938272,34,47,0.3086419753086419,0.0,0.691358024691358,0.9101123595505618,0,"{""2023"": [-0.1745, 42], ""2024"": [-0.1596, 39]}",-0.1748355171421107,INCONCLUSIVE,valid_trades>=100;valid_mean_r>0;valid_ci_lo>0;stress_mean_r>0,,native,recipe|240m|donchian_break|taker_flow+volume_spike|both,,2020-03|2023-01|2025-01|2026-08
f1cc40d2a1,2026-09-29 11:22 UTC,BNBUSDT,ideas\041_impulse_not_crowded.json,041_impulse_not_crowded,"Momentum works until it is crowded, and funding is the only place you can see the crowding before you join it. A strong multi-bar impulse on real volume is a real move, but if funding is already stretched in the impulse's own direction then the leveraged money that pushed it is already there, and the trade's counterparty is not faders who will cover - it is the same leveraged cohort that will be liquidated the moment the move pauses, which is what makes the late joiner the exit liquidity. So this takes the impulse only when funding says the crowd is not on that side, plus volume to confirm participation. Funding is used as a signal here and never as a return: the engine still pays and receives it as a cost on every trade (Exp 026 put carry strategies out of scope). The kill condition has two halves on purpose: a result carried entirely by one side is the drift this project has spent five rounds separating from an edge.",recipe,240,4,4,1.0,"{""atr_n"": 14, ""cooldown_bars"": 0, ""direction"": ""both"", ""filters"": [{""thresh"": 0.0002, ""type"": ""funding_not_crowded""}, {""k"": 1.5, ""n"": 30, ""type"": ""volume_spike""}], ""max_hold_hours"": 96, ""stop"": {""max_atr"": 8.0, ""min_atr"": 1.5, ""pct"": 0.06, ""type"": ""pct""}, ""tp"": {""type"": ""none""}, ""trail_at"": 2.0, ""trail_atr"": 3.0, ""triggers"": [{""atr_k"": 1.5, ""n"": 6, ""type"": ""momentum""}]}","{""entry_fill_ratio"": 1.0, ""entry_mode"": ""post_only"", ""entry_offset_atr"": 0.1}",107,0.1734001464571307,0.1927483830866015,0.0193482366294708,0.0764051992906759,0,91,-0.1289231871252575,-0.286191723111509,0.0369412484550443,0.0606,-0.1183459548826576,0.0105772322425999,0.3846153846153846,0.6719947258445262,-0.0572248981156,0.1352614374228791,81.75824175824177,48,43,0.2857142857142857,0.0,0.7032967032967034,0.9191919191919192,0,"{""2023"": [-0.21, 51], ""2024"": [-0.0255, 40]}",-0.136484356398088,REJECT,valid_trades>=100;valid_mean_r>0;valid_ci_lo>0;stress_mean_r>0,,native,recipe|240m|momentum|funding_not_crowded+volume_spike|both,,2020-03|2023-01|2025-01|2026-08
1b3e21d91d,2026-09-29 11:22 UTC,BNBUSDT,ideas\043_squeeze_multiday_break.json,043_squeeze_multiday_break,"Volatility clusters, and the mechanism for that is positions: in a quiet range, leverage is cheap and positions accumulate against a range that is not moving, so when something pushes price out of the range those positions all have to be closed at once and the move that follows is larger than the move that started it. A Bollinger squeeze is the observable version of that quiet range and a Donchian break is the observable version of the push, so the combination is a claim about mechanism rather than a stricter version of either block. The earlier test of this pair in this project (004, 013) had a trend filter and 12 h holds, which means it never tested the break at all - it tested the filter. This one has neither, and holds for days, which is the horizon over which a volatility expansion actually pays. `volume_spike` is left out on purpose: with it, n 20 gives only 103-122 TRAIN signals.",recipe,240,4,3,1.0,"{""atr_n"": 14, ""cooldown_bars"": 0, ""direction"": ""both"", ""filters"": [{""lookback"": 180, ""n"": 20, ""q"": 0.2, ""type"": ""squeeze""}], ""max_hold_hours"": 48, ""stop"": {""max_atr"": 8.0, ""min_atr"": 1.5, ""pct"": 0.06, ""type"": ""pct""}, ""tp"": {""type"": ""none""}, ""trail_at"": 2.0, ""trail_atr"": 3.0, ""triggers"": [{""n"": 20, ""type"": ""donchian_break""}]}","{""entry_fill_ratio"": 1.0, ""entry_mode"": ""post_only"", ""entry_offset_atr"": 0.1}",108,0.1088377370401659,0.1364275480081948,0.0275898109680288,0.0811969372308528,0,62,-0.0853091789380834,-0.1949976610876064,0.028581609360554,0.0715,-0.0679880877328159,0.0173210912052675,0.3870967741935484,0.6225045135089629,-0.0261947476033558,0.0607526341738354,46.96774193548387,35,27,0.0806451612903225,0.0,0.9193548387096774,0.8857142857142857,0,"{""2023"": [-0.0878, 35], ""2024"": [-0.0821, 27]}",-0.092846878162441,REJECT,valid_trades>=100;valid_mean_r>0;valid_ci_lo>0;stress_mean_r>0,,native,recipe|240m|donchian_break|squeeze|both,,2020-03|2023-01|2025-01|2026-08
4c05b0c805,2026-09-29 11:22 UTC,BNBUSDT,ideas\034_multiday_reversal_tf60_time.json,034_multiday_reversal_tf60_time,"Over five to ten days a 2-sigma move is not information, it is a position: the move is long enough that trend followers have added to it and leveraged accounts have been funded into it, and both need out at the same time. The counterparty is therefore not a view but a margin call, and margin calls unwind on the timeframe of days, not hours - which is why this was never visible at the 12h horizons where mean reversion was tested and rejected. The edge, if there is one, is that a stretched move overshoots because forced selling does not stop at a fair price, and part of the overshoot is handed back as the forced sellers become the buyers. This is the one reversion idea the project has not closed, and the difference from Exp 016's is the horizon, not the signal. [Timeframe variant of 034_multiday_reversal, 240m -> 60m, mode time: bar counts x4, ATR multiples x2.000, same hours and % stops.]",recipe,60,4,4,0.0,"{""atr_n"": 56, ""cooldown_bars"": 24, ""direction"": ""both"", ""filters"": [], ""max_hold_hours"": 96, ""stop"": {""max_atr"": 16.0, ""min_atr"": 3.0, ""pct"": 0.06, ""type"": ""pct""}, ""tp"": {""type"": ""none""}, ""trail_at"": 2.0, ""trail_atr"": 6.0, ""triggers"": [{""n"": 120, ""type"": ""zscore_revert"", ""z"": 2.0}]}","{""entry_fill_ratio"": 1.0, ""entry_mode"": ""post_only"", ""entry_offset_atr"": 0.2}",177,-0.0394840648302439,-0.0291815915847497,0.0103024732454942,0.1769937435496443,0,121,-0.1084250554730975,-0.2546477830982508,0.0386376803460972,0.0744,-0.086762466415016,0.0216625890580814,0.4462809917355372,0.7194777835498996,-0.064468659006759,0.1869078877943392,77.68595041322314,52,69,0.3471074380165289,0.0,0.6528925619834711,0.7469135802469136,0,"{""2023"": [-0.1556, 58], ""2024"": [-0.065, 63]}",-0.1160122920570567,REJECT,train_mean_r>0;valid_mean_r>0;valid_ci_lo>0;stress_mean_r>0,,native,recipe|60m|zscore_revert|-|both,,2020-03|2023-01|2025-01|2026-08
54ed6a93e2,2026-09-29 11:22 UTC,BNBUSDT,ideas\035_multiday_momentum_tf60_time.json,035_multiday_momentum_tf60_time,"A five to twenty day high or low is where trend-following funds add risk, because their mandate is to hold the extreme rather than to forecast it. That is a structural reason for the move to continue rather than reverse: the buyers of a new high are institutions with a rule that says buy, not people with a view. The reason to test it both-sided with no directional filter is that this effect should not care about the sign of the market - it continued down through 2022 and up through 2023-24, and a rule that only works in the bull market is the drift this project has spent four rounds trying to separate from an edge. The kill condition is deliberately two-sided: it dies if TRAIN gross_r <= 0, and it also dies if the whole result is one side in the period where that side matches the drift. [Timeframe variant of 035_multiday_momentum, 240m -> 60m, mode time: bar counts x4, ATR multiples x2.000, same hours and % stops.]",recipe,60,4,3,1.0,"{""atr_n"": 56, ""cooldown_bars"": 24, ""direction"": ""both"", ""filters"": [], ""max_hold_hours"": 72, ""stop"": {""max_atr"": 16.0, ""min_atr"": 3.0, ""pct"": 0.06, ""type"": ""pct""}, ""tp"": {""type"": ""none""}, ""trail_at"": 2.0, ""trail_atr"": 6.0, ""triggers"": [{""n"": 240, ""type"": ""donchian_break""}]}","{""entry_fill_ratio"": 1.0, ""entry_mode"": ""post_only"", ""entry_offset_atr"": 0.2}",113,0.2930570240559204,0.3337655831885123,0.0407085591325919,0.0918963043947002,0,70,0.1961061128867768,-0.0103144148052949,0.4172257353440785,0.9662,0.2132121493648099,0.017106036478033,0.5428571428571428,1.7789646721663672,0.0683771997935225,0.0469062198183258,65.38571428571429,42,28,0.2,0.0,0.8,0.8860759493670886,0,"{""2023"": [0.1007, 35], ""2024"": [0.2916, 35]}",0.1884715278401167,WATCH,valid_trades>=100;valid_ci_lo>0,,native,recipe|60m|donchian_break|-|both,,2020-03|2023-01|2025-01|2026-08
8f6a4c9330,2026-09-29 11:22 UTC,BNBUSDT,ideas\036_keltner_multiday_tf60_time.json,036_keltner_multiday_tf60_time,"Idea 032 put a Keltner break on a 12h hold with an htf_trend filter, and produced Round 4's largest TRAIN gross - and was DRIFT, which is the pattern of the whole round: a real move at a horizon where cost eats it, or a filter that makes a both-sided idea long. This idea removes both problems at once. The channel is a volatility band, so it widens when price has been moving and narrows when it has not, and its break therefore means price has left a band whose width is itself a measure of movement. Held for days with a 6% stop, the gross move it captures is several times the 0.11% cost line, and with no directional filter at all it cannot be a disguised long. The pairs gridded are the two that survive constraint 5: `mult` is fixed at 2.0 because (n 20, mult 3.0) produced only 62 TRAIN signals and was dropped before running. [Timeframe variant of 036_keltner_multiday, 240m -> 60m, mode time: bar counts x4, ATR multiples x2.000, same hours and % stops.]",recipe,60,4,4,1.0,"{""atr_n"": 56, ""cooldown_bars"": 24, ""direction"": ""both"", ""filters"": [], ""max_hold_hours"": 96, ""stop"": {""max_atr"": 16.0, ""min_atr"": 3.0, ""pct"": 0.06, ""type"": ""pct""}, ""tp"": {""type"": ""none""}, ""trail_at"": 2.0, ""trail_atr"": 6.0, ""triggers"": [{""mult"": 2.0, ""n"": 80, ""type"": ""keltner_break""}]}","{""entry_fill_ratio"": 1.0, ""entry_mode"": ""post_only"", ""entry_offset_atr"": 0.2}",216,0.09860881518907,0.1263116279405785,0.0277028127515084,0.1644156828332443,0,143,-0.0267725750890961,-0.1660775357999124,0.1239721289005343,0.3567,-0.0097458306351484,0.0170267444539477,0.4405594405594406,0.9131457593173958,-0.0218726491163179,0.1319398277083717,81.44055944055944,84,59,0.2797202797202797,0.0,0.7132867132867133,0.7771739130434783,0,"{""2023"": [-0.1142, 68], ""2024"": [0.0525, 75]}",-0.0343103562861139,REJECT,valid_mean_r>0;valid_ci_lo>0;stress_mean_r>0,,native,recipe|60m|keltner_break|-|both,,2020-03|2023-01|2025-01|2026-08
6335e3f934,2026-09-29 11:22 UTC,BNBUSDT,ideas\038_opening_range_both_sides_tf60_time.json,038_opening_range_both_sides_tf60_time,"A bug correction, not a new hypothesis. R4.2's 00:00 UTC opening-range break returned a (long, short) tuple where every trigger returns one signed array, so `recipe()` read 'either side fired' as LONG and the whole of Exp 022 ran long-only: 798 long trades and 0 short. Its control verdicts (DRIFT, NO_EDGE) stand and the round's conclusion is unchanged, but the structure itself was never actually tested on both sides, and it was the only Round 4 structure whose gross move exceeded the 0.11% cost line (+0.141% of price at 4h). The 00:00 print resets positioning once a day - brackets are rebuilt around it - so its first hour is a level with order flow behind it, and a close outside it is the first moment those brackets are all on the wrong side. This re-test adds what Round 4 did not have: a 6% stop and a 96h hold, so the gross move is measured against a cost of 0.043 R rather than 0.15 R. [Timeframe variant of 038_opening_range_both_sides, 240m -> 60m, mode time: bar counts x4, ATR multiples x2.000, same hours and % stops.]",recipe,60,4,4,1.0,"{""atr_n"": 56, ""cooldown_bars"": 24, ""direction"": ""both"", ""filters"": [], ""max_hold_hours"": 48, ""stop"": {""max_atr"": 16.0, ""min_atr"": 3.0, ""pct"": 0.06, ""type"": ""pct""}, ""tp"": {""type"": ""none""}, ""trail_at"": 2.0, ""trail_atr"": 6.0, ""triggers"": [{""hour"": 0, ""mins"": 60, ""type"": ""opening_range""}]}","{""entry_fill_ratio"": 1.0, ""entry_mode"": ""post_only"", ""entry_offset_atr"": 0.2}",368,0.0303630466776877,0.0516842423287576,0.0213211956510698,0.205130053001034,0,235,-0.0344506929537707,-0.1103320158844923,0.0396552925234922,0.1834,-0.0148836271563777,0.0195670657973929,0.4553191489361702,0.8467800622618163,-0.0411351237388872,0.1230257575071455,45.46808510638298,113,122,0.1191489361702127,0.0,0.8765957446808511,0.6952662721893491,0,"{""2023"": [-0.0563, 116], ""2024"": [-0.0132, 119]}",-0.0420158813935679,REJECT,valid_mean_r>0;valid_ci_lo>0;stress_mean_r>0,,native,recipe|60m|opening_range|-|both,,2020-03|2023-01|2025-01|2026-08
6ea7931917,2026-09-29 11:22 UTC,BNBUSDT,ideas\039_breakout_flow_confirm_tf60_time.json,039_breakout_flow_confirm_tf60_time,"A breakout is only new positioning if aggressive traders keep paying for it. A close through the n-bar high on above-average volume says many participants moved; the taker buy ratio says which side paid to move it. When both agree, the move is buyers arriving and the sellers who were defending the level are the ones who have to cover, and covering is a forced, price-insensitive order over the next days. The other side is resting liquidity and short-term faders, who are the liquidity this trade takes. A breakout without that flow is a different animal: it is a stop run through a thin book, it fills the breakout traders rather than the breakout traders' targets, and it reverses. That is why these are one idea and not two filters - flow without participation is a single trader getting filled, and participation without directional flow is a market-wide move nobody is fighting. Both directions, no trend filter, held for days. [Timeframe variant of 039_breakout_flow_confirm, 240m -> 60m, mode time: bar counts x4, ATR multiples x2.000, same hours and % stops.]",recipe,60,4,4,0.25,"{""atr_n"": 56, ""cooldown_bars"": 1, ""direction"": ""both"", ""filters"": [{""n"": 24, ""thresh"": 0.5, ""type"": ""taker_flow""}, {""k"": 1.5, ""n"": 120, ""type"": ""volume_spike""}], ""max_hold_hours"": 96, ""stop"": {""max_atr"": 16.0, ""min_atr"": 3.0, ""pct"": 0.06, ""type"": ""pct""}, ""tp"": {""type"": ""none""}, ""trail_at"": 2.0, ""trail_atr"": 6.0, ""triggers"": [{""n"": 80, ""type"": ""donchian_break""}]}","{""entry_fill_ratio"": 1.0, ""entry_mode"": ""post_only"", ""entry_offset_atr"": 0.2}",134,0.0093799318874933,0.0270399872209694,0.017660055333476,0.1249601327606662,0,93,-0.0499663031076069,-0.230974968852638,0.1404382961314938,0.2962,-0.032815632075482,0.0171506710321248,0.3978494623655914,0.8627006129389109,-0.0239105486784223,0.0862877032287045,82.13978494623656,33,60,0.2903225806451613,0.0,0.7096774193548387,0.7948717948717948,0,"{""2023"": [-0.0667, 50], ""2024"": [-0.0305, 43]}",-0.0575754587900725,REJECT,valid_trades>=100;valid_mean_r>0;valid_ci_lo>0;stress_mean_r>0,,native,recipe|60m|donchian_break|taker_flow+volume_spike|both,,2020-03|2023-01|2025-01|2026-08
ffb9ab4e40,2026-09-29 11:22 UTC,BNBUSDT,ideas\041_impulse_not_crowded_tf60_time.json,041_impulse_not_crowded_tf60_time,"Momentum works until it is crowded, and funding is the only place you can see the crowding before you join it. A strong multi-bar impulse on real volume is a real move, but if funding is already stretched in the impulse's own direction then the leveraged money that pushed it is already there, and the trade's counterparty is not faders who will cover - it is the same leveraged cohort that will be liquidated the moment the move pauses, which is what makes the late joiner the exit liquidity. So this takes the impulse only when funding says the crowd is not on that side, plus volume to confirm participation. Funding is used as a signal here and never as a return: the engine still pays and receives it as a cost on every trade (Exp 026 put carry strategies out of scope). The kill condition has two halves on purpose: a result carried entirely by one side is the drift this project has spent five rounds separating from an edge. [Timeframe variant of 041_impulse_not_crowded, 240m -> 60m, mode time: bar counts x4, ATR multiples x2.000, same hours and % stops.]",recipe,60,4,4,1.0,"{""atr_n"": 56, ""cooldown_bars"": 1, ""direction"": ""both"", ""filters"": [{""thresh"": 0.0003, ""type"": ""funding_not_crowded""}, {""k"": 1.5, ""n"": 120, ""type"": ""volume_spike""}], ""max_hold_hours"": 96, ""stop"": {""max_atr"": 16.0, ""min_atr"": 3.0, ""pct"": 0.06, ""type"": ""pct""}, ""tp"": {""type"": ""none""}, ""trail_at"": 2.0, ""trail_atr"": 6.0, ""triggers"": [{""atr_k"": 3.0, ""n"": 24, ""type"": ""momentum""}]}","{""entry_fill_ratio"": 1.0, ""entry_mode"": ""post_only"", ""entry_offset_atr"": 0.2}",149,0.1235044276517587,0.1397123501053846,0.0162079224536258,0.1283012279452033,0,111,-0.0611520318583991,-0.2226281163716598,0.1113428393727368,0.2328,-0.0474044951420791,0.0137475367163199,0.3963963963963964,0.8356613072239499,-0.0349059027453443,0.127460959808387,80.90990990990991,56,55,0.2882882882882883,0.0,0.7027027027027027,0.8161764705882353,0,"{""2023"": [0.0115, 58], ""2024"": [-0.1406, 53]}",-0.068764285554956,REJECT,valid_mean_r>0;valid_ci_lo>0;stress_mean_r>0,,native,recipe|60m|momentum|funding_not_crowded+volume_spike|both,,2020-03|2023-01|2025-01|2026-08
6799fcee83,2026-09-29 11:22 UTC,BNBUSDT,ideas\043_squeeze_multiday_break_tf60_time.json,043_squeeze_multiday_break_tf60_time,"Volatility clusters, and the mechanism for that is positions: in a quiet range, leverage is cheap and positions accumulate against a range that is not moving, so when something pushes price out of the range those positions all have to be closed at once and the move that follows is larger than the move that started it. A Bollinger squeeze is the observable version of that quiet range and a Donchian break is the observable version of the push, so the combination is a claim about mechanism rather than a stricter version of either block. The earlier test of this pair in this project (004, 013) had a trend filter and 12 h holds, which means it never tested the break at all - it tested the filter. This one has neither, and holds for days, which is the horizon over which a volatility expansion actually pays. `volume_spike` is left out on purpose: with it, n 20 gives only 103-122 TRAIN signals. [Timeframe variant of 043_squeeze_multiday_break, 240m -> 60m, mode time: bar counts x4, ATR multiples x2.000, same hours and % stops.]",recipe,60,4,4,1.0,"{""atr_n"": 56, ""cooldown_bars"": 1, ""direction"": ""both"", ""filters"": [{""lookback"": 720, ""n"": 80, ""q"": 0.2, ""type"": ""squeeze""}], ""max_hold_hours"": 48, ""stop"": {""max_atr"": 16.0, ""min_atr"": 3.0, ""pct"": 0.06, ""type"": ""pct""}, ""tp"": {""type"": ""none""}, ""trail_at"": 2.0, ""trail_atr"": 6.0, ""triggers"": [{""n"": 80, ""type"": ""donchian_break""}]}","{""entry_fill_ratio"": 1.0, ""entry_mode"": ""post_only"", ""entry_offset_atr"": 0.2}",118,0.0471108928760736,0.073490357752069,0.0263794648759953,0.0906384828930815,0,65,-0.1037582262535648,-0.2340102211208942,0.0258466868385527,0.0578,-0.0849495829086716,0.0188086433448931,0.3692307692307692,0.6167093091501493,-0.0329621629266611,0.067801824839172,46.75384615384616,35,30,0.0923076923076923,0.0,0.9076923076923076,0.7831325301204819,0,"{""2023"": [-0.0681, 30], ""2024"": [-0.1343, 35]}",-0.1113748774804468,REJECT,valid_trades>=100;valid_mean_r>0;valid_ci_lo>0;stress_mean_r>0,,native,recipe|60m|donchian_break|squeeze|both,,2020-03|2023-01|2025-01|2026-08
ae96507b78,2026-09-29 11:22 UTC,BNBUSDT,ideas\034_multiday_reversal_tf30_time.json,034_multiday_reversal_tf30_time,"Over five to ten days a 2-sigma move is not information, it is a position: the move is long enough that trend followers have added to it and leveraged accounts have been funded into it, and both need out at the same time. The counterparty is therefore not a view but a margin call, and margin calls unwind on the timeframe of days, not hours - which is why this was never visible at the 12h horizons where mean reversion was tested and rejected. The edge, if there is one, is that a stretched move overshoots because forced selling does not stop at a fair price, and part of the overshoot is handed back as the forced sellers become the buyers. This is the one reversion idea the project has not closed, and the difference from Exp 016's is the horizon, not the signal. [Timeframe variant of 034_multiday_reversal, 240m -> 30m, mode time: bar counts x8, ATR multiples x2.828, same hours and % stops.]",recipe,30,4,4,0.25,"{""atr_n"": 112, ""cooldown_bars"": 48, ""direction"": ""both"", ""filters"": [], ""max_hold_hours"": 96, ""stop"": {""max_atr"": 22.627, ""min_atr"": 4.243, ""pct"": 0.06, ""type"": ""pct""}, ""tp"": {""type"": ""none""}, ""trail_at"": 2.0, ""trail_atr"": 8.485, ""triggers"": [{""n"": 240, ""type"": ""zscore_revert"", ""z"": 2.0}]}","{""entry_fill_ratio"": 1.0, ""entry_mode"": ""post_only"", ""entry_offset_atr"": 0.283}",174,0.0137643462081482,0.0224898517621844,0.0087255055540361,0.1843317371433515,0,114,-0.1515752108412285,-0.3034564260407394,-0.0006323825451429,0.0246,-0.1368997669938257,0.0146754438474027,0.4298245614035088,0.6331869546344643,-0.0835538309271846,0.1926598424843411,76.19736842105263,52,62,0.3596491228070175,0.0,0.6403508771929824,0.6867469879518072,0,"{""2023"": [-0.1649, 55], ""2024"": [-0.1391, 59]}",-0.1591597306694933,REJECT,valid_mean_r>0;valid_ci_lo>0;stress_mean_r>0,,native,recipe|30m|zscore_revert|-|both,,2020-03|2023-01|2025-01|2026-08
dbb14a3972,2026-09-29 11:22 UTC,BNBUSDT,ideas\035_multiday_momentum_tf30_time.json,035_multiday_momentum_tf30_time,"A five to twenty day high or low is where trend-following funds add risk, because their mandate is to hold the extreme rather than to forecast it. That is a structural reason for the move to continue rather than reverse: the buyers of a new high are institutions with a rule that says buy, not people with a view. The reason to test it both-sided with no directional filter is that this effect should not care about the sign of the market - it continued down through 2022 and up through 2023-24, and a rule that only works in the bull market is the drift this project has spent four rounds trying to separate from an edge. The kill condition is deliberately two-sided: it dies if TRAIN gross_r <= 0, and it also dies if the whole result is one side in the period where that side matches the drift. [Timeframe variant of 035_multiday_momentum, 240m -> 30m, mode time: bar counts x8, ATR multiples x2.828, same hours and % stops.]",recipe,30,4,4,1.0,"{""atr_n"": 112, ""cooldown_bars"": 48, ""direction"": ""both"", ""filters"": [], ""max_hold_hours"": 120, ""stop"": {""max_atr"": 22.627, ""min_atr"": 4.243, ""pct"": 0.06, ""type"": ""pct""}, ""tp"": {""type"": ""none""}, ""trail_at"": 2.0, ""trail_atr"": 8.485, ""triggers"": [{""n"": 480, ""type"": ""donchian_break""}]}","{""entry_fill_ratio"": 1.0, ""entry_mode"": ""post_only"", ""entry_offset_atr"": 0.283}",110,0.2488156241600234,0.2896437792464201,0.0408281550863967,0.1255708126579034,0,65,0.0632541504606291,-0.1868909029790609,0.3298099658485406,0.6731,0.0846466783766749,0.0213925279160458,0.4307692307692308,1.1411682962457257,0.0188596608911297,0.0648487701140116,94.6076923076923,34,31,0.3692307692307692,0.0,0.6153846153846154,0.8024691358024691,0,"{""2023"": [0.0593, 31], ""2024"": [0.0669, 34]}",0.0556004800555749,WATCH,valid_trades>=100;valid_ci_lo>0,,native,recipe|30m|donchian_break|-|both,,2020-03|2023-01|2025-01|2026-08
0a9e18d4f4,2026-09-29 11:22 UTC,BNBUSDT,ideas\036_keltner_multiday_tf30_time.json,036_keltner_multiday_tf30_time,"Idea 032 put a Keltner break on a 12h hold with an htf_trend filter, and produced Round 4's largest TRAIN gross - and was DRIFT, which is the pattern of the whole round: a real move at a horizon where cost eats it, or a filter that makes a both-sided idea long. This idea removes both problems at once. The channel is a volatility band, so it widens when price has been moving and narrows when it has not, and its break therefore means price has left a band whose width is itself a measure of movement. Held for days with a 6% stop, the gross move it captures is several times the 0.11% cost line, and with no directional filter at all it cannot be a disguised long. The pairs gridded are the two that survive constraint 5: `mult` is fixed at 2.0 because (n 20, mult 3.0) produced only 62 TRAIN signals and was dropped before running. [Timeframe variant of 036_keltner_multiday, 240m -> 30m, mode time: bar counts x8, ATR multiples x2.828, same hours and % stops.]",recipe,30,4,4,1.0,"{""atr_n"": 112, ""cooldown_bars"": 48, ""direction"": ""both"", ""filters"": [], ""max_hold_hours"": 96, ""stop"": {""max_atr"": 22.627, ""min_atr"": 4.243, ""pct"": 0.06, ""type"": ""pct""}, ""tp"": {""type"": ""none""}, ""trail_at"": 2.0, ""trail_atr"": 8.485, ""triggers"": [{""mult"": 2.0, ""n"": 160, ""type"": ""keltner_break""}]}","{""entry_fill_ratio"": 1.0, ""entry_mode"": ""post_only"", ""entry_offset_atr"": 0.283}",215,0.0739394065531531,0.1020923579760051,0.0281529514228518,0.125419619579725,0,132,-0.0366936834641401,-0.1620312009025384,0.0943441402138263,0.2977,-0.0193185166267954,0.0173751668373446,0.4696969696969697,0.8750221807248219,-0.0255773842943037,0.0831196924094389,83.3030303030303,72,60,0.2651515151515151,0.0,0.7348484848484849,0.6376811594202898,0,"{""2023"": [-0.0361, 62], ""2024"": [-0.0372, 70]}",-0.0442657157309048,REJECT,valid_mean_r>0;valid_ci_lo>0;stress_mean_r>0,,native,recipe|30m|keltner_break|-|both,,2020-03|2023-01|2025-01|2026-08
a3a900909e,2026-09-29 11:22 UTC,BNBUSDT,ideas\038_opening_range_both_sides_tf30_time.json,038_opening_range_both_sides_tf30_time,"A bug correction, not a new hypothesis. R4.2's 00:00 UTC opening-range break returned a (long, short) tuple where every trigger returns one signed array, so `recipe()` read 'either side fired' as LONG and the whole of Exp 022 ran long-only: 798 long trades and 0 short. Its control verdicts (DRIFT, NO_EDGE) stand and the round's conclusion is unchanged, but the structure itself was never actually tested on both sides, and it was the only Round 4 structure whose gross move exceeded the 0.11% cost line (+0.141% of price at 4h). The 00:00 print resets positioning once a day - brackets are rebuilt around it - so its first hour is a level with order flow behind it, and a close outside it is the first moment those brackets are all on the wrong side. This re-test adds what Round 4 did not have: a 6% stop and a 96h hold, so the gross move is measured against a cost of 0.043 R rather than 0.15 R. [Timeframe variant of 038_opening_range_both_sides, 240m -> 30m, mode time: bar counts x8, ATR multiples x2.828, same hours and % stops.]",recipe,30,4,4,0.0,"{""atr_n"": 112, ""cooldown_bars"": 48, ""direction"": ""both"", ""filters"": [], ""max_hold_hours"": 48, ""stop"": {""max_atr"": 22.627, ""min_atr"": 4.243, ""pct"": 0.06, ""type"": ""pct""}, ""tp"": {""type"": ""none""}, ""trail_at"": 2.0, ""trail_atr"": 8.485, ""triggers"": [{""hour"": 0, ""mins"": 60, ""type"": ""opening_range""}]}","{""entry_fill_ratio"": 1.0, ""entry_mode"": ""post_only"", ""entry_offset_atr"": 0.283}",355,-0.0713013041342497,-0.0541524940640586,0.0171488100701911,0.3227860977711454,0,232,-0.0922251853194952,-0.1674876172628191,-0.0175188252094239,0.0076,-0.0745936243461699,0.0176315609733253,0.4439655172413793,0.636642636546622,-0.1020443118684131,0.1960987188579598,44.456896551724135,117,115,0.146551724137931,0.0,0.8491379310344828,0.6408839779005525,0,"{""2023"": [-0.141, 114], ""2024"": [-0.0451, 118]}",-0.0998197026463444,REJECT,train_mean_r>0;valid_mean_r>0;valid_ci_lo>0;stress_mean_r>0,,native,recipe|30m|opening_range|-|both,,2020-03|2023-01|2025-01|2026-08
c1ef38dddf,2026-09-29 11:23 UTC,BNBUSDT,ideas\039_breakout_flow_confirm_tf30_time.json,039_breakout_flow_confirm_tf30_time,"A breakout is only new positioning if aggressive traders keep paying for it. A close through the n-bar high on above-average volume says many participants moved; the taker buy ratio says which side paid to move it. When both agree, the move is buyers arriving and the sellers who were defending the level are the ones who have to cover, and covering is a forced, price-insensitive order over the next days. The other side is resting liquidity and short-term faders, who are the liquidity this trade takes. A breakout without that flow is a different animal: it is a stop run through a thin book, it fills the breakout traders rather than the breakout traders' targets, and it reverses. That is why these are one idea and not two filters - flow without participation is a single trader getting filled, and participation without directional flow is a market-wide move nobody is fighting. Both directions, no trend filter, held for days. [Timeframe variant of 039_breakout_flow_confirm, 240m -> 30m, mode time: bar counts x8, ATR multiples x2.828, same hours and % stops.]",recipe,30,4,4,0.5,"{""atr_n"": 112, ""cooldown_bars"": 1, ""direction"": ""both"", ""filters"": [{""n"": 48, ""thresh"": 0.5, ""type"": ""taker_flow""}, {""k"": 1.2, ""n"": 240, ""type"": ""volume_spike""}], ""max_hold_hours"": 96, ""stop"": {""max_atr"": 22.627, ""min_atr"": 4.243, ""pct"": 0.06, ""type"": ""pct""}, ""tp"": {""type"": ""none""}, ""trail_at"": 2.0, ""trail_atr"": 8.485, ""triggers"": [{""n"": 160, ""type"": ""donchian_break""}]}","{""entry_fill_ratio"": 1.0, ""entry_mode"": ""post_only"", ""entry_offset_atr"": 0.283}",141,0.0288249376980052,0.0433220033605577,0.0144970656625524,0.154811628815222,0,103,-0.0055440274193054,-0.1850503049918813,0.191372578151628,0.4686,0.010300617240431,0.0158446446597365,0.3980582524271844,0.9743366199204816,-0.0045793282821343,0.1032159090470978,81.95145631067962,42,61,0.2815533980582524,0.0,0.7184466019417476,0.865546218487395,0,"{""2023"": [-0.119, 52], ""2024"": [0.1102, 51]}",-0.013171770038589,REJECT,valid_mean_r>0;valid_ci_lo>0;stress_mean_r>0,,native,recipe|30m|donchian_break|taker_flow+volume_spike|both,,2020-03|2023-01|2025-01|2026-08
9774e299ae,2026-09-29 11:23 UTC,BNBUSDT,ideas\041_impulse_not_crowded_tf30_time.json,041_impulse_not_crowded_tf30_time,"Momentum works until it is crowded, and funding is the only place you can see the crowding before you join it. A strong multi-bar impulse on real volume is a real move, but if funding is already stretched in the impulse's own direction then the leveraged money that pushed it is already there, and the trade's counterparty is not faders who will cover - it is the same leveraged cohort that will be liquidated the moment the move pauses, which is what makes the late joiner the exit liquidity. So this takes the impulse only when funding says the crowd is not on that side, plus volume to confirm participation. Funding is used as a signal here and never as a return: the engine still pays and receives it as a cost on every trade (Exp 026 put carry strategies out of scope). The kill condition has two halves on purpose: a result carried entirely by one side is the drift this project has spent five rounds separating from an edge. [Timeframe variant of 041_impulse_not_crowded, 240m -> 30m, mode time: bar counts x8, ATR multiples x2.828, same hours and % stops.]",recipe,30,4,4,1.0,"{""atr_n"": 112, ""cooldown_bars"": 1, ""direction"": ""both"", ""filters"": [{""thresh"": 0.0002, ""type"": ""funding_not_crowded""}, {""k"": 1.5, ""n"": 240, ""type"": ""volume_spike""}], ""max_hold_hours"": 96, ""stop"": {""max_atr"": 22.627, ""min_atr"": 4.243, ""pct"": 0.06, ""type"": ""pct""}, ""tp"": {""type"": ""none""}, ""trail_at"": 2.0, ""trail_atr"": 8.485, ""triggers"": [{""atr_k"": 5.657, ""n"": 48, ""type"": ""momentum""}]}","{""entry_fill_ratio"": 1.0, ""entry_mode"": ""post_only"", ""entry_offset_atr"": 0.283}",134,0.0505930216931831,0.0675274707699867,0.0169344490768035,0.1485645954223384,0,83,-0.021709347978621,-0.1985861324241793,0.1674076256076529,0.4005,-0.0120495024188441,0.0096598455597769,0.4337349397590361,0.9293620860555704,-0.0099123530083305,0.0633193330150806,86.8433734939759,46,37,0.2289156626506024,0.0,0.7590361445783133,0.8383838383838383,0,"{""2023"": [-0.0037, 43], ""2024"": [-0.0411, 40]}",-0.0292894411638992,REJECT,valid_trades>=100;valid_mean_r>0;valid_ci_lo>0;stress_mean_r>0,,native,recipe|30m|momentum|funding_not_crowded+volume_spike|both,,2020-03|2023-01|2025-01|2026-08
d7ca285a49,2026-09-29 11:23 UTC,BNBUSDT,ideas\043_squeeze_multiday_break_tf30_time.json,043_squeeze_multiday_break_tf30_time,"Volatility clusters, and the mechanism for that is positions: in a quiet range, leverage is cheap and positions accumulate against a range that is not moving, so when something pushes price out of the range those positions all have to be closed at once and the move that follows is larger than the move that started it. A Bollinger squeeze is the observable version of that quiet range and a Donchian break is the observable version of the push, so the combination is a claim about mechanism rather than a stricter version of either block. The earlier test of this pair in this project (004, 013) had a trend filter and 12 h holds, which means it never tested the break at all - it tested the filter. This one has neither, and holds for days, which is the horizon over which a volatility expansion actually pays. `volume_spike` is left out on purpose: with it, n 20 gives only 103-122 TRAIN signals. [Timeframe variant of 043_squeeze_multiday_break, 240m -> 30m, mode time: bar counts x8, ATR multiples x2.828, same hours and % stops.]",recipe,30,4,4,0.5,"{""atr_n"": 112, ""cooldown_bars"": 1, ""direction"": ""both"", ""filters"": [{""lookback"": 1440, ""n"": 160, ""q"": 0.2, ""type"": ""squeeze""}], ""max_hold_hours"": 48, ""stop"": {""max_atr"": 22.627, ""min_atr"": 4.243, ""pct"": 0.06, ""type"": ""pct""}, ""tp"": {""type"": ""none""}, ""trail_at"": 2.0, ""trail_atr"": 8.485, ""triggers"": [{""n"": 160, ""type"": ""donchian_break""}]}","{""entry_fill_ratio"": 1.0, ""entry_mode"": ""post_only"", ""entry_offset_atr"": 0.283}",123,0.0204574807638811,0.0424591578410243,0.0220016770771431,0.0925602563305366,0,71,-0.033880607387188,-0.1483578687025233,0.0830367173602746,0.2879,-0.0125248882289376,0.0213557191582504,0.4647887323943662,0.8330424497346917,-0.0122493259682505,0.0396666654227767,46.71830985915493,34,37,0.0704225352112676,0.0,0.9295774647887324,0.8068181818181818,0,"{""2023"": [-0.0178, 32], ""2024"": [-0.0471, 39]}",-0.0414988399785396,REJECT,valid_trades>=100;valid_mean_r>0;valid_ci_lo>0;stress_mean_r>0,,native,recipe|30m|donchian_break|squeeze|both,,2020-03|2023-01|2025-01|2026-08
5f81da2366,2026-09-29 11:23 UTC,BNBUSDT,ideas\034_multiday_reversal_tf15_time.json,034_multiday_reversal_tf15_time,"Over five to ten days a 2-sigma move is not information, it is a position: the move is long enough that trend followers have added to it and leveraged accounts have been funded into it, and both need out at the same time. The counterparty is therefore not a view but a margin call, and margin calls unwind on the timeframe of days, not hours - which is why this was never visible at the 12h horizons where mean reversion was tested and rejected. The edge, if there is one, is that a stretched move overshoots because forced selling does not stop at a fair price, and part of the overshoot is handed back as the forced sellers become the buyers. This is the one reversion idea the project has not closed, and the difference from Exp 016's is the horizon, not the signal. [Timeframe variant of 034_multiday_reversal, 240m -> 15m, mode time: bar counts x16, ATR multiples x4.000, same hours and % stops.]",recipe,15,4,4,0.0,"{""atr_n"": 224, ""cooldown_bars"": 96, ""direction"": ""both"", ""filters"": [], ""max_hold_hours"": 48, ""stop"": {""max_atr"": 32.0, ""min_atr"": 6.0, ""pct"": 0.06, ""type"": ""pct""}, ""tp"": {""type"": ""none""}, ""trail_at"": 2.0, ""trail_atr"": 12.0, ""triggers"": [{""n"": 960, ""type"": ""zscore_revert"", ""z"": 2.0}]}","{""entry_fill_ratio"": 1.0, ""entry_mode"": ""post_only"", ""entry_offset_atr"": 0.4}",153,-0.0137682612136368,-0.0059354607399263,0.0078328004737105,0.1191823189991039,0,100,-0.0739518070156352,-0.2004847304490654,0.0642026908569133,0.1359,-0.0568822567167386,0.0170695502988966,0.52,0.7125744063327651,-0.0372260499001628,0.0968308557039336,44.235,43,57,0.18,0.0,0.82,0.6578947368421053,0,"{""2023"": [-0.1563, 53], ""2024"": [0.0189, 47]}",-0.0816074577693163,REJECT,train_mean_r>0;valid_mean_r>0;valid_ci_lo>0;stress_mean_r>0,,native,recipe|15m|zscore_revert|-|both,,2020-03|2023-01|2025-01|2026-08
dc80949046,2026-09-29 11:23 UTC,BNBUSDT,ideas\035_multiday_momentum_tf15_time.json,035_multiday_momentum_tf15_time,"A five to twenty day high or low is where trend-following funds add risk, because their mandate is to hold the extreme rather than to forecast it. That is a structural reason for the move to continue rather than reverse: the buyers of a new high are institutions with a rule that says buy, not people with a view. The reason to test it both-sided with no directional filter is that this effect should not care about the sign of the market - it continued down through 2022 and up through 2023-24, and a rule that only works in the bull market is the drift this project has spent four rounds trying to separate from an edge. The kill condition is deliberately two-sided: it dies if TRAIN gross_r <= 0, and it also dies if the whole result is one side in the period where that side matches the drift. [Timeframe variant of 035_multiday_momentum, 240m -> 15m, mode time: bar counts x16, ATR multiples x4.000, same hours and % stops.]",recipe,15,4,4,1.0,"{""atr_n"": 224, ""cooldown_bars"": 96, ""direction"": ""both"", ""filters"": [], ""max_hold_hours"": 120, ""stop"": {""max_atr"": 32.0, ""min_atr"": 6.0, ""pct"": 0.06, ""type"": ""pct""}, ""tp"": {""type"": ""none""}, ""trail_at"": 2.0, ""trail_atr"": 12.0, ""triggers"": [{""n"": 480, ""type"": ""donchian_break""}]}","{""entry_fill_ratio"": 1.0, ""entry_mode"": ""post_only"", ""entry_offset_atr"": 0.4}",144,0.2589701424319064,0.2912510162204598,0.0322808737885533,0.1261744653578648,0,98,-0.0123103825081406,-0.2030739985169241,0.1979098176506569,0.4467,0.0017444063160899,0.0140547888242306,0.4081632653061224,0.9586068321347624,-0.0083126525745509,0.0815773021106582,97.35714285714286,54,44,0.3775510204081632,0.0,0.6224489795918368,0.7777777777777778,0,"{""2023"": [0.0222, 47], ""2024"": [-0.0441, 51]}",-0.0199543116801842,REJECT,valid_trades>=100;valid_mean_r>0;valid_ci_lo>0;stress_mean_r>0,,native,recipe|15m|donchian_break|-|both,,2020-03|2023-01|2025-01|2026-08
141e0b93a7,2026-09-29 11:23 UTC,BNBUSDT,ideas\036_keltner_multiday_tf15_time.json,036_keltner_multiday_tf15_time,"Idea 032 put a Keltner break on a 12h hold with an htf_trend filter, and produced Round 4's largest TRAIN gross - and was DRIFT, which is the pattern of the whole round: a real move at a horizon where cost eats it, or a filter that makes a both-sided idea long. This idea removes both problems at once. The channel is a volatility band, so it widens when price has been moving and narrows when it has not, and its break therefore means price has left a band whose width is itself a measure of movement. Held for days with a 6% stop, the gross move it captures is several times the 0.11% cost line, and with no directional filter at all it cannot be a disguised long. The pairs gridded are the two that survive constraint 5: `mult` is fixed at 2.0 because (n 20, mult 3.0) produced only 62 TRAIN signals and was dropped before running. [Timeframe variant of 036_keltner_multiday, 240m -> 15m, mode time: bar counts x16, ATR multiples x4.000, same hours and % stops.]",recipe,15,4,4,0.0,"{""atr_n"": 224, ""cooldown_bars"": 96, ""direction"": ""both"", ""filters"": [], ""max_hold_hours"": 96, ""stop"": {""max_atr"": 32.0, ""min_atr"": 6.0, ""pct"": 0.06, ""type"": ""pct""}, ""tp"": {""type"": ""none""}, ""trail_at"": 2.0, ""trail_atr"": 12.0, ""triggers"": [{""mult"": 2.0, ""n"": 800, ""type"": ""keltner_break""}]}","{""entry_fill_ratio"": 1.0, ""entry_mode"": ""post_only"", ""entry_offset_atr"": 0.4}",140,-0.0029101035290993,0.0202497881187119,0.0231598916478113,0.2186519407486062,0,91,-0.0768020607482466,-0.2225696916161256,0.0795864109721805,0.1574,-0.0621030301392987,0.0146990306089479,0.4285714285714285,0.7557192109290682,-0.0344024199432086,0.0907778596504215,83.84615384615384,47,44,0.2307692307692307,0.0,0.7582417582417582,0.5515151515151515,0,"{""2023"": [-0.0695, 44], ""2024"": [-0.0836, 47]}",-0.0843800140166081,REJECT,valid_trades>=100;train_mean_r>0;valid_mean_r>0;valid_ci_lo>0;stress_mean_r>0,,native,recipe|15m|keltner_break|-|both,,2020-03|2023-01|2025-01|2026-08
51c075dfd2,2026-09-29 11:23 UTC,BNBUSDT,ideas\038_opening_range_both_sides_tf15_time.json,038_opening_range_both_sides_tf15_time,"A bug correction, not a new hypothesis. R4.2's 00:00 UTC opening-range break returned a (long, short) tuple where every trigger returns one signed array, so `recipe()` read 'either side fired' as LONG and the whole of Exp 022 ran long-only: 798 long trades and 0 short. Its control verdicts (DRIFT, NO_EDGE) stand and the round's conclusion is unchanged, but the structure itself was never actually tested on both sides, and it was the only Round 4 structure whose gross move exceeded the 0.11% cost line (+0.141% of price at 4h). The 00:00 print resets positioning once a day - brackets are rebuilt around it - so its first hour is a level with order flow behind it, and a close outside it is the first moment those brackets are all on the wrong side. This re-test adds what Round 4 did not have: a 6% stop and a 96h hold, so the gross move is measured against a cost of 0.043 R rather than 0.15 R. [Timeframe variant of 038_opening_range_both_sides, 240m -> 15m, mode time: bar counts x16, ATR multiples x4.000, same hours and % stops.]",recipe,15,4,4,0.0,"{""atr_n"": 224, ""cooldown_bars"": 96, ""direction"": ""both"", ""filters"": [], ""max_hold_hours"": 48, ""stop"": {""max_atr"": 32.0, ""min_atr"": 6.0, ""pct"": 0.06, ""type"": ""pct""}, ""tp"": {""type"": ""none""}, ""trail_at"": 2.0, ""trail_atr"": 12.0, ""triggers"": [{""hour"": 0, ""mins"": 60, ""type"": ""opening_range""}]}","{""entry_fill_ratio"": 1.0, ""entry_mode"": ""post_only"", ""entry_offset_atr"": 0.4}",306,-0.0229118389090926,-0.0025509703917451,0.0203608685173474,0.2057939218289814,0,206,-0.060340731097682,-0.1470289587664314,0.0309543158726265,0.0938,-0.0413142670951979,0.0190264640024841,0.4805825242718446,0.7697557794770096,-0.0618562539237614,0.1567709684956381,44.07766990291263,102,104,0.1699029126213592,0.0,0.8252427184466019,0.5049019607843137,0,"{""2023"": [-0.0631, 98], ""2024"": [-0.0578, 108]}",-0.0679459996876628,REJECT,train_mean_r>0;valid_mean_r>0;valid_ci_lo>0;stress_mean_r>0,,native,recipe|15m|opening_range|-|both,,2020-03|2023-01|2025-01|2026-08
c9c3243979,2026-09-29 11:23 UTC,BNBUSDT,ideas\039_breakout_flow_confirm_tf15_time.json,039_breakout_flow_confirm_tf15_time,"A breakout is only new positioning if aggressive traders keep paying for it. A close through the n-bar high on above-average volume says many participants moved; the taker buy ratio says which side paid to move it. When both agree, the move is buyers arriving and the sellers who were defending the level are the ones who have to cover, and covering is a forced, price-insensitive order over the next days. The other side is resting liquidity and short-term faders, who are the liquidity this trade takes. A breakout without that flow is a different animal: it is a stop run through a thin book, it fills the breakout traders rather than the breakout traders' targets, and it reverses. That is why these are one idea and not two filters - flow without participation is a single trader getting filled, and participation without directional flow is a market-wide move nobody is fighting. Both directions, no trend filter, held for days. [Timeframe variant of 039_breakout_flow_confirm, 240m -> 15m, mode time: bar counts x16, ATR multiples x4.000, same hours and % stops.]",recipe,15,4,4,0.5,"{""atr_n"": 224, ""cooldown_bars"": 1, ""direction"": ""both"", ""filters"": [{""n"": 96, ""thresh"": 0.5, ""type"": ""taker_flow""}, {""k"": 1.5, ""n"": 480, ""type"": ""volume_spike""}], ""max_hold_hours"": 96, ""stop"": {""max_atr"": 32.0, ""min_atr"": 6.0, ""pct"": 0.06, ""type"": ""pct""}, ""tp"": {""type"": ""none""}, ""trail_at"": 2.0, ""trail_atr"": 12.0, ""triggers"": [{""n"": 320, ""type"": ""donchian_break""}]}","{""entry_fill_ratio"": 1.0, ""entry_mode"": ""post_only"", ""entry_offset_atr"": 0.4}",137,0.0722700048692263,0.0841904506988548,0.0119204458296284,0.1656139642325624,0,104,0.0044586564759738,-0.161137889180626,0.1851898311178933,0.5238,0.0207648641204312,0.0163062076444574,0.4134615384615384,0.9987731479074808,-0.000219082303644,0.0786411058792522,80.70192307692308,40,64,0.2980769230769231,0.0,0.7019230769230769,0.8455284552845529,0,"{""2023"": [-0.0806, 54], ""2024"": [0.0963, 50]}",-0.0031768466432561,REJECT,valid_ci_lo>0;stress_mean_r>0,,native,recipe|15m|donchian_break|taker_flow+volume_spike|both,,2020-03|2023-01|2025-01|2026-08
9942893e58,2026-09-29 11:23 UTC,BNBUSDT,ideas\041_impulse_not_crowded_tf15_time.json,041_impulse_not_crowded_tf15_time,"Momentum works until it is crowded, and funding is the only place you can see the crowding before you join it. A strong multi-bar impulse on real volume is a real move, but if funding is already stretched in the impulse's own direction then the leveraged money that pushed it is already there, and the trade's counterparty is not faders who will cover - it is the same leveraged cohort that will be liquidated the moment the move pauses, which is what makes the late joiner the exit liquidity. So this takes the impulse only when funding says the crowd is not on that side, plus volume to confirm participation. Funding is used as a signal here and never as a return: the engine still pays and receives it as a cost on every trade (Exp 026 put carry strategies out of scope). The kill condition has two halves on purpose: a result carried entirely by one side is the drift this project has spent five rounds separating from an edge. [Timeframe variant of 041_impulse_not_crowded, 240m -> 15m, mode time: bar counts x16, ATR multiples x4.000, same hours and % stops.]",recipe,15,4,4,1.0,"{""atr_n"": 224, ""cooldown_bars"": 1, ""direction"": ""both"", ""filters"": [{""thresh"": 0.0002, ""type"": ""funding_not_crowded""}, {""k"": 1.5, ""n"": 480, ""type"": ""volume_spike""}], ""max_hold_hours"": 96, ""stop"": {""max_atr"": 32.0, ""min_atr"": 6.0, ""pct"": 0.06, ""type"": ""pct""}, ""tp"": {""type"": ""none""}, ""trail_at"": 2.0, ""trail_atr"": 12.0, ""triggers"": [{""atr_k"": 6.0, ""n"": 96, ""type"": ""momentum""}]}","{""entry_fill_ratio"": 1.0, ""entry_mode"": ""post_only"", ""entry_offset_atr"": 0.4}",155,0.1819597463446138,0.1967505296738145,0.0147907833292006,0.0970169151817056,0,112,-0.0055757319232478,-0.1708130306309699,0.1718276859235634,0.4683,0.007145052135113,0.0127207840583609,0.4107142857142857,0.9716836221968398,-0.0056360325967397,0.0919225549169002,79.63392857142857,52,60,0.3303571428571428,0.0,0.6607142857142857,0.7088607594936709,0,"{""2023"": [-0.1179, 55], ""2024"": [0.1028, 57]}",-0.0132153886078884,REJECT,valid_mean_r>0;valid_ci_lo>0;stress_mean_r>0,,native,recipe|15m|momentum|funding_not_crowded+volume_spike|both,,2020-03|2023-01|2025-01|2026-08
562d737702,2026-09-29 11:23 UTC,BNBUSDT,ideas\043_squeeze_multiday_break_tf15_time.json,043_squeeze_multiday_break_tf15_time,"Volatility clusters, and the mechanism for that is positions: in a quiet range, leverage is cheap and positions accumulate against a range that is not moving, so when something pushes price out of the range those positions all have to be closed at once and the move that follows is larger than the move that started it. A Bollinger squeeze is the observable version of that quiet range and a Donchian break is the observable version of the push, so the combination is a claim about mechanism rather than a stricter version of either block. The earlier test of this pair in this project (004, 013) had a trend filter and 12 h holds, which means it never tested the break at all - it tested the filter. This one has neither, and holds for days, which is the horizon over which a volatility expansion actually pays. `volume_spike` is left out on purpose: with it, n 20 gives only 103-122 TRAIN signals. [Timeframe variant of 043_squeeze_multiday_break, 240m -> 15m, mode time: bar counts x16, ATR multiples x4.000, same hours and % stops.]",recipe,15,4,4,1.0,"{""atr_n"": 224, ""cooldown_bars"": 1, ""direction"": ""both"", ""filters"": [{""lookback"": 2880, ""n"": 320, ""q"": 0.3, ""type"": ""squeeze""}], ""max_hold_hours"": 48, ""stop"": {""max_atr"": 32.0, ""min_atr"": 6.0, ""pct"": 0.06, ""type"": ""pct""}, ""tp"": {""type"": ""none""}, ""trail_at"": 2.0, ""trail_atr"": 12.0, ""triggers"": [{""n"": 320, ""type"": ""donchian_break""}]}","{""entry_fill_ratio"": 1.0, ""entry_mode"": ""post_only"", ""entry_offset_atr"": 0.4}",145,0.132752592121293,0.1551185917213662,0.0223659996000731,0.0838348915380633,0,91,-0.1066187139795001,-0.2104472730749605,-0.0039399215786178,0.0208,-0.0862178660763383,0.0204008479031618,0.3956043956043956,0.5847866014125307,-0.0469759379177782,0.1087526598352277,46.08516483516483,46,45,0.1098901098901098,0.0,0.8901098901098901,0.7,0,"{""2023"": [-0.0659, 49], ""2024"": [-0.1541, 42]}",-0.1142790368599559,REJECT,valid_trades>=100;valid_mean_r>0;valid_ci_lo>0;stress_mean_r>0,,native,recipe|15m|donchian_break|squeeze|both,,2020-03|2023-01|2025-01|2026-08
4f0a3aa411,2026-09-29 11:23 UTC,BNBUSDT,ideas\034_multiday_reversal_tf5_time.json,034_multiday_reversal_tf5_time,"Over five to ten days a 2-sigma move is not information, it is a position: the move is long enough that trend followers have added to it and leveraged accounts have been funded into it, and both need out at the same time. The counterparty is therefore not a view but a margin call, and margin calls unwind on the timeframe of days, not hours - which is why this was never visible at the 12h horizons where mean reversion was tested and rejected. The edge, if there is one, is that a stretched move overshoots because forced selling does not stop at a fair price, and part of the overshoot is handed back as the forced sellers become the buyers. This is the one reversion idea the project has not closed, and the difference from Exp 016's is the horizon, not the signal. [Timeframe variant of 034_multiday_reversal, 240m -> 5m, mode time: bar counts x48, ATR multiples x6.928, same hours and % stops.]",recipe,5,4,4,0.0,"{""atr_n"": 672, ""cooldown_bars"": 288, ""direction"": ""both"", ""filters"": [], ""max_hold_hours"": 96, ""stop"": {""max_atr"": 55.426, ""min_atr"": 10.392, ""pct"": 0.06, ""type"": ""pct""}, ""tp"": {""type"": ""none""}, ""trail_at"": 2.0, ""trail_atr"": 20.785, ""triggers"": [{""n"": 1440, ""type"": ""zscore_revert"", ""z"": 2.0}]}","{""entry_fill_ratio"": 1.0, ""entry_mode"": ""post_only"", ""entry_offset_atr"": 0.693}",141,-0.0547339696208407,-0.0476906995771229,0.0070432700437178,0.126327153066429,0,86,-0.0131649563157104,-0.1998336907985573,0.1898762405558157,0.438,0.0011272269429903,0.0142921832587008,0.4767441860465116,0.9546841340807478,-0.0072466172863326,0.1050061672098333,78.83042635658916,40,46,0.3488372093023256,0.0,0.6511627906976745,0.441025641025641,0,"{""2023"": [-0.0282, 43], ""2024"": [0.0018, 43]}",-0.0208225862756859,REJECT,valid_trades>=100;train_mean_r>0;valid_mean_r>0;valid_ci_lo>0;stress_mean_r>0,,native,recipe|5m|zscore_revert|-|both,,2020-03|2023-01|2025-01|2026-08
89183317a4,2026-09-29 11:23 UTC,BNBUSDT,ideas\035_multiday_momentum_tf5_time.json,035_multiday_momentum_tf5_time,"A five to twenty day high or low is where trend-following funds add risk, because their mandate is to hold the extreme rather than to forecast it. That is a structural reason for the move to continue rather than reverse: the buyers of a new high are institutions with a rule that says buy, not people with a view. The reason to test it both-sided with no directional filter is that this effect should not care about the sign of the market - it continued down through 2022 and up through 2023-24, and a rule that only works in the bull market is the drift this project has spent four rounds trying to separate from an edge. The kill condition is deliberately two-sided: it dies if TRAIN gross_r <= 0, and it also dies if the whole result is one side in the period where that side matches the drift. [Timeframe variant of 035_multiday_momentum, 240m -> 5m, mode time: bar counts x48, ATR multiples x6.928, same hours and % stops.]",recipe,5,4,3,1.0,"{""atr_n"": 672, ""cooldown_bars"": 288, ""direction"": ""both"", ""filters"": [], ""max_hold_hours"": 120, ""stop"": {""max_atr"": 55.426, ""min_atr"": 10.392, ""pct"": 0.06, ""type"": ""pct""}, ""tp"": {""type"": ""none""}, ""trail_at"": 2.0, ""trail_atr"": 20.785, ""triggers"": [{""n"": 1440, ""type"": ""donchian_break""}]}","{""entry_fill_ratio"": 1.0, ""entry_mode"": ""post_only"", ""entry_offset_atr"": 0.693}",129,0.2405467165321391,0.2765556745789422,0.036008958046803,0.1133234155035594,0,92,0.0177937738266097,-0.1834396485326261,0.2315531550270464,0.5619,0.0386168144252528,0.020823040598643,0.4130434782608695,1.0320893314086832,0.0060063173179389,0.073883671645998,92.8894927536232,50,42,0.4021739130434782,0.0,0.5869565217391305,0.6571428571428571,0,"{""2023"": [0.0314, 44], ""2024"": [0.0054, 48]}",0.0101245672983043,WATCH,valid_trades>=100;valid_ci_lo>0,,native,recipe|5m|donchian_break|-|both,,2020-03|2023-01|2025-01|2026-08
5ca3b07650,2026-09-29 11:23 UTC,BNBUSDT,ideas\036_keltner_multiday_tf5_time.json,036_keltner_multiday_tf5_time,"Idea 032 put a Keltner break on a 12h hold with an htf_trend filter, and produced Round 4's largest TRAIN gross - and was DRIFT, which is the pattern of the whole round: a real move at a horizon where cost eats it, or a filter that makes a both-sided idea long. This idea removes both problems at once. The channel is a volatility band, so it widens when price has been moving and narrows when it has not, and its break therefore means price has left a band whose width is itself a measure of movement. Held for days with a 6% stop, the gross move it captures is several times the 0.11% cost line, and with no directional filter at all it cannot be a disguised long. The pairs gridded are the two that survive constraint 5: `mult` is fixed at 2.0 because (n 20, mult 3.0) produced only 62 TRAIN signals and was dropped before running. [Timeframe variant of 036_keltner_multiday, 240m -> 5m, mode time: bar counts x48, ATR multiples x6.928, same hours and % stops.]",recipe,5,4,4,0.5,"{""atr_n"": 672, ""cooldown_bars"": 288, ""direction"": ""both"", ""filters"": [], ""max_hold_hours"": 96, ""stop"": {""max_atr"": 55.426, ""min_atr"": 10.392, ""pct"": 0.06, ""type"": ""pct""}, ""tp"": {""type"": ""none""}, ""trail_at"": 2.0, ""trail_atr"": 20.785, ""triggers"": [{""mult"": 2.0, ""n"": 2400, ""type"": ""keltner_break""}]}","{""entry_fill_ratio"": 1.0, ""entry_mode"": ""post_only"", ""entry_offset_atr"": 0.693}",116,0.1416578155166314,0.1670607722295632,0.0254029567129318,0.1432035668157757,0,79,-0.0895933731625595,-0.2485487751897092,0.0722239953934814,0.14,-0.0746864170082934,0.014906956154266,0.4556962025316455,0.7166962228013829,-0.0350474073973071,0.1051963272469045,81.72362869198312,48,31,0.2658227848101265,0.0,0.7341772151898734,0.4316939890710382,0,"{""2023"": [-0.1108, 40], ""2024"": [-0.0678, 39]}",-0.0971806256670295,REJECT,valid_trades>=100;valid_mean_r>0;valid_ci_lo>0;stress_mean_r>0,,native,recipe|5m|keltner_break|-|both,,2020-03|2023-01|2025-01|2026-08
d60a8b7dd2,2026-09-29 11:23 UTC,BNBUSDT,ideas\038_opening_range_both_sides_tf5_time.json,038_opening_range_both_sides_tf5_time,"A bug correction, not a new hypothesis. R4.2's 00:00 UTC opening-range break returned a (long, short) tuple where every trigger returns one signed array, so `recipe()` read 'either side fired' as LONG and the whole of Exp 022 ran long-only: 798 long trades and 0 short. Its control verdicts (DRIFT, NO_EDGE) stand and the round's conclusion is unchanged, but the structure itself was never actually tested on both sides, and it was the only Round 4 structure whose gross move exceeded the 0.11% cost line (+0.141% of price at 4h). The 00:00 print resets positioning once a day - brackets are rebuilt around it - so its first hour is a level with order flow behind it, and a close outside it is the first moment those brackets are all on the wrong side. This re-test adds what Round 4 did not have: a 6% stop and a 96h hold, so the gross move is measured against a cost of 0.043 R rather than 0.15 R. [Timeframe variant of 038_opening_range_both_sides, 240m -> 5m, mode time: bar counts x48, ATR multiples x6.928, same hours and % stops.]",recipe,5,4,4,0.0,"{""atr_n"": 672, ""cooldown_bars"": 288, ""direction"": ""both"", ""filters"": [], ""max_hold_hours"": 48, ""stop"": {""max_atr"": 55.426, ""min_atr"": 10.392, ""pct"": 0.06, ""type"": ""pct""}, ""tp"": {""type"": ""none""}, ""trail_at"": 2.0, ""trail_atr"": 20.785, ""triggers"": [{""hour"": 0, ""mins"": 60, ""type"": ""opening_range""}]}","{""entry_fill_ratio"": 1.0, ""entry_mode"": ""post_only"", ""entry_offset_atr"": 0.693}",208,-0.0343273628575768,-0.0148200573972704,0.0195073054603063,0.2267780659883898,0,139,0.025022524779048,-0.0813210753580767,0.1399151703495361,0.6812,0.048497276234649,0.023474751455601,0.5035971223021583,1.1035878546463216,0.0160580134243748,0.0759491588816044,44.57494004796163,60,79,0.1510791366906475,0.0,0.8489208633093526,0.2907949790794979,0,"{""2023"": [-0.0236, 72], ""2024"": [0.0773, 67]}",0.0173972548702152,REJECT,train_mean_r>0;valid_ci_lo>0,,native,recipe|5m|opening_range|-|both,,2020-03|2023-01|2025-01|2026-08
7fb9ddfedc,2026-09-29 11:23 UTC,BNBUSDT,ideas\039_breakout_flow_confirm_tf5_time.json,039_breakout_flow_confirm_tf5_time,"A breakout is only new positioning if aggressive traders keep paying for it. A close through the n-bar high on above-average volume says many participants moved; the taker buy ratio says which side paid to move it. When both agree, the move is buyers arriving and the sellers who were defending the level are the ones who have to cover, and covering is a forced, price-insensitive order over the next days. The other side is resting liquidity and short-term faders, who are the liquidity this trade takes. A breakout without that flow is a different animal: it is a stop run through a thin book, it fills the breakout traders rather than the breakout traders' targets, and it reverses. That is why these are one idea and not two filters - flow without participation is a single trader getting filled, and participation without directional flow is a market-wide move nobody is fighting. Both directions, no trend filter, held for days. [Timeframe variant of 039_breakout_flow_confirm, 240m -> 5m, mode time: bar counts x48, ATR multiples x6.928, same hours and % stops.]",recipe,5,4,4,1.0,"{""atr_n"": 672, ""cooldown_bars"": 1, ""direction"": ""both"", ""filters"": [{""n"": 288, ""thresh"": 0.5, ""type"": ""taker_flow""}, {""k"": 1.2, ""n"": 1440, ""type"": ""volume_spike""}], ""max_hold_hours"": 96, ""stop"": {""max_atr"": 55.426, ""min_atr"": 10.392, ""pct"": 0.06, ""type"": ""pct""}, ""tp"": {""type"": ""none""}, ""trail_at"": 2.0, ""trail_atr"": 20.785, ""triggers"": [{""n"": 1440, ""type"": ""donchian_break""}]}","{""entry_fill_ratio"": 1.0, ""entry_mode"": ""post_only"", ""entry_offset_atr"": 0.693}",126,0.0768054200393997,0.0911954713868445,0.0143900513474447,0.1194802753869601,0,88,0.0101649526300547,-0.1940385458548348,0.2284156940532095,0.5199,0.0293514151883753,0.0191864625583206,0.4090909090909091,1.008719033854398,0.0014690522361215,0.0770995410367335,78.36174242424244,34,54,0.3068181818181818,0.0,0.6931818181818182,0.7154471544715447,0,"{""2023"": [-0.033, 45], ""2024"": [0.0553, 43]}",0.0024178220944908,WATCH,valid_trades>=100;valid_ci_lo>0,,native,recipe|5m|donchian_break|taker_flow+volume_spike|both,,2020-03|2023-01|2025-01|2026-08
9c652ec5bf,2026-09-29 11:23 UTC,BNBUSDT,ideas\041_impulse_not_crowded_tf5_time.json,041_impulse_not_crowded_tf5_time,"Momentum works until it is crowded, and funding is the only place you can see the crowding before you join it. A strong multi-bar impulse on real volume is a real move, but if funding is already stretched in the impulse's own direction then the leveraged money that pushed it is already there, and the trade's counterparty is not faders who will cover - it is the same leveraged cohort that will be liquidated the moment the move pauses, which is what makes the late joiner the exit liquidity. So this takes the impulse only when funding says the crowd is not on that side, plus volume to confirm participation. Funding is used as a signal here and never as a return: the engine still pays and receives it as a cost on every trade (Exp 026 put carry strategies out of scope). The kill condition has two halves on purpose: a result carried entirely by one side is the drift this project has spent five rounds separating from an edge. [Timeframe variant of 041_impulse_not_crowded, 240m -> 5m, mode time: bar counts x48, ATR multiples x6.928, same hours and % stops.]",recipe,5,4,3,0.6666666666666666,"{""atr_n"": 672, ""cooldown_bars"": 1, ""direction"": ""both"", ""filters"": [{""thresh"": 0.0002, ""type"": ""funding_not_crowded""}, {""k"": 1.5, ""n"": 1440, ""type"": ""volume_spike""}], ""max_hold_hours"": 96, ""stop"": {""max_atr"": 55.426, ""min_atr"": 10.392, ""pct"": 0.06, ""type"": ""pct""}, ""tp"": {""type"": ""none""}, ""trail_at"": 2.0, ""trail_atr"": 20.785, ""triggers"": [{""atr_k"": 10.392, ""n"": 288, ""type"": ""momentum""}]}","{""entry_fill_ratio"": 1.0, ""entry_mode"": ""post_only"", ""entry_offset_atr"": 0.693}",136,0.0390488303019089,0.0508254733095982,0.0117766430076893,0.1115845286141741,0,107,-0.0745129394919633,-0.2428103547349611,0.0978230465280116,0.1923,-0.0616655372304897,0.0128474022614735,0.3831775700934579,0.8037190036307762,-0.0401226710368364,0.1074619483211494,79.97352024922118,49,58,0.308411214953271,0.0,0.6822429906542056,0.535,0,"{""2023"": [-0.0449, 50], ""2024"": [-0.1005, 57]}",-0.0822742724138586,REJECT,valid_mean_r>0;valid_ci_lo>0;stress_mean_r>0,,native,recipe|5m|momentum|funding_not_crowded+volume_spike|both,,2020-03|2023-01|2025-01|2026-08
3982f2a463,2026-09-29 11:23 UTC,BNBUSDT,ideas\043_squeeze_multiday_break_tf5_time.json,043_squeeze_multiday_break_tf5_time,"Volatility clusters, and the mechanism for that is positions: in a quiet range, leverage is cheap and positions accumulate against a range that is not moving, so when something pushes price out of the range those positions all have to be closed at once and the move that follows is larger than the move that started it. A Bollinger squeeze is the observable version of that quiet range and a Donchian break is the observable version of the push, so the combination is a claim about mechanism rather than a stricter version of either block. The earlier test of this pair in this project (004, 013) had a trend filter and 12 h holds, which means it never tested the break at all - it tested the filter. This one has neither, and holds for days, which is the horizon over which a volatility expansion actually pays. `volume_spike` is left out on purpose: with it, n 20 gives only 103-122 TRAIN signals. [Timeframe variant of 043_squeeze_multiday_break, 240m -> 5m, mode time: bar counts x48, ATR multiples x6.928, same hours and % stops.]",recipe,5,4,4,0.5,"{""atr_n"": 672, ""cooldown_bars"": 1, ""direction"": ""both"", ""filters"": [{""lookback"": 8640, ""n"": 960, ""q"": 0.3, ""type"": ""squeeze""}], ""max_hold_hours"": 96, ""stop"": {""max_atr"": 55.426, ""min_atr"": 10.392, ""pct"": 0.06, ""type"": ""pct""}, ""tp"": {""type"": ""none""}, ""trail_at"": 2.0, ""trail_atr"": 20.785, ""triggers"": [{""n"": 960, ""type"": ""donchian_break""}]}","{""entry_fill_ratio"": 1.0, ""entry_mode"": ""post_only"", ""entry_offset_atr"": 0.693}",133,0.0384270212543875,0.0678865541149978,0.0294595328606103,0.1241858024858734,0,70,0.0409856461204771,-0.1587306299429147,0.2431893821434876,0.6478,0.0635928386429095,0.0226071925224324,0.4285714285714285,1.1161809087690826,0.013167431642336,0.0452136934736387,83.62976190476189,34,36,0.2714285714285714,0.0,0.7142857142857143,0.5384615384615384,0,"{""2023"": [0.0589, 35], ""2024"": [0.0231, 35]}",0.033132031212831,WATCH,valid_trades>=100;valid_ci_lo>0,,native,recipe|5m|donchian_break|squeeze|both,,2020-03|2023-01|2025-01|2026-08
3344bde7be,2026-09-29 11:24 UTC,BNBUSDT,ideas\034_multiday_reversal_tf3_time.json,034_multiday_reversal_tf3_time,"Over five to ten days a 2-sigma move is not information, it is a position: the move is long enough that trend followers have added to it and leveraged accounts have been funded into it, and both need out at the same time. The counterparty is therefore not a view but a margin call, and margin calls unwind on the timeframe of days, not hours - which is why this was never visible at the 12h horizons where mean reversion was tested and rejected. The edge, if there is one, is that a stretched move overshoots because forced selling does not stop at a fair price, and part of the overshoot is handed back as the forced sellers become the buyers. This is the one reversion idea the project has not closed, and the difference from Exp 016's is the horizon, not the signal. [Timeframe variant of 034_multiday_reversal, 240m -> 3m, mode time: bar counts x80, ATR multiples x8.944, same hours and % stops.]",recipe,3,4,2,0.5,"{""atr_n"": 1120, ""cooldown_bars"": 480, ""direction"": ""both"", ""filters"": [], ""max_hold_hours"": 96, ""stop"": {""max_atr"": 71.554, ""min_atr"": 13.416, ""pct"": 0.06, ""type"": ""pct""}, ""tp"": {""type"": ""none""}, ""trail_at"": 2.0, ""trail_atr"": 26.833, ""triggers"": [{""n"": 2400, ""type"": ""zscore_revert"", ""z"": 2.0}]}","{""entry_fill_ratio"": 1.0, ""entry_mode"": ""post_only"", ""entry_offset_atr"": 0.894}",125,0.0390239368768158,0.0518807465342918,0.012856809657476,0.1121470993318993,0,79,0.1863833935342222,-0.0211624954608992,0.4050724868382564,0.9579,0.2096850106957401,0.0233016171615179,0.5822784810126582,1.5921943778750955,0.0733301127423222,0.0497056883632737,81.1107594936709,33,46,0.2784810126582278,0.0,0.7215189873417721,0.3853658536585366,0,"{""2023"": [0.2069, 41], ""2024"": [0.1642, 38]}",0.1786325726040711,WATCH,valid_trades>=100;valid_ci_lo>0,,native,recipe|3m|zscore_revert|-|both,,2020-03|2023-01|2025-01|2026-08
ef0735acab,2026-09-29 11:24 UTC,BNBUSDT,ideas\035_multiday_momentum_tf3_time.json,035_multiday_momentum_tf3_time,"A five to twenty day high or low is where trend-following funds add risk, because their mandate is to hold the extreme rather than to forecast it. That is a structural reason for the move to continue rather than reverse: the buyers of a new high are institutions with a rule that says buy, not people with a view. The reason to test it both-sided with no directional filter is that this effect should not care about the sign of the market - it continued down through 2022 and up through 2023-24, and a rule that only works in the bull market is the drift this project has spent four rounds trying to separate from an edge. The kill condition is deliberately two-sided: it dies if TRAIN gross_r <= 0, and it also dies if the whole result is one side in the period where that side matches the drift. [Timeframe variant of 035_multiday_momentum, 240m -> 3m, mode time: bar counts x80, ATR multiples x8.944, same hours and % stops.]",recipe,3,4,2,1.0,"{""atr_n"": 1120, ""cooldown_bars"": 480, ""direction"": ""both"", ""filters"": [], ""max_hold_hours"": 120, ""stop"": {""max_atr"": 71.554, ""min_atr"": 13.416, ""pct"": 0.06, ""type"": ""pct""}, ""tp"": {""type"": ""none""}, ""trail_at"": 2.0, ""trail_atr"": 26.833, ""triggers"": [{""n"": 2400, ""type"": ""donchian_break""}]}","{""entry_fill_ratio"": 1.0, ""entry_mode"": ""post_only"", ""entry_offset_atr"": 0.894}",118,0.349341476941909,0.3865856078242325,0.0372441308823235,0.0874036567486779,0,81,0.1308270865612682,-0.0938251255953931,0.3687916820588837,0.8713,0.1557501759810717,0.0249230894198034,0.4074074074074074,1.3733650984653984,0.0512480547083344,0.0735677910121128,97.10802469135804,39,42,0.3086419753086419,0.0,0.691358024691358,0.5625,0,"{""2023"": [0.0872, 41], ""2024"": [0.1755, 40]}",0.1230033597464082,WATCH,valid_trades>=100;valid_ci_lo>0,,native,recipe|3m|donchian_break|-|both,,2020-03|2023-01|2025-01|2026-08
481d66dfc0,2026-09-29 11:24 UTC,BNBUSDT,ideas\036_keltner_multiday_tf3_time.json,036_keltner_multiday_tf3_time,"Idea 032 put a Keltner break on a 12h hold with an htf_trend filter, and produced Round 4's largest TRAIN gross - and was DRIFT, which is the pattern of the whole round: a real move at a horizon where cost eats it, or a filter that makes a both-sided idea long. This idea removes both problems at once. The channel is a volatility band, so it widens when price has been moving and narrows when it has not, and its break therefore means price has left a band whose width is itself a measure of movement. Held for days with a 6% stop, the gross move it captures is several times the 0.11% cost line, and with no directional filter at all it cannot be a disguised long. The pairs gridded are the two that survive constraint 5: `mult` is fixed at 2.0 because (n 20, mult 3.0) produced only 62 TRAIN signals and was dropped before running. [Timeframe variant of 036_keltner_multiday, 240m -> 3m, mode time: bar counts x80, ATR multiples x8.944, same hours and % stops.]",recipe,3,4,3,0.6666666666666666,"{""atr_n"": 1120, ""cooldown_bars"": 480, ""direction"": ""both"", ""filters"": [], ""max_hold_hours"": 48, ""stop"": {""max_atr"": 71.554, ""min_atr"": 13.416, ""pct"": 0.06, ""type"": ""pct""}, ""tp"": {""type"": ""none""}, ""trail_at"": 2.0, ""trail_atr"": 26.833, ""triggers"": [{""mult"": 2.0, ""n"": 1600, ""type"": ""keltner_break""}]}","{""entry_fill_ratio"": 1.0, ""entry_mode"": ""post_only"", ""entry_offset_atr"": 0.894}",115,0.0742480730894594,0.0970068547511116,0.0227587816616521,0.0908643793561069,0,93,-0.0432101625024543,-0.1628706532906256,0.0840595322286555,0.2489,-0.0251465342884172,0.0180636282140371,0.4301075268817204,0.8159638096266028,-0.0206568453107528,0.0873582509201073,43.91774193548387,49,44,0.1505376344086021,0.0,0.8387096774193549,0.2619718309859155,0,"{""2023"": [-0.0393, 51], ""2024"": [-0.048, 42]}",-0.0509300007845955,REJECT,valid_trades>=100;valid_mean_r>0;valid_ci_lo>0;stress_mean_r>0,,native,recipe|3m|keltner_break|-|both,,2020-03|2023-01|2025-01|2026-08
6e86b3d4c7,2026-09-29 11:24 UTC,BNBUSDT,ideas\038_opening_range_both_sides_tf3_time.json,038_opening_range_both_sides_tf3_time,"A bug correction, not a new hypothesis. R4.2's 00:00 UTC opening-range break returned a (long, short) tuple where every trigger returns one signed array, so `recipe()` read 'either side fired' as LONG and the whole of Exp 022 ran long-only: 798 long trades and 0 short. Its control verdicts (DRIFT, NO_EDGE) stand and the round's conclusion is unchanged, but the structure itself was never actually tested on both sides, and it was the only Round 4 structure whose gross move exceeded the 0.11% cost line (+0.141% of price at 4h). The 00:00 print resets positioning once a day - brackets are rebuilt around it - so its first hour is a level with order flow behind it, and a close outside it is the first moment those brackets are all on the wrong side. This re-test adds what Round 4 did not have: a 6% stop and a 96h hold, so the gross move is measured against a cost of 0.043 R rather than 0.15 R. [Timeframe variant of 038_opening_range_both_sides, 240m -> 3m, mode time: bar counts x80, ATR multiples x8.944, same hours and % stops.]",recipe,3,4,4,0.0,"{""atr_n"": 1120, ""cooldown_bars"": 480, ""direction"": ""both"", ""filters"": [], ""max_hold_hours"": 96, ""stop"": {""max_atr"": 71.554, ""min_atr"": 13.416, ""pct"": 0.06, ""type"": ""pct""}, ""tp"": {""type"": ""none""}, ""trail_at"": 2.0, ""trail_atr"": 26.833, ""triggers"": [{""hour"": 0, ""mins"": 60, ""type"": ""opening_range""}]}","{""entry_fill_ratio"": 1.0, ""entry_mode"": ""post_only"", ""entry_offset_atr"": 0.894}",125,-0.1468288197538301,-0.1211374802764842,0.0256913394773459,0.2297272888217434,0,83,-0.0357773267129725,-0.1888741750226061,0.1199456662331497,0.3186,-0.0118418329964835,0.0239354937164889,0.5180722891566265,0.8722882060007997,-0.01569222677658,0.0681224644000817,83.81144578313254,37,46,0.253012048192771,0.0,0.7469879518072289,0.2034313725490196,0,"{""2023"": [0.0306, 43], ""2024"": [-0.1071, 40]}",-0.0434055904659572,REJECT,valid_trades>=100;train_mean_r>0;valid_mean_r>0;valid_ci_lo>0;stress_mean_r>0,,native,recipe|3m|opening_range|-|both,,2020-03|2023-01|2025-01|2026-08
bea07430b3,2026-09-29 11:24 UTC,BNBUSDT,ideas\039_breakout_flow_confirm_tf3_time.json,039_breakout_flow_confirm_tf3_time,"A breakout is only new positioning if aggressive traders keep paying for it. A close through the n-bar high on above-average volume says many participants moved; the taker buy ratio says which side paid to move it. When both agree, the move is buyers arriving and the sellers who were defending the level are the ones who have to cover, and covering is a forced, price-insensitive order over the next days. The other side is resting liquidity and short-term faders, who are the liquidity this trade takes. A breakout without that flow is a different animal: it is a stop run through a thin book, it fills the breakout traders rather than the breakout traders' targets, and it reverses. That is why these are one idea and not two filters - flow without participation is a single trader getting filled, and participation without directional flow is a market-wide move nobody is fighting. Both directions, no trend filter, held for days. [Timeframe variant of 039_breakout_flow_confirm, 240m -> 3m, mode time: bar counts x80, ATR multiples x8.944, same hours and % stops.]",recipe,3,4,4,0.5,"{""atr_n"": 1120, ""cooldown_bars"": 1, ""direction"": ""both"", ""filters"": [{""n"": 480, ""thresh"": 0.5, ""type"": ""taker_flow""}, {""k"": 1.2, ""n"": 2400, ""type"": ""volume_spike""}], ""max_hold_hours"": 96, ""stop"": {""max_atr"": 71.554, ""min_atr"": 13.416, ""pct"": 0.06, ""type"": ""pct""}, ""tp"": {""type"": ""none""}, ""trail_at"": 2.0, ""trail_atr"": 26.833, ""triggers"": [{""n"": 2400, ""type"": ""donchian_break""}]}","{""entry_fill_ratio"": 1.0, ""entry_mode"": ""post_only"", ""entry_offset_atr"": 0.894}",121,0.0071635312541824,0.0236165574368237,0.0164530261826412,0.1329352732008413,0,86,-0.0871369609205174,-0.2711962937602694,0.1049783936914191,0.1832,-0.0664570539006167,0.0206799070199006,0.3720930232558139,0.7697148416574651,-0.0381094179601809,0.1012588417073034,78.45116279069768,34,52,0.3372093023255814,0.0,0.6627906976744186,0.5695364238410596,0,"{""2023"": [-0.1668, 43], ""2024"": [-0.0075, 43]}",-0.0949824464769971,REJECT,valid_trades>=100;valid_mean_r>0;valid_ci_lo>0;stress_mean_r>0,,native,recipe|3m|donchian_break|taker_flow+volume_spike|both,,2020-03|2023-01|2025-01|2026-08
faf6994605,2026-09-29 11:24 UTC,BNBUSDT,ideas\041_impulse_not_crowded_tf3_time.json,041_impulse_not_crowded_tf3_time,"Momentum works until it is crowded, and funding is the only place you can see the crowding before you join it. A strong multi-bar impulse on real volume is a real move, but if funding is already stretched in the impulse's own direction then the leveraged money that pushed it is already there, and the trade's counterparty is not faders who will cover - it is the same leveraged cohort that will be liquidated the moment the move pauses, which is what makes the late joiner the exit liquidity. So this takes the impulse only when funding says the crowd is not on that side, plus volume to confirm participation. Funding is used as a signal here and never as a return: the engine still pays and receives it as a cost on every trade (Exp 026 put carry strategies out of scope). The kill condition has two halves on purpose: a result carried entirely by one side is the drift this project has spent five rounds separating from an edge. [Timeframe variant of 041_impulse_not_crowded, 240m -> 3m, mode time: bar counts x80, ATR multiples x8.944, same hours and % stops.]",recipe,3,4,2,1.0,"{""atr_n"": 1120, ""cooldown_bars"": 1, ""direction"": ""both"", ""filters"": [{""thresh"": 0.0003, ""type"": ""funding_not_crowded""}, {""k"": 1.5, ""n"": 2400, ""type"": ""volume_spike""}], ""max_hold_hours"": 96, ""stop"": {""max_atr"": 71.554, ""min_atr"": 13.416, ""pct"": 0.06, ""type"": ""pct""}, ""tp"": {""type"": ""none""}, ""trail_at"": 2.0, ""trail_atr"": 26.833, ""triggers"": [{""atr_k"": 13.416, ""n"": 480, ""type"": ""momentum""}]}","{""entry_fill_ratio"": 1.0, ""entry_mode"": ""post_only"", ""entry_offset_atr"": 0.894}",114,0.2551384114075869,0.2671060489882356,0.0119676375806487,0.060991845452806,0,97,0.1708461567431956,-0.0139148891521501,0.3608804376096821,0.9627,0.1855448935491377,0.014698736805942,0.5051546391752577,1.566409962597756,0.0831461322444884,0.0546384176473083,82.85567010309278,52,45,0.2474226804123711,0.0,0.7525773195876289,0.3818897637795275,0,"{""2023"": [0.2044, 45], ""2024"": [0.1418, 52]}",0.1630154032300899,WATCH,valid_trades>=100;valid_ci_lo>0,,native,recipe|3m|momentum|funding_not_crowded+volume_spike|both,,2020-03|2023-01|2025-01|2026-08
24a4653677,2026-09-29 11:24 UTC,BNBUSDT,ideas\043_squeeze_multiday_break_tf3_time.json,043_squeeze_multiday_break_tf3_time,"Volatility clusters, and the mechanism for that is positions: in a quiet range, leverage is cheap and positions accumulate against a range that is not moving, so when something pushes price out of the range those positions all have to be closed at once and the move that follows is larger than the move that started it. A Bollinger squeeze is the observable version of that quiet range and a Donchian break is the observable version of the push, so the combination is a claim about mechanism rather than a stricter version of either block. The earlier test of this pair in this project (004, 013) had a trend filter and 12 h holds, which means it never tested the break at all - it tested the filter. This one has neither, and holds for days, which is the horizon over which a volatility expansion actually pays. `volume_spike` is left out on purpose: with it, n 20 gives only 103-122 TRAIN signals. [Timeframe variant of 043_squeeze_multiday_break, 240m -> 3m, mode time: bar counts x80, ATR multiples x8.944, same hours and % stops.]",recipe,3,4,4,0.0,"{""atr_n"": 1120, ""cooldown_bars"": 1, ""direction"": ""both"", ""filters"": [{""lookback"": 14400, ""n"": 1600, ""q"": 0.3, ""type"": ""squeeze""}], ""max_hold_hours"": 48, ""stop"": {""max_atr"": 71.554, ""min_atr"": 13.416, ""pct"": 0.06, ""type"": ""pct""}, ""tp"": {""type"": ""none""}, ""trail_at"": 2.0, ""trail_atr"": 26.833, ""triggers"": [{""n"": 1600, ""type"": ""donchian_break""}]}","{""entry_fill_ratio"": 1.0, ""entry_mode"": ""post_only"", ""entry_offset_atr"": 0.894}",157,-0.0097729103157298,0.0138956831609477,0.0236685934766776,0.1085998009242635,0,89,-0.027275122681021,-0.1605662423611591,0.1180238704416549,0.3473,-0.0063037366727279,0.020971386008293,0.449438202247191,0.8855565182225222,-0.0125976967792915,0.0477585524680445,45.63202247191011,48,41,0.1011235955056179,0.0,0.898876404494382,0.4944444444444444,0,"{""2023"": [0.0253, 46], ""2024"": [-0.0835, 43]}",-0.0351957367233594,REJECT,valid_trades>=100;train_mean_r>0;valid_mean_r>0;valid_ci_lo>0;stress_mean_r>0,,native,recipe|3m|donchian_break|squeeze|both,,2020-03|2023-01|2025-01|2026-08
8ad23bc22a,2026-09-29 11:24 UTC,BNBUSDT,ideas\034_multiday_reversal_tf1_time.json,034_multiday_reversal_tf1_time,"Over five to ten days a 2-sigma move is not information, it is a position: the move is long enough that trend followers have added to it and leveraged accounts have been funded into it, and both need out at the same time. The counterparty is therefore not a view but a margin call, and margin calls unwind on the timeframe of days, not hours - which is why this was never visible at the 12h horizons where mean reversion was tested and rejected. The edge, if there is one, is that a stretched move overshoots because forced selling does not stop at a fair price, and part of the overshoot is handed back as the forced sellers become the buyers. This is the one reversion idea the project has not closed, and the difference from Exp 016's is the horizon, not the signal. [Timeframe variant of 034_multiday_reversal, 240m -> 1m, mode time: bar counts x240, ATR multiples x15.492, same hours and % stops.]",recipe,1,4,0,,"{""atr_n"": 3360, ""cooldown_bars"": 1440, ""direction"": ""both"", ""filters"": [], ""max_hold_hours"": 48, ""stop"": {""max_atr"": 123.935, ""min_atr"": 23.238, ""pct"": 0.06, ""type"": ""pct""}, ""tp"": {""type"": ""none""}, ""trail_at"": 2.0, ""trail_atr"": 46.476, ""triggers"": [{""n"": 7200, ""type"": ""zscore_revert"", ""z"": 2.0}]}","{""entry_fill_ratio"": 1.0, ""entry_mode"": ""post_only"", ""entry_offset_atr"": 1.549}",96,-0.1834223806459281,-0.169686068159368,0.01373631248656,0.2148034021792674,0,69,-0.0876923716057073,-0.2565483115186886,0.0805379745976666,0.152,-0.0721141991951346,0.0155781724105727,0.463768115942029,0.7344844157321648,-0.030449403511339,0.0896250783872445,40.20072463768116,25,44,0.2753623188405797,0.0,0.7246376811594203,0.2584269662921348,0,"{""2023"": [-0.0387, 32], ""2024"": [-0.13, 37]}",-0.0955926033636485,INCONCLUSIVE,valid_trades>=100;train_mean_r>0;valid_mean_r>0;valid_ci_lo>0;stress_mean_r>0,,native,recipe|1m|zscore_revert|-|both,,2020-03|2023-01|2025-01|2026-08
2d01d02ee3,2026-09-29 11:25 UTC,BNBUSDT,ideas\035_multiday_momentum_tf1_time.json,035_multiday_momentum_tf1_time,"A five to twenty day high or low is where trend-following funds add risk, because their mandate is to hold the extreme rather than to forecast it. That is a structural reason for the move to continue rather than reverse: the buyers of a new high are institutions with a rule that says buy, not people with a view. The reason to test it both-sided with no directional filter is that this effect should not care about the sign of the market - it continued down through 2022 and up through 2023-24, and a rule that only works in the bull market is the drift this project has spent four rounds trying to separate from an edge. The kill condition is deliberately two-sided: it dies if TRAIN gross_r <= 0, and it also dies if the whole result is one side in the period where that side matches the drift. [Timeframe variant of 035_multiday_momentum, 240m -> 1m, mode time: bar counts x240, ATR multiples x15.492, same hours and % stops.]",recipe,1,4,0,,"{""atr_n"": 3360, ""cooldown_bars"": 1440, ""direction"": ""both"", ""filters"": [], ""max_hold_hours"": 72, ""stop"": {""max_atr"": 123.935, ""min_atr"": 23.238, ""pct"": 0.06, ""type"": ""pct""}, ""tp"": {""type"": ""none""}, ""trail_at"": 2.0, ""trail_atr"": 46.476, ""triggers"": [{""n"": 7200, ""type"": ""donchian_break""}]}","{""entry_fill_ratio"": 1.0, ""entry_mode"": ""post_only"", ""entry_offset_atr"": 1.549}",92,-0.1303439544608139,-0.0999788753307271,0.0303650791300867,0.1473464327401775,0,70,-0.0555883768683986,-0.2648456990254746,0.1740196512708566,0.2977,-0.0381425536564735,0.017445823211925,0.4142857142857143,0.8407820209289116,-0.0204491385594024,0.0863491957685878,60.19309523809524,35,35,0.3142857142857143,0.0,0.6857142857142857,0.358974358974359,0,"{""2023"": [-0.1515, 40], ""2024"": [0.0722, 30]}",-0.0635937743269191,INCONCLUSIVE,valid_trades>=100;train_mean_r>0;valid_mean_r>0;valid_ci_lo>0;stress_mean_r>0,,native,recipe|1m|donchian_break|-|both,,2020-03|2023-01|2025-01|2026-08
dae3eb941f,2026-09-29 11:25 UTC,BNBUSDT,ideas\036_keltner_multiday_tf1_time.json,036_keltner_multiday_tf1_time,"Idea 032 put a Keltner break on a 12h hold with an htf_trend filter, and produced Round 4's largest TRAIN gross - and was DRIFT, which is the pattern of the whole round: a real move at a horizon where cost eats it, or a filter that makes a both-sided idea long. This idea removes both problems at once. The channel is a volatility band, so it widens when price has been moving and narrows when it has not, and its break therefore means price has left a band whose width is itself a measure of movement. Held for days with a 6% stop, the gross move it captures is several times the 0.11% cost line, and with no directional filter at all it cannot be a disguised long. The pairs gridded are the two that survive constraint 5: `mult` is fixed at 2.0 because (n 20, mult 3.0) produced only 62 TRAIN signals and was dropped before running. [Timeframe variant of 036_keltner_multiday, 240m -> 1m, mode time: bar counts x240, ATR multiples x15.492, same hours and % stops.]",recipe,1,4,0,,"{""atr_n"": 3360, ""cooldown_bars"": 1440, ""direction"": ""both"", ""filters"": [], ""max_hold_hours"": 48, ""stop"": {""max_atr"": 123.935, ""min_atr"": 23.238, ""pct"": 0.06, ""type"": ""pct""}, ""tp"": {""type"": ""none""}, ""trail_at"": 2.0, ""trail_atr"": 46.476, ""triggers"": [{""mult"": 2.0, ""n"": 4800, ""type"": ""keltner_break""}]}","{""entry_fill_ratio"": 1.0, ""entry_mode"": ""post_only"", ""entry_offset_atr"": 1.549}",79,0.0649186981349195,0.092032284182327,0.0271135860474074,0.1285845469600515,0,57,-0.1017654114489036,-0.2360271460975894,0.0294772576108224,0.0642,-0.0851624357115781,0.0166029757373254,0.4912280701754385,0.5765374923977159,-0.0288325273371764,0.0654393329068384,44.2687134502924,29,28,0.1578947368421052,0.0,0.8245614035087719,0.1544715447154471,0,"{""2023"": [-0.1256, 28], ""2024"": [-0.0788, 29]}",-0.1095339335499452,INCONCLUSIVE,valid_trades>=100;valid_mean_r>0;valid_ci_lo>0;stress_mean_r>0,,native,recipe|1m|keltner_break|-|both,,2020-03|2023-01|2025-01|2026-08
b199d2794f,2026-09-29 11:25 UTC,BNBUSDT,ideas\038_opening_range_both_sides_tf1_time.json,038_opening_range_both_sides_tf1_time,"A bug correction, not a new hypothesis. R4.2's 00:00 UTC opening-range break returned a (long, short) tuple where every trigger returns one signed array, so `recipe()` read 'either side fired' as LONG and the whole of Exp 022 ran long-only: 798 long trades and 0 short. Its control verdicts (DRIFT, NO_EDGE) stand and the round's conclusion is unchanged, but the structure itself was never actually tested on both sides, and it was the only Round 4 structure whose gross move exceeded the 0.11% cost line (+0.141% of price at 4h). The 00:00 print resets positioning once a day - brackets are rebuilt around it - so its first hour is a level with order flow behind it, and a close outside it is the first moment those brackets are all on the wrong side. This re-test adds what Round 4 did not have: a 6% stop and a 96h hold, so the gross move is measured against a cost of 0.043 R rather than 0.15 R. [Timeframe variant of 038_opening_range_both_sides, 240m -> 1m, mode time: bar counts x240, ATR multiples x15.492, same hours and % stops.]",recipe,1,4,0,,"{""atr_n"": 3360, ""cooldown_bars"": 1440, ""direction"": ""both"", ""filters"": [], ""max_hold_hours"": 48, ""stop"": {""max_atr"": 123.935, ""min_atr"": 23.238, ""pct"": 0.05, ""type"": ""pct""}, ""tp"": {""type"": ""none""}, ""trail_at"": 2.0, ""trail_atr"": 46.476, ""triggers"": [{""hour"": 0, ""mins"": 60, ""type"": ""opening_range""}]}","{""entry_fill_ratio"": 1.0, ""entry_mode"": ""post_only"", ""entry_offset_atr"": 1.549}",72,-0.0567787290575604,-0.0343426181760172,0.0224361108815432,0.107568913447981,0,61,-0.0997090976011344,-0.2704969702333047,0.073388432294627,0.1303,-0.0736058661211078,0.0261032314800265,0.4098360655737705,0.6771467595697326,-0.0299195975826728,0.0770765676373698,42.99125683060109,28,33,0.2295081967213114,0.0,0.7704918032786885,0.1085409252669039,0,"{""2023"": [-0.1104, 33], ""2024"": [-0.0871, 28]}",-0.1089258499143138,INCONCLUSIVE,valid_trades>=100;train_mean_r>0;valid_mean_r>0;valid_ci_lo>0;stress_mean_r>0,,native,recipe|1m|opening_range|-|both,,2020-03|2023-01|2025-01|2026-08
d4f216f87a,2026-09-29 11:25 UTC,BNBUSDT,ideas\039_breakout_flow_confirm_tf1_time.json,039_breakout_flow_confirm_tf1_time,"A breakout is only new positioning if aggressive traders keep paying for it. A close through the n-bar high on above-average volume says many participants moved; the taker buy ratio says which side paid to move it. When both agree, the move is buyers arriving and the sellers who were defending the level are the ones who have to cover, and covering is a forced, price-insensitive order over the next days. The other side is resting liquidity and short-term faders, who are the liquidity this trade takes. A breakout without that flow is a different animal: it is a stop run through a thin book, it fills the breakout traders rather than the breakout traders' targets, and it reverses. That is why these are one idea and not two filters - flow without participation is a single trader getting filled, and participation without directional flow is a market-wide move nobody is fighting. Both directions, no trend filter, held for days. [Timeframe variant of 039_breakout_flow_confirm, 240m -> 1m, mode time: bar counts x240, ATR multiples x15.492, same hours and % stops.]",recipe,1,4,4,1.0,"{""atr_n"": 3360, ""cooldown_bars"": 1, ""direction"": ""both"", ""filters"": [{""n"": 1440, ""thresh"": 0.5, ""type"": ""taker_flow""}, {""k"": 1.2, ""n"": 7200, ""type"": ""volume_spike""}], ""max_hold_hours"": 96, ""stop"": {""max_atr"": 123.935, ""min_atr"": 23.238, ""pct"": 0.06, ""type"": ""pct""}, ""tp"": {""type"": ""none""}, ""trail_at"": 2.0, ""trail_atr"": 46.476, ""triggers"": [{""n"": 7200, ""type"": ""donchian_break""}]}","{""entry_fill_ratio"": 1.0, ""entry_mode"": ""post_only"", ""entry_offset_atr"": 1.549}",101,0.1165019342028596,0.1325902099262866,0.0160882757234269,0.0746996462464985,0,86,-0.1315474877789066,-0.3197234911169452,0.0756661554368841,0.0987,-0.1142682083492055,0.017279279429701,0.3837209302325581,0.6978407042950979,-0.0565226378100343,0.1406540384502465,72.51899224806202,35,51,0.3953488372093023,0.0,0.6046511627906976,0.3539094650205761,0,"{""2023"": [-0.2013, 46], ""2024"": [-0.0514, 40]}",-0.1395641992450968,REJECT,valid_trades>=100;valid_mean_r>0;valid_ci_lo>0;stress_mean_r>0,,native,recipe|1m|donchian_break|taker_flow+volume_spike|both,,2020-03|2023-01|2025-01|2026-08
3b644d3fff,2026-09-29 11:26 UTC,BNBUSDT,ideas\041_impulse_not_crowded_tf1_time.json,041_impulse_not_crowded_tf1_time,"Momentum works until it is crowded, and funding is the only place you can see the crowding before you join it. A strong multi-bar impulse on real volume is a real move, but if funding is already stretched in the impulse's own direction then the leveraged money that pushed it is already there, and the trade's counterparty is not faders who will cover - it is the same leveraged cohort that will be liquidated the moment the move pauses, which is what makes the late joiner the exit liquidity. So this takes the impulse only when funding says the crowd is not on that side, plus volume to confirm participation. Funding is used as a signal here and never as a return: the engine still pays and receives it as a cost on every trade (Exp 026 put carry strategies out of scope). The kill condition has two halves on purpose: a result carried entirely by one side is the drift this project has spent five rounds separating from an edge. [Timeframe variant of 041_impulse_not_crowded, 240m -> 1m, mode time: bar counts x240, ATR multiples x15.492, same hours and % stops.]",recipe,1,4,0,,"{""atr_n"": 3360, ""cooldown_bars"": 1, ""direction"": ""both"", ""filters"": [{""thresh"": 0.0003, ""type"": ""funding_not_crowded""}, {""k"": 1.5, ""n"": 7200, ""type"": ""volume_spike""}], ""max_hold_hours"": 96, ""stop"": {""max_atr"": 123.935, ""min_atr"": 23.238, ""pct"": 0.06, ""type"": ""pct""}, ""tp"": {""type"": ""none""}, ""trail_at"": 2.0, ""trail_atr"": 46.476, ""triggers"": [{""atr_k"": 23.238, ""n"": 1440, ""type"": ""momentum""}]}","{""entry_fill_ratio"": 1.0, ""entry_mode"": ""post_only"", ""entry_offset_atr"": 1.549}",83,0.2499820783403142,0.2638605770663402,0.0138784987260261,0.0723754482200028,0,72,0.057852722559619,-0.1800299203799232,0.3165569768009153,0.6648,0.0737303383862289,0.0158776158266099,0.4583333333333333,1.1381666107746984,0.0196205378615104,0.0882716984098088,79.95787037037037,43,29,0.3472222222222222,0.0,0.6527777777777778,0.1484536082474226,0,"{""2023"": [0.2467, 32], ""2024"": [-0.0933, 40]}",0.0499332572255127,INCONCLUSIVE,valid_trades>=100;valid_ci_lo>0,,native,recipe|1m|momentum|funding_not_crowded+volume_spike|both,,2020-03|2023-01|2025-01|2026-08
5a426ac20b,2026-09-29 11:26 UTC,BNBUSDT,ideas\043_squeeze_multiday_break_tf1_time.json,043_squeeze_multiday_break_tf1_time,"Volatility clusters, and the mechanism for that is positions: in a quiet range, leverage is cheap and positions accumulate against a range that is not moving, so when something pushes price out of the range those positions all have to be closed at once and the move that follows is larger than the move that started it. A Bollinger squeeze is the observable version of that quiet range and a Donchian break is the observable version of the push, so the combination is a claim about mechanism rather than a stricter version of either block. The earlier test of this pair in this project (004, 013) had a trend filter and 12 h holds, which means it never tested the break at all - it tested the filter. This one has neither, and holds for days, which is the horizon over which a volatility expansion actually pays. `volume_spike` is left out on purpose: with it, n 20 gives only 103-122 TRAIN signals. [Timeframe variant of 043_squeeze_multiday_break, 240m -> 1m, mode time: bar counts x240, ATR multiples x15.492, same hours and % stops.]",recipe,1,4,4,0.75,"{""atr_n"": 3360, ""cooldown_bars"": 1, ""direction"": ""both"", ""filters"": [{""lookback"": 43200, ""n"": 4800, ""q"": 0.3, ""type"": ""squeeze""}], ""max_hold_hours"": 96, ""stop"": {""max_atr"": 123.935, ""min_atr"": 23.238, ""pct"": 0.06, ""type"": ""pct""}, ""tp"": {""type"": ""none""}, ""trail_at"": 2.0, ""trail_atr"": 46.476, ""triggers"": [{""n"": 4800, ""type"": ""donchian_break""}]}","{""entry_fill_ratio"": 1.0, ""entry_mode"": ""post_only"", ""entry_offset_atr"": 1.549}",118,0.12880140551062716,0.15423554788928445,0.025434142378657276,0.10284561498939093,0,70,0.01987886904525298,-0.19424486424329956,0.24822252439841272,0.5601,0.044284863849064084,0.024405994803811108,0.4714285714285714,1.0432127657532364,0.00528633812427759,0.06974517687849502,81.37714285714286,33,37,0.3,0.0,0.6857142857142857,0.30042918454935624,0,"{""2023"": [-0.022, 35], ""2024"": [0.0617, 35]}",0.011625595346596991,WATCH,valid_trades>=100;valid_ci_lo>0,,native,recipe|1m|donchian_break|squeeze|both,,2020-03|2023-01|2025-01|2026-08
