eval_id,timestamp,symbol,idea_file,name,hypothesis,strategy,tf,n_combos,n_eligible,train_positive_share,chosen_params,chosen_exec,train_trades,train_mean_r,train_gross_r,train_cost_r,train_max_dd,train_size_skips,valid_trades,valid_mean_r,valid_ci_lo,valid_ci_hi,valid_p_gt_0,valid_gross_r,valid_cost_r,valid_win_rate,valid_profit_factor,valid_cagr,valid_max_dd,valid_avg_hold_h,valid_long_trades,valid_short_trades,valid_stop_rate,valid_tp_rate,valid_time_rate,valid_fill_rate,valid_size_skips,valid_per_year,stress_mean_r,verdict,gates_failed,holdout_verdict,data_version,structure,duplicate_of,splits,valid_signal_rate
704ae1602a,2026-09-29 08:51 UTC,ETHUSDT,ideas\034_multiday_reversal.json,034_multiday_reversal,"Over five to ten days a 2-sigma move is not information, it is a position: the move is long enough that trend followers have added to it and leveraged accounts have been funded into it, and both need out at the same time. The counterparty is therefore not a view but a margin call, and margin calls unwind on the timeframe of days, not hours - which is why this was never visible at the 12h horizons where mean reversion was tested and rejected. The edge, if there is one, is that a stretched move overshoots because forced selling does not stop at a fair price, and part of the overshoot is handed back as the forced sellers become the buyers. This is the one reversion idea the project has not closed, and the difference from Exp 016's is the horizon, not the signal.",recipe,240,4,4,0.25,"{""atr_n"": 14, ""cooldown_bars"": 6, ""direction"": ""both"", ""filters"": [], ""max_hold_hours"": 96, ""stop"": {""max_atr"": 8.0, ""min_atr"": 1.5, ""pct"": 0.06, ""type"": ""pct""}, ""tp"": {""type"": ""none""}, ""trail_at"": 2.0, ""trail_atr"": 3.0, ""triggers"": [{""n"": 30, ""type"": ""zscore_revert"", ""z"": 2.0}]}","{""entry_fill_ratio"": 1.0, ""entry_mode"": ""post_only"", ""entry_offset_atr"": 0.1}",182,0.0083514179723659,0.0260208366516587,0.0176694186792928,0.1460363815680033,0,111,0.0036212162249699,-0.1551134341713711,0.1704970215071578,0.5194,0.0220427577776855,0.0184215415527156,0.4954954954954955,0.9993558757821712,-0.0001168751571278,0.1146459448403748,82.30630630630631,43,68,0.2612612612612612,0.0,0.7387387387387387,0.8409090909090909,0,"{""2023"": [-0.038, 54], ""2024"": [0.0431, 57]}",-0.0039160973887384,REJECT,valid_ci_lo>0;stress_mean_r>0,,native,recipe|240m|zscore_revert|-|both,,2020-01|2023-01|2025-01|2026-08,
829173f13d,2026-09-29 08:51 UTC,ETHUSDT,ideas\035_multiday_momentum.json,035_multiday_momentum,"A five to twenty day high or low is where trend-following funds add risk, because their mandate is to hold the extreme rather than to forecast it. That is a structural reason for the move to continue rather than reverse: the buyers of a new high are institutions with a rule that says buy, not people with a view. The reason to test it both-sided with no directional filter is that this effect should not care about the sign of the market - it continued down through 2022 and up through 2023-24, and a rule that only works in the bull market is the drift this project has spent four rounds trying to separate from an edge. The kill condition is deliberately two-sided: it dies if TRAIN gross_r <= 0, and it also dies if the whole result is one side in the period where that side matches the drift.",recipe,240,4,4,1.0,"{""atr_n"": 14, ""cooldown_bars"": 6, ""direction"": ""both"", ""filters"": [], ""max_hold_hours"": 72, ""stop"": {""max_atr"": 8.0, ""min_atr"": 1.5, ""pct"": 0.06, ""type"": ""pct""}, ""tp"": {""type"": ""none""}, ""trail_at"": 2.0, ""trail_atr"": 3.0, ""triggers"": [{""n"": 60, ""type"": ""donchian_break""}]}","{""entry_fill_ratio"": 1.0, ""entry_mode"": ""post_only"", ""entry_offset_atr"": 0.1}",126,0.2274438230700171,0.2454413650818108,0.0179975420117936,0.0494475569554142,0,74,0.1234806787257181,-0.0687992640084217,0.3270696369571023,0.8904,0.1418292101527666,0.0183485314270484,0.4729729729729729,1.4320210058564544,0.0452346996106631,0.0655889815184225,68.27027027027027,47,27,0.1486486486486486,0.0,0.8513513513513513,0.9135802469135802,0,"{""2023"": [0.0575, 34], ""2024"": [0.1796, 40]}",0.1159744768486892,WATCH,valid_trades>=100;valid_ci_lo>0,,native,recipe|240m|donchian_break|-|both,,2020-01|2023-01|2025-01|2026-08,
5d3b606ca2,2026-09-29 08:51 UTC,ETHUSDT,ideas\036_keltner_multiday.json,036_keltner_multiday,"Idea 032 put a Keltner break on a 12h hold with an htf_trend filter, and produced Round 4's largest TRAIN gross - and was DRIFT, which is the pattern of the whole round: a real move at a horizon where cost eats it, or a filter that makes a both-sided idea long. This idea removes both problems at once. The channel is a volatility band, so it widens when price has been moving and narrows when it has not, and its break therefore means price has left a band whose width is itself a measure of movement. Held for days with a 6% stop, the gross move it captures is several times the 0.11% cost line, and with no directional filter at all it cannot be a disguised long. The pairs gridded are the two that survive constraint 5: `mult` is fixed at 2.0 because (n 20, mult 3.0) produced only 62 TRAIN signals and was dropped before running.",recipe,240,4,4,1.0,"{""atr_n"": 14, ""cooldown_bars"": 6, ""direction"": ""both"", ""filters"": [], ""max_hold_hours"": 96, ""stop"": {""max_atr"": 8.0, ""min_atr"": 1.5, ""pct"": 0.06, ""type"": ""pct""}, ""tp"": {""type"": ""none""}, ""trail_at"": 2.0, ""trail_atr"": 3.0, ""triggers"": [{""mult"": 2.0, ""n"": 20, ""type"": ""keltner_break""}]}","{""entry_fill_ratio"": 1.0, ""entry_mode"": ""post_only"", ""entry_offset_atr"": 0.1}",131,0.2722133586469697,0.2901375652432806,0.0179242065963109,0.0464181875669085,0,82,0.1111807176426373,-0.1073966107233297,0.344038463387743,0.8323,0.1296161052160436,0.0184353875734062,0.4512195121951219,1.3158478426639473,0.0441377556791051,0.0410156863034532,84.87804878048779,47,35,0.2439024390243902,0.0,0.7560975609756098,0.8913043478260869,0,"{""2023"": [0.038, 39], ""2024"": [0.1775, 43]}",0.1036351776960955,WATCH,valid_trades>=100;valid_ci_lo>0,,native,recipe|240m|keltner_break|-|both,,2020-01|2023-01|2025-01|2026-08,
f47026c620,2026-09-29 08:51 UTC,ETHUSDT,ideas\038_opening_range_both_sides.json,038_opening_range_both_sides,"A bug correction, not a new hypothesis. R4.2's 00:00 UTC opening-range break returned a (long, short) tuple where every trigger returns one signed array, so `recipe()` read 'either side fired' as LONG and the whole of Exp 022 ran long-only: 798 long trades and 0 short. Its control verdicts (DRIFT, NO_EDGE) stand and the round's conclusion is unchanged, but the structure itself was never actually tested on both sides, and it was the only Round 4 structure whose gross move exceeded the 0.11% cost line (+0.141% of price at 4h). The 00:00 print resets positioning once a day - brackets are rebuilt around it - so its first hour is a level with order flow behind it, and a close outside it is the first moment those brackets are all on the wrong side. This re-test adds what Round 4 did not have: a 6% stop and a 96h hold, so the gross move is measured against a cost of 0.043 R rather than 0.15 R.",recipe,240,4,4,1.0,"{""atr_n"": 14, ""cooldown_bars"": 6, ""direction"": ""both"", ""filters"": [], ""max_hold_hours"": 96, ""stop"": {""max_atr"": 8.0, ""min_atr"": 1.5, ""pct"": 0.05, ""type"": ""pct""}, ""tp"": {""type"": ""none""}, ""trail_at"": 2.0, ""trail_atr"": 3.0, ""triggers"": [{""hour"": 0, ""mins"": 60, ""type"": ""opening_range""}]}","{""entry_fill_ratio"": 1.0, ""entry_mode"": ""post_only"", ""entry_offset_atr"": 0.1}",278,0.1105017935139903,0.1310423121048896,0.0205405185908993,0.1980607343571133,0,165,0.0397952344364417,-0.1126614755288366,0.19793105490864,0.6894,0.061921141619328,0.0221259071828863,0.4606060606060606,1.0853466736435358,0.0282223009783024,0.1259344179156968,81.26060606060607,70,95,0.3212121212121212,0.0,0.6787878787878788,0.868421052631579,0,"{""2023"": [0.0065, 80], ""2024"": [0.0711, 85]}",0.0307369068227689,WATCH,valid_ci_lo>0,,native,recipe|240m|opening_range|-|both,,2020-01|2023-01|2025-01|2026-08,
e618ef1e84,2026-09-29 08:51 UTC,ETHUSDT,ideas\039_breakout_flow_confirm.json,039_breakout_flow_confirm,"A breakout is only new positioning if aggressive traders keep paying for it. A close through the n-bar high on above-average volume says many participants moved; the taker buy ratio says which side paid to move it. When both agree, the move is buyers arriving and the sellers who were defending the level are the ones who have to cover, and covering is a forced, price-insensitive order over the next days. The other side is resting liquidity and short-term faders, who are the liquidity this trade takes. A breakout without that flow is a different animal: it is a stop run through a thin book, it fills the breakout traders rather than the breakout traders' targets, and it reverses. That is why these are one idea and not two filters - flow without participation is a single trader getting filled, and participation without directional flow is a market-wide move nobody is fighting. Both directions, no trend filter, held for days.",recipe,240,4,3,1.0,"{""atr_n"": 14, ""cooldown_bars"": 0, ""direction"": ""both"", ""filters"": [{""n"": 6, ""thresh"": 0.5, ""type"": ""taker_flow""}, {""k"": 1.5, ""n"": 30, ""type"": ""volume_spike""}], ""max_hold_hours"": 96, ""stop"": {""max_atr"": 8.0, ""min_atr"": 1.5, ""pct"": 0.06, ""type"": ""pct""}, ""tp"": {""type"": ""none""}, ""trail_at"": 2.0, ""trail_atr"": 3.0, ""triggers"": [{""n"": 20, ""type"": ""donchian_break""}]}","{""entry_fill_ratio"": 1.0, ""entry_mode"": ""post_only"", ""entry_offset_atr"": 0.1}",114,0.2629554755879616,0.280868549893384,0.0179130743054224,0.076456144394057,0,89,0.1018495573622054,-0.0989590912367686,0.3172266050700347,0.8248,0.1202705564021817,0.0184209990399763,0.4831460674157303,1.2890664178409927,0.0439982587757559,0.0476401521547815,82.51685393258427,43,46,0.2808988764044944,0.0,0.7191011235955056,0.8725490196078431,0,"{""2023"": [0.0045, 49], ""2024"": [0.2211, 40]}",0.0943132868448096,WATCH,valid_trades>=100;valid_ci_lo>0,,native,recipe|240m|donchian_break|taker_flow+volume_spike|both,,2020-01|2023-01|2025-01|2026-08,
97d2e484d7,2026-09-29 08:51 UTC,ETHUSDT,ideas\041_impulse_not_crowded.json,041_impulse_not_crowded,"Momentum works until it is crowded, and funding is the only place you can see the crowding before you join it. A strong multi-bar impulse on real volume is a real move, but if funding is already stretched in the impulse's own direction then the leveraged money that pushed it is already there, and the trade's counterparty is not faders who will cover - it is the same leveraged cohort that will be liquidated the moment the move pauses, which is what makes the late joiner the exit liquidity. So this takes the impulse only when funding says the crowd is not on that side, plus volume to confirm participation. Funding is used as a signal here and never as a return: the engine still pays and receives it as a cost on every trade (Exp 026 put carry strategies out of scope). The kill condition has two halves on purpose: a result carried entirely by one side is the drift this project has spent five rounds separating from an edge.",recipe,240,4,4,1.0,"{""atr_n"": 14, ""cooldown_bars"": 0, ""direction"": ""both"", ""filters"": [{""thresh"": 0.0002, ""type"": ""funding_not_crowded""}, {""k"": 1.5, ""n"": 30, ""type"": ""volume_spike""}], ""max_hold_hours"": 96, ""stop"": {""max_atr"": 8.0, ""min_atr"": 1.5, ""pct"": 0.06, ""type"": ""pct""}, ""tp"": {""type"": ""none""}, ""trail_at"": 2.0, ""trail_atr"": 3.0, ""triggers"": [{""atr_k"": 2.0, ""n"": 6, ""type"": ""momentum""}]}","{""entry_fill_ratio"": 1.0, ""entry_mode"": ""post_only"", ""entry_offset_atr"": 0.1}",114,0.1605461600754411,0.1785590508854322,0.018012890809991,0.1071483749057377,0,77,0.1292851815223397,-0.0938811107830058,0.3570714328737532,0.863,0.1478020912132013,0.0185169096908615,0.4935064935064935,1.3742516956509812,0.0485022429035142,0.0529463177071141,83.32467532467533,44,33,0.2987012987012987,0.0,0.7012987012987013,0.8191489361702128,0,"{""2023"": [0.036, 43], ""2024"": [0.2473, 34]}",0.1217041753901417,WATCH,valid_trades>=100;valid_ci_lo>0,,native,recipe|240m|momentum|funding_not_crowded+volume_spike|both,,2020-01|2023-01|2025-01|2026-08,
0a671ee644,2026-09-29 08:51 UTC,ETHUSDT,ideas\043_squeeze_multiday_break.json,043_squeeze_multiday_break,"Volatility clusters, and the mechanism for that is positions: in a quiet range, leverage is cheap and positions accumulate against a range that is not moving, so when something pushes price out of the range those positions all have to be closed at once and the move that follows is larger than the move that started it. A Bollinger squeeze is the observable version of that quiet range and a Donchian break is the observable version of the push, so the combination is a claim about mechanism rather than a stricter version of either block. The earlier test of this pair in this project (004, 013) had a trend filter and 12 h holds, which means it never tested the break at all - it tested the filter. This one has neither, and holds for days, which is the horizon over which a volatility expansion actually pays. `volume_spike` is left out on purpose: with it, n 20 gives only 103-122 TRAIN signals.",recipe,240,4,4,1.0,"{""atr_n"": 14, ""cooldown_bars"": 0, ""direction"": ""both"", ""filters"": [{""lookback"": 180, ""n"": 20, ""q"": 0.2, ""type"": ""squeeze""}], ""max_hold_hours"": 96, ""stop"": {""max_atr"": 8.0, ""min_atr"": 1.5, ""pct"": 0.06, ""type"": ""pct""}, ""tp"": {""type"": ""none""}, ""trail_at"": 2.0, ""trail_atr"": 3.0, ""triggers"": [{""n"": 20, ""type"": ""donchian_break""}]}","{""entry_fill_ratio"": 1.0, ""entry_mode"": ""post_only"", ""entry_offset_atr"": 0.1}",105,0.1597420670102356,0.1782342219217214,0.0184921549114859,0.0750693135199299,0,65,0.0214799120248971,-0.2412803354753654,0.3011419420024296,0.548,0.0398248321974329,0.0183449201725357,0.4307692307692308,1.039153700559076,0.0051340237675558,0.0512633858064217,80.06153846153846,37,28,0.3538461538461538,0.0,0.6461538461538462,0.8783783783783784,0,"{""2023"": [-0.0758, 26], ""2024"": [0.0863, 39]}",0.0139839305119342,WATCH,valid_trades>=100;valid_ci_lo>0,,native,recipe|240m|donchian_break|squeeze|both,,2020-01|2023-01|2025-01|2026-08,
82f08cb810,2026-09-29 08:51 UTC,ETHUSDT,ideas\034_multiday_reversal_tf60_time.json,034_multiday_reversal_tf60_time,"Over five to ten days a 2-sigma move is not information, it is a position: the move is long enough that trend followers have added to it and leveraged accounts have been funded into it, and both need out at the same time. The counterparty is therefore not a view but a margin call, and margin calls unwind on the timeframe of days, not hours - which is why this was never visible at the 12h horizons where mean reversion was tested and rejected. The edge, if there is one, is that a stretched move overshoots because forced selling does not stop at a fair price, and part of the overshoot is handed back as the forced sellers become the buyers. This is the one reversion idea the project has not closed, and the difference from Exp 016's is the horizon, not the signal. [Timeframe variant of 034_multiday_reversal, 240m -> 60m, mode time: bar counts x4, ATR multiples x2.000, same hours and % stops.]",recipe,60,4,4,0.25,"{""atr_n"": 56, ""cooldown_bars"": 24, ""direction"": ""both"", ""filters"": [], ""max_hold_hours"": 96, ""stop"": {""max_atr"": 16.0, ""min_atr"": 3.0, ""pct"": 0.06, ""type"": ""pct""}, ""tp"": {""type"": ""none""}, ""trail_at"": 2.0, ""trail_atr"": 6.0, ""triggers"": [{""n"": 120, ""type"": ""zscore_revert"", ""z"": 2.0}]}","{""entry_fill_ratio"": 1.0, ""entry_mode"": ""post_only"", ""entry_offset_atr"": 0.2}",192,0.0434132949928486,0.0612152828507064,0.0178019878578578,0.1308305713281656,0,117,0.0235525894833835,-0.1461381626189652,0.1971776138408651,0.5999,0.0420676788799692,0.0185150893965856,0.4871794871794871,1.0529027018981507,0.0111347361564158,0.1061374386155834,80.61538461538461,45,72,0.2905982905982906,0.0,0.7094017094017094,0.7548387096774194,0,"{""2023"": [0.0173, 55], ""2024"": [0.0291, 62]}",0.015973499995516,WATCH,valid_ci_lo>0,,native,recipe|60m|zscore_revert|-|both,,2020-01|2023-01|2025-01|2026-08,
81b2ccd3f4,2026-09-29 08:52 UTC,ETHUSDT,ideas\035_multiday_momentum_tf60_time.json,035_multiday_momentum_tf60_time,"A five to twenty day high or low is where trend-following funds add risk, because their mandate is to hold the extreme rather than to forecast it. That is a structural reason for the move to continue rather than reverse: the buyers of a new high are institutions with a rule that says buy, not people with a view. The reason to test it both-sided with no directional filter is that this effect should not care about the sign of the market - it continued down through 2022 and up through 2023-24, and a rule that only works in the bull market is the drift this project has spent four rounds trying to separate from an edge. The kill condition is deliberately two-sided: it dies if TRAIN gross_r <= 0, and it also dies if the whole result is one side in the period where that side matches the drift. [Timeframe variant of 035_multiday_momentum, 240m -> 60m, mode time: bar counts x4, ATR multiples x2.000, same hours and % stops.]",recipe,60,4,4,1.0,"{""atr_n"": 56, ""cooldown_bars"": 24, ""direction"": ""both"", ""filters"": [], ""max_hold_hours"": 120, ""stop"": {""max_atr"": 16.0, ""min_atr"": 3.0, ""pct"": 0.06, ""type"": ""pct""}, ""tp"": {""type"": ""none""}, ""trail_at"": 2.0, ""trail_atr"": 6.0, ""triggers"": [{""n"": 120, ""type"": ""donchian_break""}]}","{""entry_fill_ratio"": 1.0, ""entry_mode"": ""post_only"", ""entry_offset_atr"": 0.2}",155,0.1751113651024018,0.193045902365431,0.0179345372630292,0.1215746825017015,0,93,0.0084217962853432,-0.2024948957781442,0.2379743648737486,0.5227,0.0269063287031874,0.0184845324178442,0.4193548387096774,1.006231556322563,0.0012491395044553,0.0828864533066365,96.34408602150538,56,37,0.3978494623655914,0.0,0.6021505376344086,0.8230088495575221,0,"{""2023"": [0.03, 43], ""2024"": [-0.0101, 50]}",0.0008578206398659,WATCH,valid_trades>=100;valid_ci_lo>0,,native,recipe|60m|donchian_break|-|both,,2020-01|2023-01|2025-01|2026-08,
5b79611d32,2026-09-29 08:52 UTC,ETHUSDT,ideas\036_keltner_multiday_tf60_time.json,036_keltner_multiday_tf60_time,"Idea 032 put a Keltner break on a 12h hold with an htf_trend filter, and produced Round 4's largest TRAIN gross - and was DRIFT, which is the pattern of the whole round: a real move at a horizon where cost eats it, or a filter that makes a both-sided idea long. This idea removes both problems at once. The channel is a volatility band, so it widens when price has been moving and narrows when it has not, and its break therefore means price has left a band whose width is itself a measure of movement. Held for days with a 6% stop, the gross move it captures is several times the 0.11% cost line, and with no directional filter at all it cannot be a disguised long. The pairs gridded are the two that survive constraint 5: `mult` is fixed at 2.0 because (n 20, mult 3.0) produced only 62 TRAIN signals and was dropped before running. [Timeframe variant of 036_keltner_multiday, 240m -> 60m, mode time: bar counts x4, ATR multiples x2.000, same hours and % stops.]",recipe,60,4,4,0.5,"{""atr_n"": 56, ""cooldown_bars"": 24, ""direction"": ""both"", ""filters"": [], ""max_hold_hours"": 96, ""stop"": {""max_atr"": 16.0, ""min_atr"": 3.0, ""pct"": 0.06, ""type"": ""pct""}, ""tp"": {""type"": ""none""}, ""trail_at"": 2.0, ""trail_atr"": 6.0, ""triggers"": [{""mult"": 2.0, ""n"": 200, ""type"": ""keltner_break""}]}","{""entry_fill_ratio"": 1.0, ""entry_mode"": ""post_only"", ""entry_offset_atr"": 0.2}",182,0.0169619415554813,0.0346557818783697,0.0176938403228884,0.1976169793816545,0,105,0.0474830899911265,-0.111925746514421,0.2120742110513718,0.7142,0.0659525564285697,0.0184694664374431,0.5142857142857142,1.1402168378598987,0.0232108743245114,0.07403573588959,83.30476190476189,48,57,0.2666666666666666,0.0,0.7238095238095238,0.7094594594594594,0,"{""2023"": [0.0544, 54], ""2024"": [0.0401, 51]}",0.0399315140943198,WATCH,valid_ci_lo>0,,native,recipe|60m|keltner_break|-|both,,2020-01|2023-01|2025-01|2026-08,
bb2056dbd6,2026-09-29 08:52 UTC,ETHUSDT,ideas\038_opening_range_both_sides_tf60_time.json,038_opening_range_both_sides_tf60_time,"A bug correction, not a new hypothesis. R4.2's 00:00 UTC opening-range break returned a (long, short) tuple where every trigger returns one signed array, so `recipe()` read 'either side fired' as LONG and the whole of Exp 022 ran long-only: 798 long trades and 0 short. Its control verdicts (DRIFT, NO_EDGE) stand and the round's conclusion is unchanged, but the structure itself was never actually tested on both sides, and it was the only Round 4 structure whose gross move exceeded the 0.11% cost line (+0.141% of price at 4h). The 00:00 print resets positioning once a day - brackets are rebuilt around it - so its first hour is a level with order flow behind it, and a close outside it is the first moment those brackets are all on the wrong side. This re-test adds what Round 4 did not have: a 6% stop and a 96h hold, so the gross move is measured against a cost of 0.043 R rather than 0.15 R. [Timeframe variant of 038_opening_range_both_sides, 240m -> 60m, mode time: bar counts x4, ATR multiples x2.000, same hours and % stops.]",recipe,60,4,4,0.0,"{""atr_n"": 56, ""cooldown_bars"": 24, ""direction"": ""both"", ""filters"": [], ""max_hold_hours"": 48, ""stop"": {""max_atr"": 16.0, ""min_atr"": 3.0, ""pct"": 0.06, ""type"": ""pct""}, ""tp"": {""type"": ""none""}, ""trail_at"": 2.0, ""trail_atr"": 6.0, ""triggers"": [{""hour"": 0, ""mins"": 60, ""type"": ""opening_range""}]}","{""entry_fill_ratio"": 1.0, ""entry_mode"": ""post_only"", ""entry_offset_atr"": 0.2}",385,-0.0320748675861524,-0.0143069509055738,0.0177679166805785,0.2931156260499762,0,246,-0.0303821190175429,-0.1080882806452229,0.0498814181819544,0.229,-0.0119673355949439,0.018414783422599,0.4959349593495935,0.8688773207344773,-0.0388803724792565,0.1514774039547017,45.33739837398374,127,119,0.1463414634146341,0.0,0.8495934959349594,0.754601226993865,0,"{""2023"": [-0.0684, 119], ""2024"": [0.0053, 127]}",-0.0379154002771768,REJECT,train_mean_r>0;valid_mean_r>0;valid_ci_lo>0;stress_mean_r>0,,native,recipe|60m|opening_range|-|both,,2020-01|2023-01|2025-01|2026-08,
ef69c7eafa,2026-09-29 08:52 UTC,ETHUSDT,ideas\039_breakout_flow_confirm_tf60_time.json,039_breakout_flow_confirm_tf60_time,"A breakout is only new positioning if aggressive traders keep paying for it. A close through the n-bar high on above-average volume says many participants moved; the taker buy ratio says which side paid to move it. When both agree, the move is buyers arriving and the sellers who were defending the level are the ones who have to cover, and covering is a forced, price-insensitive order over the next days. The other side is resting liquidity and short-term faders, who are the liquidity this trade takes. A breakout without that flow is a different animal: it is a stop run through a thin book, it fills the breakout traders rather than the breakout traders' targets, and it reverses. That is why these are one idea and not two filters - flow without participation is a single trader getting filled, and participation without directional flow is a market-wide move nobody is fighting. Both directions, no trend filter, held for days. [Timeframe variant of 039_breakout_flow_confirm, 240m -> 60m, mode time: bar counts x4, ATR multiples x2.000, same hours and % stops.]",recipe,60,4,4,1.0,"{""atr_n"": 56, ""cooldown_bars"": 1, ""direction"": ""both"", ""filters"": [{""n"": 24, ""thresh"": 0.5, ""type"": ""taker_flow""}, {""k"": 1.5, ""n"": 120, ""type"": ""volume_spike""}], ""max_hold_hours"": 96, ""stop"": {""max_atr"": 16.0, ""min_atr"": 3.0, ""pct"": 0.06, ""type"": ""pct""}, ""tp"": {""type"": ""none""}, ""trail_at"": 2.0, ""trail_atr"": 6.0, ""triggers"": [{""n"": 120, ""type"": ""donchian_break""}]}","{""entry_fill_ratio"": 1.0, ""entry_mode"": ""post_only"", ""entry_offset_atr"": 0.2}",125,0.1685657206235417,0.1866045938060448,0.018038873182503,0.0907815113833625,0,92,0.051767990739377,-0.1458726619723991,0.2677798096402692,0.6831,0.0702100789246718,0.0184420881852948,0.4891304347826087,1.123370269389271,0.0212286179493366,0.0886641915315077,79.81521739130434,51,41,0.3695652173913043,0.0,0.6304347826086957,0.8363636363636363,0,"{""2023"": [-0.0576, 50], ""2024"": [0.182, 42]}",0.0442248530665491,WATCH,valid_trades>=100;valid_ci_lo>0,,native,recipe|60m|donchian_break|taker_flow+volume_spike|both,,2020-01|2023-01|2025-01|2026-08,
933a49e863,2026-09-29 08:52 UTC,ETHUSDT,ideas\041_impulse_not_crowded_tf60_time.json,041_impulse_not_crowded_tf60_time,"Momentum works until it is crowded, and funding is the only place you can see the crowding before you join it. A strong multi-bar impulse on real volume is a real move, but if funding is already stretched in the impulse's own direction then the leveraged money that pushed it is already there, and the trade's counterparty is not faders who will cover - it is the same leveraged cohort that will be liquidated the moment the move pauses, which is what makes the late joiner the exit liquidity. So this takes the impulse only when funding says the crowd is not on that side, plus volume to confirm participation. Funding is used as a signal here and never as a return: the engine still pays and receives it as a cost on every trade (Exp 026 put carry strategies out of scope). The kill condition has two halves on purpose: a result carried entirely by one side is the drift this project has spent five rounds separating from an edge. [Timeframe variant of 041_impulse_not_crowded, 240m -> 60m, mode time: bar counts x4, ATR multiples x2.000, same hours and % stops.]",recipe,60,4,4,1.0,"{""atr_n"": 56, ""cooldown_bars"": 1, ""direction"": ""both"", ""filters"": [{""thresh"": 0.0002, ""type"": ""funding_not_crowded""}, {""k"": 1.5, ""n"": 120, ""type"": ""volume_spike""}], ""max_hold_hours"": 96, ""stop"": {""max_atr"": 16.0, ""min_atr"": 3.0, ""pct"": 0.06, ""type"": ""pct""}, ""tp"": {""type"": ""none""}, ""trail_at"": 2.0, ""trail_atr"": 6.0, ""triggers"": [{""atr_k"": 4.0, ""n"": 24, ""type"": ""momentum""}]}","{""entry_fill_ratio"": 1.0, ""entry_mode"": ""post_only"", ""entry_offset_atr"": 0.2}",133,0.2627318603773025,0.2803980694512075,0.017666209073905,0.0674628541837232,0,98,0.0171996870254007,-0.1555706696372344,0.2043915411738758,0.5711,0.0357384680796616,0.0185387810542609,0.4387755102040816,1.0344978191402898,0.0061192371761882,0.0815810996851125,82.93877551020408,52,46,0.3163265306122449,0.0,0.6836734693877551,0.8305084745762712,0,"{""2023"": [-0.0544, 51], ""2024"": [0.0949, 47]}",0.0096087505809813,WATCH,valid_trades>=100;valid_ci_lo>0,,native,recipe|60m|momentum|funding_not_crowded+volume_spike|both,,2020-01|2023-01|2025-01|2026-08,
8a131a836f,2026-09-29 08:52 UTC,ETHUSDT,ideas\043_squeeze_multiday_break_tf60_time.json,043_squeeze_multiday_break_tf60_time,"Volatility clusters, and the mechanism for that is positions: in a quiet range, leverage is cheap and positions accumulate against a range that is not moving, so when something pushes price out of the range those positions all have to be closed at once and the move that follows is larger than the move that started it. A Bollinger squeeze is the observable version of that quiet range and a Donchian break is the observable version of the push, so the combination is a claim about mechanism rather than a stricter version of either block. The earlier test of this pair in this project (004, 013) had a trend filter and 12 h holds, which means it never tested the break at all - it tested the filter. This one has neither, and holds for days, which is the horizon over which a volatility expansion actually pays. `volume_spike` is left out on purpose: with it, n 20 gives only 103-122 TRAIN signals. [Timeframe variant of 043_squeeze_multiday_break, 240m -> 60m, mode time: bar counts x4, ATR multiples x2.000, same hours and % stops.]",recipe,60,4,4,1.0,"{""atr_n"": 56, ""cooldown_bars"": 1, ""direction"": ""both"", ""filters"": [{""lookback"": 720, ""n"": 80, ""q"": 0.2, ""type"": ""squeeze""}], ""max_hold_hours"": 48, ""stop"": {""max_atr"": 16.0, ""min_atr"": 3.0, ""pct"": 0.06, ""type"": ""pct""}, ""tp"": {""type"": ""none""}, ""trail_at"": 2.0, ""trail_atr"": 6.0, ""triggers"": [{""n"": 80, ""type"": ""donchian_break""}]}","{""entry_fill_ratio"": 1.0, ""entry_mode"": ""post_only"", ""entry_offset_atr"": 0.2}",117,0.1743054378913586,0.1927913518300313,0.0184859139386726,0.0639313107468372,0,56,-0.0802652202346728,-0.2754415503955656,0.1188540787530685,0.2076,-0.0617103733414627,0.0185548468932101,0.4285714285714285,0.757902142164978,-0.0230580792602863,0.0728176750495016,44.98214285714285,26,30,0.1964285714285714,0.0,0.8035714285714286,0.7887323943661971,0,"{""2023"": [-0.1621, 26], ""2024"": [-0.0093, 30]}",-0.0878568186042312,REJECT,valid_trades>=100;valid_mean_r>0;valid_ci_lo>0;stress_mean_r>0,,native,recipe|60m|donchian_break|squeeze|both,,2020-01|2023-01|2025-01|2026-08,
ec78bed1f4,2026-09-29 08:52 UTC,ETHUSDT,ideas\034_multiday_reversal_tf30_time.json,034_multiday_reversal_tf30_time,"Over five to ten days a 2-sigma move is not information, it is a position: the move is long enough that trend followers have added to it and leveraged accounts have been funded into it, and both need out at the same time. The counterparty is therefore not a view but a margin call, and margin calls unwind on the timeframe of days, not hours - which is why this was never visible at the 12h horizons where mean reversion was tested and rejected. The edge, if there is one, is that a stretched move overshoots because forced selling does not stop at a fair price, and part of the overshoot is handed back as the forced sellers become the buyers. This is the one reversion idea the project has not closed, and the difference from Exp 016's is the horizon, not the signal. [Timeframe variant of 034_multiday_reversal, 240m -> 30m, mode time: bar counts x8, ATR multiples x2.828, same hours and % stops.]",recipe,30,4,4,0.25,"{""atr_n"": 112, ""cooldown_bars"": 48, ""direction"": ""both"", ""filters"": [], ""max_hold_hours"": 96, ""stop"": {""max_atr"": 22.627, ""min_atr"": 4.243, ""pct"": 0.06, ""type"": ""pct""}, ""tp"": {""type"": ""none""}, ""trail_at"": 2.0, ""trail_atr"": 8.485, ""triggers"": [{""n"": 240, ""type"": ""zscore_revert"", ""z"": 2.0}]}","{""entry_fill_ratio"": 1.0, ""entry_mode"": ""post_only"", ""entry_offset_atr"": 0.283}",192,0.0374474645398242,0.0552652289918572,0.0178177644520329,0.1235508321305975,0,107,0.0583963569242386,-0.1304845740880857,0.2565533302321701,0.7154,0.0769760707010981,0.0185797137768594,0.5327102803738317,1.147340535182943,0.0288318061738592,0.1411556525410684,80.64953271028038,42,65,0.2990654205607476,0.0,0.6915887850467289,0.6772151898734177,0,"{""2023"": [0.0839, 49], ""2024"": [0.0369, 58]}",0.0507878311541134,WATCH,valid_ci_lo>0,,native,recipe|30m|zscore_revert|-|both,,2020-01|2023-01|2025-01|2026-08,
a9cac8f068,2026-09-29 08:52 UTC,ETHUSDT,ideas\035_multiday_momentum_tf30_time.json,035_multiday_momentum_tf30_time,"A five to twenty day high or low is where trend-following funds add risk, because their mandate is to hold the extreme rather than to forecast it. That is a structural reason for the move to continue rather than reverse: the buyers of a new high are institutions with a rule that says buy, not people with a view. The reason to test it both-sided with no directional filter is that this effect should not care about the sign of the market - it continued down through 2022 and up through 2023-24, and a rule that only works in the bull market is the drift this project has spent four rounds trying to separate from an edge. The kill condition is deliberately two-sided: it dies if TRAIN gross_r <= 0, and it also dies if the whole result is one side in the period where that side matches the drift. [Timeframe variant of 035_multiday_momentum, 240m -> 30m, mode time: bar counts x8, ATR multiples x2.828, same hours and % stops.]",recipe,30,4,4,1.0,"{""atr_n"": 112, ""cooldown_bars"": 48, ""direction"": ""both"", ""filters"": [], ""max_hold_hours"": 120, ""stop"": {""max_atr"": 22.627, ""min_atr"": 4.243, ""pct"": 0.06, ""type"": ""pct""}, ""tp"": {""type"": ""none""}, ""trail_at"": 2.0, ""trail_atr"": 8.485, ""triggers"": [{""n"": 240, ""type"": ""donchian_break""}]}","{""entry_fill_ratio"": 1.0, ""entry_mode"": ""post_only"", ""entry_offset_atr"": 0.283}",158,0.1462204120065347,0.1643850076100185,0.0181645956034838,0.145724535613851,0,97,-0.0431381314320609,-0.2491082224334039,0.1794516306182986,0.3451,-0.0245933721085927,0.0185447593234682,0.3917525773195876,0.8959684050061351,-0.0234512311872103,0.1073120822496374,93.4639175257732,56,41,0.4432989690721649,0.0,0.5567010309278351,0.8016528925619835,0,"{""2023"": [-0.0466, 44], ""2024"": [-0.0402, 53]}",-0.0507277372663038,REJECT,valid_trades>=100;valid_mean_r>0;valid_ci_lo>0;stress_mean_r>0,,native,recipe|30m|donchian_break|-|both,,2020-01|2023-01|2025-01|2026-08,
9a32edc810,2026-09-29 08:52 UTC,ETHUSDT,ideas\036_keltner_multiday_tf30_time.json,036_keltner_multiday_tf30_time,"Idea 032 put a Keltner break on a 12h hold with an htf_trend filter, and produced Round 4's largest TRAIN gross - and was DRIFT, which is the pattern of the whole round: a real move at a horizon where cost eats it, or a filter that makes a both-sided idea long. This idea removes both problems at once. The channel is a volatility band, so it widens when price has been moving and narrows when it has not, and its break therefore means price has left a band whose width is itself a measure of movement. Held for days with a 6% stop, the gross move it captures is several times the 0.11% cost line, and with no directional filter at all it cannot be a disguised long. The pairs gridded are the two that survive constraint 5: `mult` is fixed at 2.0 because (n 20, mult 3.0) produced only 62 TRAIN signals and was dropped before running. [Timeframe variant of 036_keltner_multiday, 240m -> 30m, mode time: bar counts x8, ATR multiples x2.828, same hours and % stops.]",recipe,30,4,4,0.5,"{""atr_n"": 112, ""cooldown_bars"": 48, ""direction"": ""both"", ""filters"": [], ""max_hold_hours"": 96, ""stop"": {""max_atr"": 22.627, ""min_atr"": 4.243, ""pct"": 0.06, ""type"": ""pct""}, ""tp"": {""type"": ""none""}, ""trail_at"": 2.0, ""trail_atr"": 8.485, ""triggers"": [{""mult"": 2.0, ""n"": 160, ""type"": ""keltner_break""}]}","{""entry_fill_ratio"": 1.0, ""entry_mode"": ""post_only"", ""entry_offset_atr"": 0.283}",211,0.0645794726816877,0.0822380447169109,0.0176585720352232,0.2286140106280543,0,137,0.0513197557452168,-0.1049768300706602,0.2128676631243464,0.7404,0.0698377670203372,0.0185180112751203,0.4963503649635036,1.1379998873020096,0.0325891261729058,0.0871168110382338,81.65328467153284,79,58,0.2846715328467153,0.0,0.708029197080292,0.6884422110552764,0,"{""2023"": [0.0069, 67], ""2024"": [0.0939, 70]}",0.0437429613234419,WATCH,valid_ci_lo>0,,native,recipe|30m|keltner_break|-|both,,2020-01|2023-01|2025-01|2026-08,
a1b315862a,2026-09-29 08:52 UTC,ETHUSDT,ideas\038_opening_range_both_sides_tf30_time.json,038_opening_range_both_sides_tf30_time,"A bug correction, not a new hypothesis. R4.2's 00:00 UTC opening-range break returned a (long, short) tuple where every trigger returns one signed array, so `recipe()` read 'either side fired' as LONG and the whole of Exp 022 ran long-only: 798 long trades and 0 short. Its control verdicts (DRIFT, NO_EDGE) stand and the round's conclusion is unchanged, but the structure itself was never actually tested on both sides, and it was the only Round 4 structure whose gross move exceeded the 0.11% cost line (+0.141% of price at 4h). The 00:00 print resets positioning once a day - brackets are rebuilt around it - so its first hour is a level with order flow behind it, and a close outside it is the first moment those brackets are all on the wrong side. This re-test adds what Round 4 did not have: a 6% stop and a 96h hold, so the gross move is measured against a cost of 0.043 R rather than 0.15 R. [Timeframe variant of 038_opening_range_both_sides, 240m -> 30m, mode time: bar counts x8, ATR multiples x2.828, same hours and % stops.]",recipe,30,4,4,0.5,"{""atr_n"": 112, ""cooldown_bars"": 48, ""direction"": ""both"", ""filters"": [], ""max_hold_hours"": 96, ""stop"": {""max_atr"": 22.627, ""min_atr"": 4.243, ""pct"": 0.05, ""type"": ""pct""}, ""tp"": {""type"": ""none""}, ""trail_at"": 2.0, ""trail_atr"": 8.485, ""triggers"": [{""hour"": 0, ""mins"": 60, ""type"": ""opening_range""}]}","{""entry_fill_ratio"": 1.0, ""entry_mode"": ""post_only"", ""entry_offset_atr"": 0.283}",269,0.015490087334711,0.036397519930952,0.0209074325962409,0.3041568776862807,0,149,0.0950352102105165,-0.0820708244091891,0.2808181465952845,0.8449,0.1171105905444515,0.022075380333935,0.5100671140939598,1.2289974447748886,0.0679975926473861,0.1202047176802851,79.96979865771813,79,70,0.3288590604026846,0.0,0.6644295302013423,0.6182572614107884,0,"{""2023"": [0.0949, 69], ""2024"": [0.0952, 80]}",0.0860013399485995,WATCH,valid_ci_lo>0,,native,recipe|30m|opening_range|-|both,,2020-01|2023-01|2025-01|2026-08,
3f0bc7e54f,2026-09-29 08:52 UTC,ETHUSDT,ideas\039_breakout_flow_confirm_tf30_time.json,039_breakout_flow_confirm_tf30_time,"A breakout is only new positioning if aggressive traders keep paying for it. A close through the n-bar high on above-average volume says many participants moved; the taker buy ratio says which side paid to move it. When both agree, the move is buyers arriving and the sellers who were defending the level are the ones who have to cover, and covering is a forced, price-insensitive order over the next days. The other side is resting liquidity and short-term faders, who are the liquidity this trade takes. A breakout without that flow is a different animal: it is a stop run through a thin book, it fills the breakout traders rather than the breakout traders' targets, and it reverses. That is why these are one idea and not two filters - flow without participation is a single trader getting filled, and participation without directional flow is a market-wide move nobody is fighting. Both directions, no trend filter, held for days. [Timeframe variant of 039_breakout_flow_confirm, 240m -> 30m, mode time: bar counts x8, ATR multiples x2.828, same hours and % stops.]",recipe,30,4,4,1.0,"{""atr_n"": 112, ""cooldown_bars"": 1, ""direction"": ""both"", ""filters"": [{""n"": 48, ""thresh"": 0.5, ""type"": ""taker_flow""}, {""k"": 1.5, ""n"": 240, ""type"": ""volume_spike""}], ""max_hold_hours"": 96, ""stop"": {""max_atr"": 22.627, ""min_atr"": 4.243, ""pct"": 0.06, ""type"": ""pct""}, ""tp"": {""type"": ""none""}, ""trail_at"": 2.0, ""trail_atr"": 8.485, ""triggers"": [{""n"": 240, ""type"": ""donchian_break""}]}","{""entry_fill_ratio"": 1.0, ""entry_mode"": ""post_only"", ""entry_offset_atr"": 0.283}",131,0.1381134232192071,0.1561254818852218,0.0180120586660146,0.094521137035189,0,92,0.0264557162799439,-0.1812271801843096,0.2481938780176825,0.5832,0.0449716113052267,0.0185158950252827,0.4456521739130434,1.0552140168482038,0.0097613601517438,0.0949981804189431,80.90760869565217,46,46,0.358695652173913,0.0,0.6413043478260869,0.7301587301587301,0,"{""2023"": [-0.0087, 45], ""2024"": [0.0601, 47]}",0.0188810198858542,WATCH,valid_trades>=100;valid_ci_lo>0,,native,recipe|30m|donchian_break|taker_flow+volume_spike|both,,2020-01|2023-01|2025-01|2026-08,
955c3350be,2026-09-29 08:52 UTC,ETHUSDT,ideas\041_impulse_not_crowded_tf30_time.json,041_impulse_not_crowded_tf30_time,"Momentum works until it is crowded, and funding is the only place you can see the crowding before you join it. A strong multi-bar impulse on real volume is a real move, but if funding is already stretched in the impulse's own direction then the leveraged money that pushed it is already there, and the trade's counterparty is not faders who will cover - it is the same leveraged cohort that will be liquidated the moment the move pauses, which is what makes the late joiner the exit liquidity. So this takes the impulse only when funding says the crowd is not on that side, plus volume to confirm participation. Funding is used as a signal here and never as a return: the engine still pays and receives it as a cost on every trade (Exp 026 put carry strategies out of scope). The kill condition has two halves on purpose: a result carried entirely by one side is the drift this project has spent five rounds separating from an edge. [Timeframe variant of 041_impulse_not_crowded, 240m -> 30m, mode time: bar counts x8, ATR multiples x2.828, same hours and % stops.]",recipe,30,4,4,1.0,"{""atr_n"": 112, ""cooldown_bars"": 1, ""direction"": ""both"", ""filters"": [{""thresh"": 0.0002, ""type"": ""funding_not_crowded""}, {""k"": 1.5, ""n"": 240, ""type"": ""volume_spike""}], ""max_hold_hours"": 96, ""stop"": {""max_atr"": 22.627, ""min_atr"": 4.243, ""pct"": 0.06, ""type"": ""pct""}, ""tp"": {""type"": ""none""}, ""trail_at"": 2.0, ""trail_atr"": 8.485, ""triggers"": [{""atr_k"": 5.657, ""n"": 48, ""type"": ""momentum""}]}","{""entry_fill_ratio"": 1.0, ""entry_mode"": ""post_only"", ""entry_offset_atr"": 0.283}",148,0.1362778887511992,0.154090594820011,0.0178127060688117,0.1139166648531861,0,98,0.0653534690190774,-0.1371756742203734,0.2705502593184535,0.7273,0.0839210444505374,0.0185675754314599,0.4285714285714285,1.1633402195493134,0.0293859008451489,0.0606641301197531,82.32142857142857,48,50,0.3163265306122449,0.0,0.6836734693877551,0.8099173553719008,0,"{""2023"": [-0.0417, 47], ""2024"": [0.164, 51]}",0.0577511947925682,WATCH,valid_trades>=100;valid_ci_lo>0,,native,recipe|30m|momentum|funding_not_crowded+volume_spike|both,,2020-01|2023-01|2025-01|2026-08,
4177c26b6e,2026-09-29 08:52 UTC,ETHUSDT,ideas\043_squeeze_multiday_break_tf30_time.json,043_squeeze_multiday_break_tf30_time,"Volatility clusters, and the mechanism for that is positions: in a quiet range, leverage is cheap and positions accumulate against a range that is not moving, so when something pushes price out of the range those positions all have to be closed at once and the move that follows is larger than the move that started it. A Bollinger squeeze is the observable version of that quiet range and a Donchian break is the observable version of the push, so the combination is a claim about mechanism rather than a stricter version of either block. The earlier test of this pair in this project (004, 013) had a trend filter and 12 h holds, which means it never tested the break at all - it tested the filter. This one has neither, and holds for days, which is the horizon over which a volatility expansion actually pays. `volume_spike` is left out on purpose: with it, n 20 gives only 103-122 TRAIN signals. [Timeframe variant of 043_squeeze_multiday_break, 240m -> 30m, mode time: bar counts x8, ATR multiples x2.828, same hours and % stops.]",recipe,30,4,4,1.0,"{""atr_n"": 112, ""cooldown_bars"": 1, ""direction"": ""both"", ""filters"": [{""lookback"": 1440, ""n"": 160, ""q"": 0.2, ""type"": ""squeeze""}], ""max_hold_hours"": 48, ""stop"": {""max_atr"": 22.627, ""min_atr"": 4.243, ""pct"": 0.06, ""type"": ""pct""}, ""tp"": {""type"": ""none""}, ""trail_at"": 2.0, ""trail_atr"": 8.485, ""triggers"": [{""n"": 160, ""type"": ""donchian_break""}]}","{""entry_fill_ratio"": 1.0, ""entry_mode"": ""post_only"", ""entry_offset_atr"": 0.283}",125,0.1596970581770746,0.1781587212639717,0.0184616630868972,0.0524769675836607,0,55,0.0057594246461943,-0.1669977800999507,0.1847716553473037,0.512,0.0243899996547599,0.0186305750085656,0.5272727272727272,1.014437411532209,0.001027609452074,0.0393128755089923,45.763636363636365,23,32,0.1454545454545454,0.0,0.8545454545454545,0.7971014492753623,0,"{""2023"": [-0.0336, 24], ""2024"": [0.0362, 31]}",-0.0018618672493244,REJECT,valid_trades>=100;valid_ci_lo>0;stress_mean_r>0,,native,recipe|30m|donchian_break|squeeze|both,,2020-01|2023-01|2025-01|2026-08,
b93522c421,2026-09-29 08:52 UTC,ETHUSDT,ideas\034_multiday_reversal_tf15_time.json,034_multiday_reversal_tf15_time,"Over five to ten days a 2-sigma move is not information, it is a position: the move is long enough that trend followers have added to it and leveraged accounts have been funded into it, and both need out at the same time. The counterparty is therefore not a view but a margin call, and margin calls unwind on the timeframe of days, not hours - which is why this was never visible at the 12h horizons where mean reversion was tested and rejected. The edge, if there is one, is that a stretched move overshoots because forced selling does not stop at a fair price, and part of the overshoot is handed back as the forced sellers become the buyers. This is the one reversion idea the project has not closed, and the difference from Exp 016's is the horizon, not the signal. [Timeframe variant of 034_multiday_reversal, 240m -> 15m, mode time: bar counts x16, ATR multiples x4.000, same hours and % stops.]",recipe,15,4,4,0.25,"{""atr_n"": 224, ""cooldown_bars"": 96, ""direction"": ""both"", ""filters"": [], ""max_hold_hours"": 96, ""stop"": {""max_atr"": 32.0, ""min_atr"": 6.0, ""pct"": 0.06, ""type"": ""pct""}, ""tp"": {""type"": ""none""}, ""trail_at"": 2.0, ""trail_atr"": 12.0, ""triggers"": [{""n"": 960, ""type"": ""zscore_revert"", ""z"": 2.0}]}","{""entry_fill_ratio"": 1.0, ""entry_mode"": ""post_only"", ""entry_offset_atr"": 0.4}",137,0.0113485831023988,0.0292304980565563,0.0178819149541575,0.1083535121995048,0,79,-0.0643754157849898,-0.270502486983168,0.1561923220730899,0.2681,-0.0456271461702039,0.0187482696147858,0.4177215189873418,0.8398203653635969,-0.0262615550902435,0.1319574613501936,78.01582278481013,36,43,0.3544303797468354,0.0,0.6455696202531646,0.6475409836065574,0,"{""2023"": [0.1299, 38], ""2024"": [-0.2444, 41]}",-0.0720556177914995,REJECT,valid_trades>=100;valid_mean_r>0;valid_ci_lo>0;stress_mean_r>0,,native,recipe|15m|zscore_revert|-|both,,2020-01|2023-01|2025-01|2026-08,
a7d6fc613e,2026-09-29 08:52 UTC,ETHUSDT,ideas\035_multiday_momentum_tf15_time.json,035_multiday_momentum_tf15_time,"A five to twenty day high or low is where trend-following funds add risk, because their mandate is to hold the extreme rather than to forecast it. That is a structural reason for the move to continue rather than reverse: the buyers of a new high are institutions with a rule that says buy, not people with a view. The reason to test it both-sided with no directional filter is that this effect should not care about the sign of the market - it continued down through 2022 and up through 2023-24, and a rule that only works in the bull market is the drift this project has spent four rounds trying to separate from an edge. The kill condition is deliberately two-sided: it dies if TRAIN gross_r <= 0, and it also dies if the whole result is one side in the period where that side matches the drift. [Timeframe variant of 035_multiday_momentum, 240m -> 15m, mode time: bar counts x16, ATR multiples x4.000, same hours and % stops.]",recipe,15,4,4,1.0,"{""atr_n"": 224, ""cooldown_bars"": 96, ""direction"": ""both"", ""filters"": [], ""max_hold_hours"": 72, ""stop"": {""max_atr"": 32.0, ""min_atr"": 6.0, ""pct"": 0.06, ""type"": ""pct""}, ""tp"": {""type"": ""none""}, ""trail_at"": 2.0, ""trail_atr"": 12.0, ""triggers"": [{""n"": 960, ""type"": ""donchian_break""}]}","{""entry_fill_ratio"": 1.0, ""entry_mode"": ""post_only"", ""entry_offset_atr"": 0.4}",127,0.2090683674944165,0.2271656736364041,0.0180973061419875,0.0733046040208984,0,74,-0.0018293268806513,-0.1921804406111255,0.2019699822448243,0.4851,0.0166705528667775,0.0184998797474289,0.4594594594594595,0.9846246486946746,-0.0018643113936006,0.1090907191039671,64.21283783783784,42,32,0.2162162162162162,0.0,0.7837837837837838,0.7708333333333334,0,"{""2023"": [-0.0382, 33], ""2024"": [0.0275, 41]}",-0.0093994501378508,REJECT,valid_trades>=100;valid_mean_r>0;valid_ci_lo>0;stress_mean_r>0,,native,recipe|15m|donchian_break|-|both,,2020-01|2023-01|2025-01|2026-08,
dc03c846d7,2026-09-29 08:52 UTC,ETHUSDT,ideas\036_keltner_multiday_tf15_time.json,036_keltner_multiday_tf15_time,"Idea 032 put a Keltner break on a 12h hold with an htf_trend filter, and produced Round 4's largest TRAIN gross - and was DRIFT, which is the pattern of the whole round: a real move at a horizon where cost eats it, or a filter that makes a both-sided idea long. This idea removes both problems at once. The channel is a volatility band, so it widens when price has been moving and narrows when it has not, and its break therefore means price has left a band whose width is itself a measure of movement. Held for days with a 6% stop, the gross move it captures is several times the 0.11% cost line, and with no directional filter at all it cannot be a disguised long. The pairs gridded are the two that survive constraint 5: `mult` is fixed at 2.0 because (n 20, mult 3.0) produced only 62 TRAIN signals and was dropped before running. [Timeframe variant of 036_keltner_multiday, 240m -> 15m, mode time: bar counts x16, ATR multiples x4.000, same hours and % stops.]",recipe,15,4,4,0.75,"{""atr_n"": 224, ""cooldown_bars"": 96, ""direction"": ""both"", ""filters"": [], ""max_hold_hours"": 96, ""stop"": {""max_atr"": 32.0, ""min_atr"": 6.0, ""pct"": 0.06, ""type"": ""pct""}, ""tp"": {""type"": ""none""}, ""trail_at"": 2.0, ""trail_atr"": 12.0, ""triggers"": [{""mult"": 2.0, ""n"": 800, ""type"": ""keltner_break""}]}","{""entry_fill_ratio"": 1.0, ""entry_mode"": ""post_only"", ""entry_offset_atr"": 0.4}",127,0.1057139149946485,0.1236263023360023,0.0179123873413538,0.0824847633386413,0,86,-0.0993637632261214,-0.2934887074915722,0.1134465639676912,0.164,-0.0807877583141413,0.01857600491198,0.3372093023255814,0.7504894609110317,-0.0435275609090659,0.1561581634260413,82.72383720930233,44,42,0.313953488372093,0.0,0.686046511627907,0.5695364238410596,0,"{""2023"": [-0.1254, 44], ""2024"": [-0.0721, 42]}",-0.1069608185534713,REJECT,valid_trades>=100;valid_mean_r>0;valid_ci_lo>0;stress_mean_r>0,,native,recipe|15m|keltner_break|-|both,,2020-01|2023-01|2025-01|2026-08,
3977cb5a69,2026-09-29 08:52 UTC,ETHUSDT,ideas\038_opening_range_both_sides_tf15_time.json,038_opening_range_both_sides_tf15_time,"A bug correction, not a new hypothesis. R4.2's 00:00 UTC opening-range break returned a (long, short) tuple where every trigger returns one signed array, so `recipe()` read 'either side fired' as LONG and the whole of Exp 022 ran long-only: 798 long trades and 0 short. Its control verdicts (DRIFT, NO_EDGE) stand and the round's conclusion is unchanged, but the structure itself was never actually tested on both sides, and it was the only Round 4 structure whose gross move exceeded the 0.11% cost line (+0.141% of price at 4h). The 00:00 print resets positioning once a day - brackets are rebuilt around it - so its first hour is a level with order flow behind it, and a close outside it is the first moment those brackets are all on the wrong side. This re-test adds what Round 4 did not have: a 6% stop and a 96h hold, so the gross move is measured against a cost of 0.043 R rather than 0.15 R. [Timeframe variant of 038_opening_range_both_sides, 240m -> 15m, mode time: bar counts x16, ATR multiples x4.000, same hours and % stops.]",recipe,15,4,4,0.25,"{""atr_n"": 224, ""cooldown_bars"": 96, ""direction"": ""both"", ""filters"": [], ""max_hold_hours"": 48, ""stop"": {""max_atr"": 32.0, ""min_atr"": 6.0, ""pct"": 0.05, ""type"": ""pct""}, ""tp"": {""type"": ""none""}, ""trail_at"": 2.0, ""trail_atr"": 12.0, ""triggers"": [{""hour"": 0, ""mins"": 60, ""type"": ""opening_range""}]}","{""entry_fill_ratio"": 1.0, ""entry_mode"": ""post_only"", ""entry_offset_atr"": 0.4}",319,0.0130840798881134,0.0340470341871613,0.0209629542990479,0.1955199651725532,0,201,0.0664801816270533,-0.0448208276466225,0.1816625474027094,0.8745,0.0885662691300096,0.0220860875029562,0.472636815920398,1.2302050829568965,0.0646986365679183,0.0672511043778877,44.103233830845774,100,101,0.1791044776119403,0.0,0.8159203980099502,0.5025,0,"{""2023"": [-0.0096, 103], ""2024"": [0.1464, 98]}",0.0574440100445812,WATCH,valid_ci_lo>0,,native,recipe|15m|opening_range|-|both,,2020-01|2023-01|2025-01|2026-08,
3260c92b45,2026-09-29 08:52 UTC,ETHUSDT,ideas\039_breakout_flow_confirm_tf15_time.json,039_breakout_flow_confirm_tf15_time,"A breakout is only new positioning if aggressive traders keep paying for it. A close through the n-bar high on above-average volume says many participants moved; the taker buy ratio says which side paid to move it. When both agree, the move is buyers arriving and the sellers who were defending the level are the ones who have to cover, and covering is a forced, price-insensitive order over the next days. The other side is resting liquidity and short-term faders, who are the liquidity this trade takes. A breakout without that flow is a different animal: it is a stop run through a thin book, it fills the breakout traders rather than the breakout traders' targets, and it reverses. That is why these are one idea and not two filters - flow without participation is a single trader getting filled, and participation without directional flow is a market-wide move nobody is fighting. Both directions, no trend filter, held for days. [Timeframe variant of 039_breakout_flow_confirm, 240m -> 15m, mode time: bar counts x16, ATR multiples x4.000, same hours and % stops.]",recipe,15,4,4,1.0,"{""atr_n"": 224, ""cooldown_bars"": 1, ""direction"": ""both"", ""filters"": [{""n"": 96, ""thresh"": 0.5, ""type"": ""taker_flow""}, {""k"": 1.5, ""n"": 480, ""type"": ""volume_spike""}], ""max_hold_hours"": 96, ""stop"": {""max_atr"": 32.0, ""min_atr"": 6.0, ""pct"": 0.06, ""type"": ""pct""}, ""tp"": {""type"": ""none""}, ""trail_at"": 2.0, ""trail_atr"": 12.0, ""triggers"": [{""n"": 480, ""type"": ""donchian_break""}]}","{""entry_fill_ratio"": 1.0, ""entry_mode"": ""post_only"", ""entry_offset_atr"": 0.4}",137,0.1046254569556218,0.122555917964801,0.0179304610091791,0.1099064841509374,0,94,0.0962656886176633,-0.1222151780272961,0.3455470371695966,0.7898,0.1149209836739884,0.018655295056325,0.4680851063829787,1.2434529252919242,0.0430529598434779,0.0684481856402664,81.93617021276596,45,49,0.3404255319148936,0.0,0.6595744680851063,0.7230769230769231,0,"{""2023"": [0.0034, 47], ""2024"": [0.1892, 47]}",0.0886254714099076,WATCH,valid_trades>=100;valid_ci_lo>0,,native,recipe|15m|donchian_break|taker_flow+volume_spike|both,,2020-01|2023-01|2025-01|2026-08,
7abe339633,2026-09-29 08:52 UTC,ETHUSDT,ideas\041_impulse_not_crowded_tf15_time.json,041_impulse_not_crowded_tf15_time,"Momentum works until it is crowded, and funding is the only place you can see the crowding before you join it. A strong multi-bar impulse on real volume is a real move, but if funding is already stretched in the impulse's own direction then the leveraged money that pushed it is already there, and the trade's counterparty is not faders who will cover - it is the same leveraged cohort that will be liquidated the moment the move pauses, which is what makes the late joiner the exit liquidity. So this takes the impulse only when funding says the crowd is not on that side, plus volume to confirm participation. Funding is used as a signal here and never as a return: the engine still pays and receives it as a cost on every trade (Exp 026 put carry strategies out of scope). The kill condition has two halves on purpose: a result carried entirely by one side is the drift this project has spent five rounds separating from an edge. [Timeframe variant of 041_impulse_not_crowded, 240m -> 15m, mode time: bar counts x16, ATR multiples x4.000, same hours and % stops.]",recipe,15,4,4,1.0,"{""atr_n"": 224, ""cooldown_bars"": 1, ""direction"": ""both"", ""filters"": [{""thresh"": 0.0002, ""type"": ""funding_not_crowded""}, {""k"": 1.5, ""n"": 480, ""type"": ""volume_spike""}], ""max_hold_hours"": 96, ""stop"": {""max_atr"": 32.0, ""min_atr"": 6.0, ""pct"": 0.06, ""type"": ""pct""}, ""tp"": {""type"": ""none""}, ""trail_at"": 2.0, ""trail_atr"": 12.0, ""triggers"": [{""atr_k"": 8.0, ""n"": 96, ""type"": ""momentum""}]}","{""entry_fill_ratio"": 1.0, ""entry_mode"": ""post_only"", ""entry_offset_atr"": 0.4}",127,0.108777875668087,0.1267450883061774,0.0179672126380904,0.1262076429419102,0,82,0.1065365570487733,-0.1306331889630234,0.3663581962468225,0.801,0.1250649446142667,0.0185283875654933,0.4878048780487805,1.2610016423768513,0.0415456165768732,0.0622532125026369,81.2439024390244,44,38,0.3780487804878049,0.0,0.6219512195121951,0.7068965517241379,0,"{""2023"": [0.1293, 35], ""2024"": [0.0895, 47]}",0.0989540793422067,WATCH,valid_trades>=100;valid_ci_lo>0,,native,recipe|15m|momentum|funding_not_crowded+volume_spike|both,,2020-01|2023-01|2025-01|2026-08,
69f8c9e5c1,2026-09-29 08:52 UTC,ETHUSDT,ideas\043_squeeze_multiday_break_tf15_time.json,043_squeeze_multiday_break_tf15_time,"Volatility clusters, and the mechanism for that is positions: in a quiet range, leverage is cheap and positions accumulate against a range that is not moving, so when something pushes price out of the range those positions all have to be closed at once and the move that follows is larger than the move that started it. A Bollinger squeeze is the observable version of that quiet range and a Donchian break is the observable version of the push, so the combination is a claim about mechanism rather than a stricter version of either block. The earlier test of this pair in this project (004, 013) had a trend filter and 12 h holds, which means it never tested the break at all - it tested the filter. This one has neither, and holds for days, which is the horizon over which a volatility expansion actually pays. `volume_spike` is left out on purpose: with it, n 20 gives only 103-122 TRAIN signals. [Timeframe variant of 043_squeeze_multiday_break, 240m -> 15m, mode time: bar counts x16, ATR multiples x4.000, same hours and % stops.]",recipe,15,4,4,1.0,"{""atr_n"": 224, ""cooldown_bars"": 1, ""direction"": ""both"", ""filters"": [{""lookback"": 2880, ""n"": 320, ""q"": 0.2, ""type"": ""squeeze""}], ""max_hold_hours"": 48, ""stop"": {""max_atr"": 32.0, ""min_atr"": 6.0, ""pct"": 0.06, ""type"": ""pct""}, ""tp"": {""type"": ""none""}, ""trail_at"": 2.0, ""trail_atr"": 12.0, ""triggers"": [{""n"": 320, ""type"": ""donchian_break""}]}","{""entry_fill_ratio"": 1.0, ""entry_mode"": ""post_only"", ""entry_offset_atr"": 0.4}",116,0.1939039399262825,0.212396799384182,0.0184928594578997,0.0712040335489279,0,56,0.0687265941159124,-0.1169141497040415,0.266710502575018,0.7508,0.0875264945650485,0.018799900449136,0.5535714285714286,1.2869135673713303,0.0184743444572144,0.041698681728518,46.83482142857143,28,28,0.1071428571428571,0.0,0.8928571428571429,0.717948717948718,0,"{""2023"": [-0.0775, 25], ""2024"": [0.1866, 31]}",0.061037076846574,WATCH,valid_trades>=100;valid_ci_lo>0,,native,recipe|15m|donchian_break|squeeze|both,,2020-01|2023-01|2025-01|2026-08,
e1708be3a1,2026-09-29 08:52 UTC,ETHUSDT,ideas\034_multiday_reversal_tf5_time.json,034_multiday_reversal_tf5_time,"Over five to ten days a 2-sigma move is not information, it is a position: the move is long enough that trend followers have added to it and leveraged accounts have been funded into it, and both need out at the same time. The counterparty is therefore not a view but a margin call, and margin calls unwind on the timeframe of days, not hours - which is why this was never visible at the 12h horizons where mean reversion was tested and rejected. The edge, if there is one, is that a stretched move overshoots because forced selling does not stop at a fair price, and part of the overshoot is handed back as the forced sellers become the buyers. This is the one reversion idea the project has not closed, and the difference from Exp 016's is the horizon, not the signal. [Timeframe variant of 034_multiday_reversal, 240m -> 5m, mode time: bar counts x48, ATR multiples x6.928, same hours and % stops.]",recipe,5,4,4,0.0,"{""atr_n"": 672, ""cooldown_bars"": 288, ""direction"": ""both"", ""filters"": [], ""max_hold_hours"": 48, ""stop"": {""max_atr"": 55.426, ""min_atr"": 10.392, ""pct"": 0.06, ""type"": ""pct""}, ""tp"": {""type"": ""none""}, ""trail_at"": 2.0, ""trail_atr"": 20.785, ""triggers"": [{""n"": 2880, ""type"": ""zscore_revert"", ""z"": 2.0}]}","{""entry_fill_ratio"": 1.0, ""entry_mode"": ""post_only"", ""entry_offset_atr"": 0.693}",127,-0.0923195867633145,-0.0743859669598529,0.0179336198034616,0.1770547957211765,0,79,-0.1409842339025933,-0.2813742399106921,0.0086453092106298,0.0322,-0.1221457714663957,0.0188384624361976,0.4177215189873418,0.5779567932793218,-0.0543668534641215,0.1079722314664654,42.69831223628693,36,43,0.2278481012658227,0.0,0.7721518987341772,0.4968553459119497,0,"{""2023"": [-0.0641, 39], ""2024"": [-0.2159, 40]}",-0.1486945449189927,REJECT,valid_trades>=100;train_mean_r>0;valid_mean_r>0;valid_ci_lo>0;stress_mean_r>0,,native,recipe|5m|zscore_revert|-|both,,2020-01|2023-01|2025-01|2026-08,
8debc4f4b2,2026-09-29 08:52 UTC,ETHUSDT,ideas\035_multiday_momentum_tf5_time.json,035_multiday_momentum_tf5_time,"A five to twenty day high or low is where trend-following funds add risk, because their mandate is to hold the extreme rather than to forecast it. That is a structural reason for the move to continue rather than reverse: the buyers of a new high are institutions with a rule that says buy, not people with a view. The reason to test it both-sided with no directional filter is that this effect should not care about the sign of the market - it continued down through 2022 and up through 2023-24, and a rule that only works in the bull market is the drift this project has spent four rounds trying to separate from an edge. The kill condition is deliberately two-sided: it dies if TRAIN gross_r <= 0, and it also dies if the whole result is one side in the period where that side matches the drift. [Timeframe variant of 035_multiday_momentum, 240m -> 5m, mode time: bar counts x48, ATR multiples x6.928, same hours and % stops.]",recipe,5,4,4,1.0,"{""atr_n"": 672, ""cooldown_bars"": 288, ""direction"": ""both"", ""filters"": [], ""max_hold_hours"": 120, ""stop"": {""max_atr"": 55.426, ""min_atr"": 10.392, ""pct"": 0.06, ""type"": ""pct""}, ""tp"": {""type"": ""none""}, ""trail_at"": 2.0, ""trail_atr"": 20.785, ""triggers"": [{""n"": 1440, ""type"": ""donchian_break""}]}","{""entry_fill_ratio"": 1.0, ""entry_mode"": ""post_only"", ""entry_offset_atr"": 0.693}",143,0.1495279577239002,0.1676791075919364,0.0181511498680362,0.1164161071755771,0,94,0.1326829489063679,-0.1001764582130514,0.3886390982908582,0.8518,0.1516594611458701,0.0189765122395021,0.4680851063829787,1.3237231416167885,0.0603771335262566,0.0621764768709365,96.6214539007092,47,47,0.351063829787234,0.0,0.648936170212766,0.7014925373134329,0,"{""2023"": [0.0739, 45], ""2024"": [0.1867, 49]}",0.1249062574233226,WATCH,valid_trades>=100;valid_ci_lo>0,,native,recipe|5m|donchian_break|-|both,,2020-01|2023-01|2025-01|2026-08,
33ef4be3de,2026-09-29 08:52 UTC,ETHUSDT,ideas\036_keltner_multiday_tf5_time.json,036_keltner_multiday_tf5_time,"Idea 032 put a Keltner break on a 12h hold with an htf_trend filter, and produced Round 4's largest TRAIN gross - and was DRIFT, which is the pattern of the whole round: a real move at a horizon where cost eats it, or a filter that makes a both-sided idea long. This idea removes both problems at once. The channel is a volatility band, so it widens when price has been moving and narrows when it has not, and its break therefore means price has left a band whose width is itself a measure of movement. Held for days with a 6% stop, the gross move it captures is several times the 0.11% cost line, and with no directional filter at all it cannot be a disguised long. The pairs gridded are the two that survive constraint 5: `mult` is fixed at 2.0 because (n 20, mult 3.0) produced only 62 TRAIN signals and was dropped before running. [Timeframe variant of 036_keltner_multiday, 240m -> 5m, mode time: bar counts x48, ATR multiples x6.928, same hours and % stops.]",recipe,5,4,3,0.3333333333333333,"{""atr_n"": 672, ""cooldown_bars"": 288, ""direction"": ""both"", ""filters"": [], ""max_hold_hours"": 48, ""stop"": {""max_atr"": 55.426, ""min_atr"": 10.392, ""pct"": 0.06, ""type"": ""pct""}, ""tp"": {""type"": ""none""}, ""trail_at"": 2.0, ""trail_atr"": 20.785, ""triggers"": [{""mult"": 2.0, ""n"": 2400, ""type"": ""keltner_break""}]}","{""entry_fill_ratio"": 1.0, ""entry_mode"": ""post_only"", ""entry_offset_atr"": 0.693}",107,0.0703398420399844,0.0882710518251373,0.0179312097851528,0.0678818363029013,0,81,-0.0047293813797305,-0.1329507236056837,0.1318609734502055,0.4776,0.0139527478901905,0.0186821292699211,0.4691358024691358,0.9714310415391983,-0.0026335022029971,0.0375814786322492,45.80555555555555,45,36,0.1111111111111111,0.0,0.8888888888888888,0.3632286995515695,0,"{""2023"": [0.0253, 43], ""2024"": [-0.0388, 38]}",-0.0123692716922452,REJECT,valid_trades>=100;valid_mean_r>0;valid_ci_lo>0;stress_mean_r>0,,native,recipe|5m|keltner_break|-|both,,2020-01|2023-01|2025-01|2026-08,
cdb679cdc3,2026-09-29 08:53 UTC,ETHUSDT,ideas\038_opening_range_both_sides_tf5_time.json,038_opening_range_both_sides_tf5_time,"A bug correction, not a new hypothesis. R4.2's 00:00 UTC opening-range break returned a (long, short) tuple where every trigger returns one signed array, so `recipe()` read 'either side fired' as LONG and the whole of Exp 022 ran long-only: 798 long trades and 0 short. Its control verdicts (DRIFT, NO_EDGE) stand and the round's conclusion is unchanged, but the structure itself was never actually tested on both sides, and it was the only Round 4 structure whose gross move exceeded the 0.11% cost line (+0.141% of price at 4h). The 00:00 print resets positioning once a day - brackets are rebuilt around it - so its first hour is a level with order flow behind it, and a close outside it is the first moment those brackets are all on the wrong side. This re-test adds what Round 4 did not have: a 6% stop and a 96h hold, so the gross move is measured against a cost of 0.043 R rather than 0.15 R. [Timeframe variant of 038_opening_range_both_sides, 240m -> 5m, mode time: bar counts x48, ATR multiples x6.928, same hours and % stops.]",recipe,5,4,4,0.5,"{""atr_n"": 672, ""cooldown_bars"": 288, ""direction"": ""both"", ""filters"": [], ""max_hold_hours"": 96, ""stop"": {""max_atr"": 55.426, ""min_atr"": 10.392, ""pct"": 0.05, ""type"": ""pct""}, ""tp"": {""type"": ""none""}, ""trail_at"": 2.0, ""trail_atr"": 20.785, ""triggers"": [{""hour"": 0, ""mins"": 60, ""type"": ""opening_range""}]}","{""entry_fill_ratio"": 1.0, ""entry_mode"": ""post_only"", ""entry_offset_atr"": 0.693}",166,0.0504062903139893,0.0716933031161476,0.0212870128021583,0.1710045625264974,0,115,-0.0446196425683979,-0.241495309988221,0.1666666543666628,0.3222,-0.0223985666614166,0.0222210759069813,0.4260869565217391,0.8857847915894285,-0.0283926538601718,0.1441918830766918,69.01304347826087,58,57,0.4434782608695652,0.0,0.5478260869565217,0.2987012987012987,0,"{""2023"": [-0.152, 63], ""2024"": [0.0855, 52]}",-0.0537122351578288,REJECT,valid_mean_r>0;valid_ci_lo>0;stress_mean_r>0,,native,recipe|5m|opening_range|-|both,,2020-01|2023-01|2025-01|2026-08,
3fbc4022a1,2026-09-29 08:53 UTC,ETHUSDT,ideas\039_breakout_flow_confirm_tf5_time.json,039_breakout_flow_confirm_tf5_time,"A breakout is only new positioning if aggressive traders keep paying for it. A close through the n-bar high on above-average volume says many participants moved; the taker buy ratio says which side paid to move it. When both agree, the move is buyers arriving and the sellers who were defending the level are the ones who have to cover, and covering is a forced, price-insensitive order over the next days. The other side is resting liquidity and short-term faders, who are the liquidity this trade takes. A breakout without that flow is a different animal: it is a stop run through a thin book, it fills the breakout traders rather than the breakout traders' targets, and it reverses. That is why these are one idea and not two filters - flow without participation is a single trader getting filled, and participation without directional flow is a market-wide move nobody is fighting. Both directions, no trend filter, held for days. [Timeframe variant of 039_breakout_flow_confirm, 240m -> 5m, mode time: bar counts x48, ATR multiples x6.928, same hours and % stops.]",recipe,5,4,4,1.0,"{""atr_n"": 672, ""cooldown_bars"": 1, ""direction"": ""both"", ""filters"": [{""n"": 288, ""thresh"": 0.5, ""type"": ""taker_flow""}, {""k"": 1.5, ""n"": 1440, ""type"": ""volume_spike""}], ""max_hold_hours"": 96, ""stop"": {""max_atr"": 55.426, ""min_atr"": 10.392, ""pct"": 0.06, ""type"": ""pct""}, ""tp"": {""type"": ""none""}, ""trail_at"": 2.0, ""trail_atr"": 20.785, ""triggers"": [{""n"": 1440, ""type"": ""donchian_break""}]}","{""entry_fill_ratio"": 1.0, ""entry_mode"": ""post_only"", ""entry_offset_atr"": 0.693}",149,0.0759476995216182,0.0939851861737701,0.0180374866521518,0.1365047262524555,0,95,0.158133097549648,-0.0677290851752368,0.3927035091732497,0.9101,0.1769587658052893,0.0188256682556412,0.5263157894736842,1.4319029802776362,0.0740572963780059,0.058913877225284,78.84298245614035,42,53,0.3578947368421052,0.0,0.6421052631578947,0.6884057971014492,0,"{""2023"": [0.0675, 48], ""2024"": [0.2507, 47]}",0.1504215984066332,WATCH,valid_trades>=100;valid_ci_lo>0,,native,recipe|5m|donchian_break|taker_flow+volume_spike|both,,2020-01|2023-01|2025-01|2026-08,
0afc503fc2,2026-09-29 08:53 UTC,ETHUSDT,ideas\041_impulse_not_crowded_tf5_time.json,041_impulse_not_crowded_tf5_time,"Momentum works until it is crowded, and funding is the only place you can see the crowding before you join it. A strong multi-bar impulse on real volume is a real move, but if funding is already stretched in the impulse's own direction then the leveraged money that pushed it is already there, and the trade's counterparty is not faders who will cover - it is the same leveraged cohort that will be liquidated the moment the move pauses, which is what makes the late joiner the exit liquidity. So this takes the impulse only when funding says the crowd is not on that side, plus volume to confirm participation. Funding is used as a signal here and never as a return: the engine still pays and receives it as a cost on every trade (Exp 026 put carry strategies out of scope). The kill condition has two halves on purpose: a result carried entirely by one side is the drift this project has spent five rounds separating from an edge. [Timeframe variant of 041_impulse_not_crowded, 240m -> 5m, mode time: bar counts x48, ATR multiples x6.928, same hours and % stops.]",recipe,5,4,3,1.0,"{""atr_n"": 672, ""cooldown_bars"": 1, ""direction"": ""both"", ""filters"": [{""thresh"": 0.0003, ""type"": ""funding_not_crowded""}, {""k"": 1.5, ""n"": 1440, ""type"": ""volume_spike""}], ""max_hold_hours"": 96, ""stop"": {""max_atr"": 55.426, ""min_atr"": 10.392, ""pct"": 0.06, ""type"": ""pct""}, ""tp"": {""type"": ""none""}, ""trail_at"": 2.0, ""trail_atr"": 20.785, ""triggers"": [{""atr_k"": 13.856, ""n"": 288, ""type"": ""momentum""}]}","{""entry_fill_ratio"": 1.0, ""entry_mode"": ""post_only"", ""entry_offset_atr"": 0.693}",101,0.1020949291521536,0.119851279506748,0.0177563503545944,0.1007249750863363,0,69,0.0632548044686657,-0.1369848990777402,0.272665798043452,0.7258,0.0818809624480684,0.0186261579794027,0.5362318840579711,1.18386235481769,0.0202977849695462,0.0732736800283613,82.92632850241547,34,35,0.3188405797101449,0.0,0.6811594202898551,0.5267175572519084,0,"{""2023"": [-0.1414, 33], ""2024"": [0.2508, 36]}",0.0556256179975951,WATCH,valid_trades>=100;valid_ci_lo>0,,native,recipe|5m|momentum|funding_not_crowded+volume_spike|both,,2020-01|2023-01|2025-01|2026-08,
b1110fa948,2026-09-29 08:53 UTC,ETHUSDT,ideas\043_squeeze_multiday_break_tf5_time.json,043_squeeze_multiday_break_tf5_time,"Volatility clusters, and the mechanism for that is positions: in a quiet range, leverage is cheap and positions accumulate against a range that is not moving, so when something pushes price out of the range those positions all have to be closed at once and the move that follows is larger than the move that started it. A Bollinger squeeze is the observable version of that quiet range and a Donchian break is the observable version of the push, so the combination is a claim about mechanism rather than a stricter version of either block. The earlier test of this pair in this project (004, 013) had a trend filter and 12 h holds, which means it never tested the break at all - it tested the filter. This one has neither, and holds for days, which is the horizon over which a volatility expansion actually pays. `volume_spike` is left out on purpose: with it, n 20 gives only 103-122 TRAIN signals. [Timeframe variant of 043_squeeze_multiday_break, 240m -> 5m, mode time: bar counts x48, ATR multiples x6.928, same hours and % stops.]",recipe,5,4,4,1.0,"{""atr_n"": 672, ""cooldown_bars"": 1, ""direction"": ""both"", ""filters"": [{""lookback"": 8640, ""n"": 960, ""q"": 0.2, ""type"": ""squeeze""}], ""max_hold_hours"": 96, ""stop"": {""max_atr"": 55.426, ""min_atr"": 10.392, ""pct"": 0.06, ""type"": ""pct""}, ""tp"": {""type"": ""none""}, ""trail_at"": 2.0, ""trail_atr"": 20.785, ""triggers"": [{""n"": 960, ""type"": ""donchian_break""}]}","{""entry_fill_ratio"": 1.0, ""entry_mode"": ""post_only"", ""entry_offset_atr"": 0.693}",111,0.1239969223654853,0.1424287856015989,0.0184318632361135,0.0616961429245862,0,54,0.2036960049889394,-0.1128785157934223,0.5537498038346667,0.8836,0.2226804230446935,0.018984418055754,0.5,1.5637166978834307,0.0539390071566403,0.0583429617143688,79.42746913580248,28,26,0.3148148148148148,0.0,0.6851851851851852,0.5806451612903226,0,"{""2023"": [0.107, 25], ""2024"": [0.2871, 29]}",0.1959341977792226,WATCH,valid_trades>=100;valid_ci_lo>0,,native,recipe|5m|donchian_break|squeeze|both,,2020-01|2023-01|2025-01|2026-08,
25695d0ec2,2026-09-29 08:53 UTC,ETHUSDT,ideas\034_multiday_reversal_tf3_time.json,034_multiday_reversal_tf3_time,"Over five to ten days a 2-sigma move is not information, it is a position: the move is long enough that trend followers have added to it and leveraged accounts have been funded into it, and both need out at the same time. The counterparty is therefore not a view but a margin call, and margin calls unwind on the timeframe of days, not hours - which is why this was never visible at the 12h horizons where mean reversion was tested and rejected. The edge, if there is one, is that a stretched move overshoots because forced selling does not stop at a fair price, and part of the overshoot is handed back as the forced sellers become the buyers. This is the one reversion idea the project has not closed, and the difference from Exp 016's is the horizon, not the signal. [Timeframe variant of 034_multiday_reversal, 240m -> 3m, mode time: bar counts x80, ATR multiples x8.944, same hours and % stops.]",recipe,3,4,3,0.0,"{""atr_n"": 1120, ""cooldown_bars"": 480, ""direction"": ""both"", ""filters"": [], ""max_hold_hours"": 48, ""stop"": {""max_atr"": 71.554, ""min_atr"": 13.416, ""pct"": 0.06, ""type"": ""pct""}, ""tp"": {""type"": ""none""}, ""trail_at"": 2.0, ""trail_atr"": 26.833, ""triggers"": [{""n"": 4800, ""type"": ""zscore_revert"", ""z"": 2.0}]}","{""entry_fill_ratio"": 1.0, ""entry_mode"": ""post_only"", ""entry_offset_atr"": 0.894}",100,-0.0677978473070467,-0.0497235460693486,0.0180743012376981,0.1588477563746846,0,65,-0.1895259319206347,-0.3544882382346818,-0.0190388388275311,0.0156,-0.1706663912370034,0.0188595406836312,0.4461538461538462,0.4936992559998482,-0.0597689896711461,0.1283842807525281,42.19692307692308,32,33,0.2923076923076923,0.0,0.7076923076923077,0.3846153846153846,0,"{""2023"": [-0.1186, 36], ""2024"": [-0.2776, 29]}",-0.1972376659697511,REJECT,valid_trades>=100;train_mean_r>0;valid_mean_r>0;valid_ci_lo>0;stress_mean_r>0,,native,recipe|3m|zscore_revert|-|both,,2020-01|2023-01|2025-01|2026-08,
9dced6a025,2026-09-29 08:53 UTC,ETHUSDT,ideas\035_multiday_momentum_tf3_time.json,035_multiday_momentum_tf3_time,"A five to twenty day high or low is where trend-following funds add risk, because their mandate is to hold the extreme rather than to forecast it. That is a structural reason for the move to continue rather than reverse: the buyers of a new high are institutions with a rule that says buy, not people with a view. The reason to test it both-sided with no directional filter is that this effect should not care about the sign of the market - it continued down through 2022 and up through 2023-24, and a rule that only works in the bull market is the drift this project has spent four rounds trying to separate from an edge. The kill condition is deliberately two-sided: it dies if TRAIN gross_r <= 0, and it also dies if the whole result is one side in the period where that side matches the drift. [Timeframe variant of 035_multiday_momentum, 240m -> 3m, mode time: bar counts x80, ATR multiples x8.944, same hours and % stops.]",recipe,3,4,4,0.75,"{""atr_n"": 1120, ""cooldown_bars"": 480, ""direction"": ""both"", ""filters"": [], ""max_hold_hours"": 72, ""stop"": {""max_atr"": 71.554, ""min_atr"": 13.416, ""pct"": 0.06, ""type"": ""pct""}, ""tp"": {""type"": ""none""}, ""trail_at"": 2.0, ""trail_atr"": 26.833, ""triggers"": [{""n"": 4800, ""type"": ""donchian_break""}]}","{""entry_fill_ratio"": 1.0, ""entry_mode"": ""post_only"", ""entry_offset_atr"": 0.894}",117,0.1231797377188519,0.1412676616274046,0.0180879239085527,0.0625323170711642,0,79,-0.0265181617794783,-0.2248024159614174,0.1955854380624235,0.3947,-0.0079217589379549,0.0185964028415233,0.4430379746835443,0.9130426469283144,-0.0122617525973821,0.0964362957656037,62.01392405063291,45,34,0.2784810126582278,0.0,0.7215189873417721,0.6929824561403509,0,"{""2023"": [-0.124, 40], ""2024"": [0.0734, 39]}",-0.0341261579026293,REJECT,valid_trades>=100;valid_mean_r>0;valid_ci_lo>0;stress_mean_r>0,,native,recipe|3m|donchian_break|-|both,,2020-01|2023-01|2025-01|2026-08,
0dff623a3b,2026-09-29 08:53 UTC,ETHUSDT,ideas\036_keltner_multiday_tf3_time.json,036_keltner_multiday_tf3_time,"Idea 032 put a Keltner break on a 12h hold with an htf_trend filter, and produced Round 4's largest TRAIN gross - and was DRIFT, which is the pattern of the whole round: a real move at a horizon where cost eats it, or a filter that makes a both-sided idea long. This idea removes both problems at once. The channel is a volatility band, so it widens when price has been moving and narrows when it has not, and its break therefore means price has left a band whose width is itself a measure of movement. Held for days with a 6% stop, the gross move it captures is several times the 0.11% cost line, and with no directional filter at all it cannot be a disguised long. The pairs gridded are the two that survive constraint 5: `mult` is fixed at 2.0 because (n 20, mult 3.0) produced only 62 TRAIN signals and was dropped before running. [Timeframe variant of 036_keltner_multiday, 240m -> 3m, mode time: bar counts x80, ATR multiples x8.944, same hours and % stops.]",recipe,3,4,2,0.0,"{""atr_n"": 1120, ""cooldown_bars"": 480, ""direction"": ""both"", ""filters"": [], ""max_hold_hours"": 48, ""stop"": {""max_atr"": 71.554, ""min_atr"": 13.416, ""pct"": 0.06, ""type"": ""pct""}, ""tp"": {""type"": ""none""}, ""trail_at"": 2.0, ""trail_atr"": 26.833, ""triggers"": [{""mult"": 2.0, ""n"": 1600, ""type"": ""keltner_break""}]}","{""entry_fill_ratio"": 1.0, ""entry_mode"": ""post_only"", ""entry_offset_atr"": 0.894}",131,-0.0255275146827082,-0.0072910787528187,0.0182364359298895,0.1145092075970557,0,109,0.017601074514798,-0.1038554126055034,0.1420860735738547,0.6017,0.0361509494449069,0.0185498749301089,0.4862385321100917,1.0685951472581632,0.0082697913573266,0.0612794292360926,46.17798165137615,51,58,0.1009174311926605,0.0,0.8990825688073395,0.3343558282208589,0,"{""2023"": [-0.0494, 55], ""2024"": [0.0859, 54]}",0.0100089103630117,REJECT,train_mean_r>0;valid_ci_lo>0,,native,recipe|3m|keltner_break|-|both,,2020-01|2023-01|2025-01|2026-08,
41f0eecebe,2026-09-29 08:53 UTC,ETHUSDT,ideas\038_opening_range_both_sides_tf3_time.json,038_opening_range_both_sides_tf3_time,"A bug correction, not a new hypothesis. R4.2's 00:00 UTC opening-range break returned a (long, short) tuple where every trigger returns one signed array, so `recipe()` read 'either side fired' as LONG and the whole of Exp 022 ran long-only: 798 long trades and 0 short. Its control verdicts (DRIFT, NO_EDGE) stand and the round's conclusion is unchanged, but the structure itself was never actually tested on both sides, and it was the only Round 4 structure whose gross move exceeded the 0.11% cost line (+0.141% of price at 4h). The 00:00 print resets positioning once a day - brackets are rebuilt around it - so its first hour is a level with order flow behind it, and a close outside it is the first moment those brackets are all on the wrong side. This re-test adds what Round 4 did not have: a 6% stop and a 96h hold, so the gross move is measured against a cost of 0.043 R rather than 0.15 R. [Timeframe variant of 038_opening_range_both_sides, 240m -> 3m, mode time: bar counts x80, ATR multiples x8.944, same hours and % stops.]",recipe,3,4,4,1.0,"{""atr_n"": 1120, ""cooldown_bars"": 480, ""direction"": ""both"", ""filters"": [], ""max_hold_hours"": 96, ""stop"": {""max_atr"": 71.554, ""min_atr"": 13.416, ""pct"": 0.05, ""type"": ""pct""}, ""tp"": {""type"": ""none""}, ""trail_at"": 2.0, ""trail_atr"": 26.833, ""triggers"": [{""hour"": 0, ""mins"": 60, ""type"": ""opening_range""}]}","{""entry_fill_ratio"": 1.0, ""entry_mode"": ""post_only"", ""entry_offset_atr"": 0.894}",134,0.1033172575574906,0.124682202992884,0.0213649454353934,0.1486823839069847,0,94,0.0301881089414074,-0.2151669547200359,0.2906096356131506,0.5768,0.0526595631730139,0.0224714542316064,0.425531914893617,1.0497822144475797,0.0107210311290839,0.1073510426717269,71.76702127659574,43,51,0.4574468085106383,0.0,0.5425531914893617,0.2265060240963855,0,"{""2023"": [0.0796, 44], ""2024"": [-0.0133, 50]}",0.0209834828186019,WATCH,valid_trades>=100;valid_ci_lo>0,,native,recipe|3m|opening_range|-|both,,2020-01|2023-01|2025-01|2026-08,
37f2c60e8d,2026-09-29 08:53 UTC,ETHUSDT,ideas\039_breakout_flow_confirm_tf3_time.json,039_breakout_flow_confirm_tf3_time,"A breakout is only new positioning if aggressive traders keep paying for it. A close through the n-bar high on above-average volume says many participants moved; the taker buy ratio says which side paid to move it. When both agree, the move is buyers arriving and the sellers who were defending the level are the ones who have to cover, and covering is a forced, price-insensitive order over the next days. The other side is resting liquidity and short-term faders, who are the liquidity this trade takes. A breakout without that flow is a different animal: it is a stop run through a thin book, it fills the breakout traders rather than the breakout traders' targets, and it reverses. That is why these are one idea and not two filters - flow without participation is a single trader getting filled, and participation without directional flow is a market-wide move nobody is fighting. Both directions, no trend filter, held for days. [Timeframe variant of 039_breakout_flow_confirm, 240m -> 3m, mode time: bar counts x80, ATR multiples x8.944, same hours and % stops.]",recipe,3,4,4,1.0,"{""atr_n"": 1120, ""cooldown_bars"": 1, ""direction"": ""both"", ""filters"": [{""n"": 480, ""thresh"": 0.5, ""type"": ""taker_flow""}, {""k"": 1.5, ""n"": 2400, ""type"": ""volume_spike""}], ""max_hold_hours"": 96, ""stop"": {""max_atr"": 71.554, ""min_atr"": 13.416, ""pct"": 0.06, ""type"": ""pct""}, ""tp"": {""type"": ""none""}, ""trail_at"": 2.0, ""trail_atr"": 26.833, ""triggers"": [{""n"": 2400, ""type"": ""donchian_break""}]}","{""entry_fill_ratio"": 1.0, ""entry_mode"": ""post_only"", ""entry_offset_atr"": 0.894}",142,0.0538766169983394,0.0719385118132524,0.018061894814913,0.1025580709123156,0,97,0.1334772751152338,-0.0943721648701513,0.3803926479916481,0.8748,0.1523173611253178,0.0188400860100838,0.4432989690721649,1.3570786128881178,0.0637147225610539,0.0593786165638994,79.29896907216495,45,52,0.3505154639175257,0.0,0.6494845360824743,0.7637795275590551,0,"{""2023"": [0.1148, 49], ""2024"": [0.1525, 48]}",0.1257630351330446,WATCH,valid_trades>=100;valid_ci_lo>0,,native,recipe|3m|donchian_break|taker_flow+volume_spike|both,,2020-01|2023-01|2025-01|2026-08,
b81e2d2290,2026-09-29 08:53 UTC,ETHUSDT,ideas\041_impulse_not_crowded_tf3_time.json,041_impulse_not_crowded_tf3_time,"Momentum works until it is crowded, and funding is the only place you can see the crowding before you join it. A strong multi-bar impulse on real volume is a real move, but if funding is already stretched in the impulse's own direction then the leveraged money that pushed it is already there, and the trade's counterparty is not faders who will cover - it is the same leveraged cohort that will be liquidated the moment the move pauses, which is what makes the late joiner the exit liquidity. So this takes the impulse only when funding says the crowd is not on that side, plus volume to confirm participation. Funding is used as a signal here and never as a return: the engine still pays and receives it as a cost on every trade (Exp 026 put carry strategies out of scope). The kill condition has two halves on purpose: a result carried entirely by one side is the drift this project has spent five rounds separating from an edge. [Timeframe variant of 041_impulse_not_crowded, 240m -> 3m, mode time: bar counts x80, ATR multiples x8.944, same hours and % stops.]",recipe,3,4,2,1.0,"{""atr_n"": 1120, ""cooldown_bars"": 1, ""direction"": ""both"", ""filters"": [{""thresh"": 0.0003, ""type"": ""funding_not_crowded""}, {""k"": 1.5, ""n"": 2400, ""type"": ""volume_spike""}], ""max_hold_hours"": 96, ""stop"": {""max_atr"": 71.554, ""min_atr"": 13.416, ""pct"": 0.06, ""type"": ""pct""}, ""tp"": {""type"": ""none""}, ""trail_at"": 2.0, ""trail_atr"": 26.833, ""triggers"": [{""atr_k"": 13.416, ""n"": 480, ""type"": ""momentum""}]}","{""entry_fill_ratio"": 1.0, ""entry_mode"": ""post_only"", ""entry_offset_atr"": 0.894}",144,0.0490178207758722,0.0668000760622369,0.0177822552863646,0.0956196753147824,0,105,0.0610806277670145,-0.1270850376764964,0.2706255300544506,0.7242,0.0799588593977494,0.0188782316307348,0.4476190476190476,1.155255717438252,0.0297871316021172,0.0862822342868002,78.62095238095237,50,55,0.3428571428571428,0.0,0.6571428571428571,0.4038461538461538,0,"{""2023"": [0.002, 55], ""2024"": [0.1261, 50]}",0.0533513830031053,WATCH,valid_ci_lo>0,,native,recipe|3m|momentum|funding_not_crowded+volume_spike|both,,2020-01|2023-01|2025-01|2026-08,
c3c012624d,2026-09-29 08:53 UTC,ETHUSDT,ideas\043_squeeze_multiday_break_tf3_time.json,043_squeeze_multiday_break_tf3_time,"Volatility clusters, and the mechanism for that is positions: in a quiet range, leverage is cheap and positions accumulate against a range that is not moving, so when something pushes price out of the range those positions all have to be closed at once and the move that follows is larger than the move that started it. A Bollinger squeeze is the observable version of that quiet range and a Donchian break is the observable version of the push, so the combination is a claim about mechanism rather than a stricter version of either block. The earlier test of this pair in this project (004, 013) had a trend filter and 12 h holds, which means it never tested the break at all - it tested the filter. This one has neither, and holds for days, which is the horizon over which a volatility expansion actually pays. `volume_spike` is left out on purpose: with it, n 20 gives only 103-122 TRAIN signals. [Timeframe variant of 043_squeeze_multiday_break, 240m -> 3m, mode time: bar counts x80, ATR multiples x8.944, same hours and % stops.]",recipe,3,4,4,1.0,"{""atr_n"": 1120, ""cooldown_bars"": 1, ""direction"": ""both"", ""filters"": [{""lookback"": 14400, ""n"": 1600, ""q"": 0.2, ""type"": ""squeeze""}], ""max_hold_hours"": 48, ""stop"": {""max_atr"": 71.554, ""min_atr"": 13.416, ""pct"": 0.06, ""type"": ""pct""}, ""tp"": {""type"": ""none""}, ""trail_at"": 2.0, ""trail_atr"": 26.833, ""triggers"": [{""n"": 1600, ""type"": ""donchian_break""}]}","{""entry_fill_ratio"": 1.0, ""entry_mode"": ""post_only"", ""entry_offset_atr"": 0.894}",121,0.1235043675004092,0.1419211983693986,0.0184168308689894,0.0681653841003288,0,67,0.0433283874160663,-0.1503636377532501,0.2440387348339871,0.6677,0.0624564382636897,0.0191280508476234,0.4626865671641791,1.144005821573202,0.0134920669818248,0.048476999904484,44.97089552238806,34,33,0.1791044776119403,0.0,0.8208955223880597,0.67,0,"{""2023"": [-0.017, 33], ""2024"": [0.1019, 34]}",0.0355020605739548,WATCH,valid_trades>=100;valid_ci_lo>0,,native,recipe|3m|donchian_break|squeeze|both,,2020-01|2023-01|2025-01|2026-08,
90adff7a95,2026-09-29 08:54 UTC,ETHUSDT,ideas\034_multiday_reversal_tf1_time.json,034_multiday_reversal_tf1_time,"Over five to ten days a 2-sigma move is not information, it is a position: the move is long enough that trend followers have added to it and leveraged accounts have been funded into it, and both need out at the same time. The counterparty is therefore not a view but a margin call, and margin calls unwind on the timeframe of days, not hours - which is why this was never visible at the 12h horizons where mean reversion was tested and rejected. The edge, if there is one, is that a stretched move overshoots because forced selling does not stop at a fair price, and part of the overshoot is handed back as the forced sellers become the buyers. This is the one reversion idea the project has not closed, and the difference from Exp 016's is the horizon, not the signal. [Timeframe variant of 034_multiday_reversal, 240m -> 1m, mode time: bar counts x240, ATR multiples x15.492, same hours and % stops.]",recipe,1,4,0,,"{""atr_n"": 3360, ""cooldown_bars"": 1440, ""direction"": ""both"", ""filters"": [], ""max_hold_hours"": 48, ""stop"": {""max_atr"": 123.935, ""min_atr"": 23.238, ""pct"": 0.06, ""type"": ""pct""}, ""tp"": {""type"": ""none""}, ""trail_at"": 2.0, ""trail_atr"": 46.476, ""triggers"": [{""n"": 14400, ""type"": ""zscore_revert"", ""z"": 2.0}]}","{""entry_fill_ratio"": 1.0, ""entry_mode"": ""post_only"", ""entry_offset_atr"": 1.549}",84,-0.1061365077052298,-0.0878285080113431,0.0183079996938866,0.1158258377836262,0,65,-0.2183874003172663,-0.3718923784104656,-0.0671635220892877,0.0016,-0.1985930328694108,0.0197943674478555,0.4307692307692308,0.4291098598713055,-0.0685183676859454,0.1330303997084988,40.52794871794872,29,36,0.2923076923076923,0.0,0.7076923076923077,0.3513513513513513,0,"{""2023"": [-0.1451, 37], ""2024"": [-0.3152, 28]}",-0.2264886210680963,INCONCLUSIVE,valid_trades>=100;train_mean_r>0;valid_mean_r>0;valid_ci_lo>0;stress_mean_r>0,,native,recipe|1m|zscore_revert|-|both,,2020-01|2023-01|2025-01|2026-08,
a3116dd410,2026-09-29 08:54 UTC,ETHUSDT,ideas\035_multiday_momentum_tf1_time.json,035_multiday_momentum_tf1_time,"A five to twenty day high or low is where trend-following funds add risk, because their mandate is to hold the extreme rather than to forecast it. That is a structural reason for the move to continue rather than reverse: the buyers of a new high are institutions with a rule that says buy, not people with a view. The reason to test it both-sided with no directional filter is that this effect should not care about the sign of the market - it continued down through 2022 and up through 2023-24, and a rule that only works in the bull market is the drift this project has spent four rounds trying to separate from an edge. The kill condition is deliberately two-sided: it dies if TRAIN gross_r <= 0, and it also dies if the whole result is one side in the period where that side matches the drift. [Timeframe variant of 035_multiday_momentum, 240m -> 1m, mode time: bar counts x240, ATR multiples x15.492, same hours and % stops.]",recipe,1,4,2,1.0,"{""atr_n"": 3360, ""cooldown_bars"": 1440, ""direction"": ""both"", ""filters"": [], ""max_hold_hours"": 120, ""stop"": {""max_atr"": 123.935, ""min_atr"": 23.238, ""pct"": 0.06, ""type"": ""pct""}, ""tp"": {""type"": ""none""}, ""trail_at"": 2.0, ""trail_atr"": 46.476, ""triggers"": [{""n"": 7200, ""type"": ""donchian_break""}]}","{""entry_fill_ratio"": 1.0, ""entry_mode"": ""post_only"", ""entry_offset_atr"": 1.549}",103,0.101056941303573,0.1193070319116695,0.0182500906080966,0.1066880758391513,0,79,0.0923304941271509,-0.191374052163492,0.4191361333785505,0.707,0.1122268239288005,0.0198963298016495,0.3924050632911392,1.186282048526018,0.032979700672195,0.0781059958131225,89.74113924050633,37,42,0.430379746835443,0.0,0.5569620253164557,0.4787878787878787,0,"{""2023"": [0.1895, 38], ""2024"": [0.0023, 41]}",0.0841858212923918,WATCH,valid_trades>=100;valid_ci_lo>0,,native,recipe|1m|donchian_break|-|both,,2020-01|2023-01|2025-01|2026-08,
c7019bf50f,2026-09-29 08:54 UTC,ETHUSDT,ideas\036_keltner_multiday_tf1_time.json,036_keltner_multiday_tf1_time,"Idea 032 put a Keltner break on a 12h hold with an htf_trend filter, and produced Round 4's largest TRAIN gross - and was DRIFT, which is the pattern of the whole round: a real move at a horizon where cost eats it, or a filter that makes a both-sided idea long. This idea removes both problems at once. The channel is a volatility band, so it widens when price has been moving and narrows when it has not, and its break therefore means price has left a band whose width is itself a measure of movement. Held for days with a 6% stop, the gross move it captures is several times the 0.11% cost line, and with no directional filter at all it cannot be a disguised long. The pairs gridded are the two that survive constraint 5: `mult` is fixed at 2.0 because (n 20, mult 3.0) produced only 62 TRAIN signals and was dropped before running. [Timeframe variant of 036_keltner_multiday, 240m -> 1m, mode time: bar counts x240, ATR multiples x15.492, same hours and % stops.]",recipe,1,4,0,,"{""atr_n"": 3360, ""cooldown_bars"": 1440, ""direction"": ""both"", ""filters"": [], ""max_hold_hours"": 48, ""stop"": {""max_atr"": 123.935, ""min_atr"": 23.238, ""pct"": 0.06, ""type"": ""pct""}, ""tp"": {""type"": ""none""}, ""trail_at"": 2.0, ""trail_atr"": 46.476, ""triggers"": [{""mult"": 2.0, ""n"": 4800, ""type"": ""keltner_break""}]}","{""entry_fill_ratio"": 1.0, ""entry_mode"": ""post_only"", ""entry_offset_atr"": 1.549}",82,-0.0762391015402681,-0.0579108650646094,0.0183282364756586,0.1106223970478842,0,62,-0.0548012769198919,-0.1821409504695371,0.0702875526821218,0.1984,-0.0344477163709936,0.0203535605488983,0.532258064516129,0.7528636870376695,-0.0171062977955754,0.0659535601246069,44.59354838709677,33,29,0.1290322580645161,0.0,0.8548387096774194,0.1786743515850144,0,"{""2023"": [-0.0307, 37], ""2024"": [-0.0905, 25]}",-0.0631347053994936,INCONCLUSIVE,valid_trades>=100;train_mean_r>0;valid_mean_r>0;valid_ci_lo>0;stress_mean_r>0,,native,recipe|1m|keltner_break|-|both,,2020-01|2023-01|2025-01|2026-08,
6cbe4451e7,2026-09-29 08:54 UTC,ETHUSDT,ideas\038_opening_range_both_sides_tf1_time.json,038_opening_range_both_sides_tf1_time,"A bug correction, not a new hypothesis. R4.2's 00:00 UTC opening-range break returned a (long, short) tuple where every trigger returns one signed array, so `recipe()` read 'either side fired' as LONG and the whole of Exp 022 ran long-only: 798 long trades and 0 short. Its control verdicts (DRIFT, NO_EDGE) stand and the round's conclusion is unchanged, but the structure itself was never actually tested on both sides, and it was the only Round 4 structure whose gross move exceeded the 0.11% cost line (+0.141% of price at 4h). The 00:00 print resets positioning once a day - brackets are rebuilt around it - so its first hour is a level with order flow behind it, and a close outside it is the first moment those brackets are all on the wrong side. This re-test adds what Round 4 did not have: a 6% stop and a 96h hold, so the gross move is measured against a cost of 0.043 R rather than 0.15 R. [Timeframe variant of 038_opening_range_both_sides, 240m -> 1m, mode time: bar counts x240, ATR multiples x15.492, same hours and % stops.]",recipe,1,4,0,,"{""atr_n"": 3360, ""cooldown_bars"": 1440, ""direction"": ""both"", ""filters"": [], ""max_hold_hours"": 48, ""stop"": {""max_atr"": 123.935, ""min_atr"": 23.238, ""pct"": 0.05, ""type"": ""pct""}, ""tp"": {""type"": ""none""}, ""trail_at"": 2.0, ""trail_atr"": 46.476, ""triggers"": [{""hour"": 0, ""mins"": 60, ""type"": ""opening_range""}]}","{""entry_fill_ratio"": 1.0, ""entry_mode"": ""post_only"", ""entry_offset_atr"": 1.549}",72,0.0631619922505679,0.0846969371096018,0.021534944859034,0.1043087857587132,0,63,0.2102586285118999,-0.0742859093593528,0.5485631694695533,0.9146,0.2328898314963791,0.0226312029844791,0.5238095238095238,1.7494243479015497,0.065489806173874,0.0468098202814926,43.37910052910053,26,37,0.238095238095238,0.0,0.7619047619047619,0.1127012522361359,0,"{""2023"": [0.1857, 34], ""2024"": [0.239, 29]}",0.2010027020804788,INCONCLUSIVE,valid_trades>=100;valid_ci_lo>0,,native,recipe|1m|opening_range|-|both,,2020-01|2023-01|2025-01|2026-08,
b370be6081,2026-09-29 08:55 UTC,ETHUSDT,ideas\039_breakout_flow_confirm_tf1_time.json,039_breakout_flow_confirm_tf1_time,"A breakout is only new positioning if aggressive traders keep paying for it. A close through the n-bar high on above-average volume says many participants moved; the taker buy ratio says which side paid to move it. When both agree, the move is buyers arriving and the sellers who were defending the level are the ones who have to cover, and covering is a forced, price-insensitive order over the next days. The other side is resting liquidity and short-term faders, who are the liquidity this trade takes. A breakout without that flow is a different animal: it is a stop run through a thin book, it fills the breakout traders rather than the breakout traders' targets, and it reverses. That is why these are one idea and not two filters - flow without participation is a single trader getting filled, and participation without directional flow is a market-wide move nobody is fighting. Both directions, no trend filter, held for days. [Timeframe variant of 039_breakout_flow_confirm, 240m -> 1m, mode time: bar counts x240, ATR multiples x15.492, same hours and % stops.]",recipe,1,4,4,1.0,"{""atr_n"": 3360, ""cooldown_bars"": 1, ""direction"": ""both"", ""filters"": [{""n"": 1440, ""thresh"": 0.5, ""type"": ""taker_flow""}, {""k"": 1.2, ""n"": 7200, ""type"": ""volume_spike""}], ""max_hold_hours"": 96, ""stop"": {""max_atr"": 123.935, ""min_atr"": 23.238, ""pct"": 0.06, ""type"": ""pct""}, ""tp"": {""type"": ""none""}, ""trail_at"": 2.0, ""trail_atr"": 46.476, ""triggers"": [{""n"": 4800, ""type"": ""donchian_break""}]}","{""entry_fill_ratio"": 1.0, ""entry_mode"": ""post_only"", ""entry_offset_atr"": 1.549}",172,0.0550872137249352,0.0730811442157492,0.0179939304908139,0.0869680824037509,0,103,0.2219130176813943,-0.0094529855752155,0.4883363346855803,0.9691,0.2414181938794978,0.0195051761981035,0.5242718446601942,1.6116001231519723,0.1158428351129556,0.0526096806014882,77.17216828478965,46,57,0.3689320388349514,0.0,0.6213592233009708,0.5282051282051282,0,"{""2023"": [0.257, 49], ""2024"": [0.19, 54]}",0.2139252676743627,WATCH,valid_ci_lo>0,,native,recipe|1m|donchian_break|taker_flow+volume_spike|both,,2020-01|2023-01|2025-01|2026-08,
d0c8bf4ac7,2026-09-29 08:55 UTC,ETHUSDT,ideas\041_impulse_not_crowded_tf1_time.json,041_impulse_not_crowded_tf1_time,"Momentum works until it is crowded, and funding is the only place you can see the crowding before you join it. A strong multi-bar impulse on real volume is a real move, but if funding is already stretched in the impulse's own direction then the leveraged money that pushed it is already there, and the trade's counterparty is not faders who will cover - it is the same leveraged cohort that will be liquidated the moment the move pauses, which is what makes the late joiner the exit liquidity. So this takes the impulse only when funding says the crowd is not on that side, plus volume to confirm participation. Funding is used as a signal here and never as a return: the engine still pays and receives it as a cost on every trade (Exp 026 put carry strategies out of scope). The kill condition has two halves on purpose: a result carried entirely by one side is the drift this project has spent five rounds separating from an edge. [Timeframe variant of 041_impulse_not_crowded, 240m -> 1m, mode time: bar counts x240, ATR multiples x15.492, same hours and % stops.]",recipe,1,4,2,1.0,"{""atr_n"": 3360, ""cooldown_bars"": 1, ""direction"": ""both"", ""filters"": [{""thresh"": 0.0003, ""type"": ""funding_not_crowded""}, {""k"": 1.5, ""n"": 7200, ""type"": ""volume_spike""}], ""max_hold_hours"": 96, ""stop"": {""max_atr"": 123.935, ""min_atr"": 23.238, ""pct"": 0.06, ""type"": ""pct""}, ""tp"": {""type"": ""none""}, ""trail_at"": 2.0, ""trail_atr"": 46.476, ""triggers"": [{""atr_k"": 23.238, ""n"": 1440, ""type"": ""momentum""}]}","{""entry_fill_ratio"": 1.0, ""entry_mode"": ""post_only"", ""entry_offset_atr"": 1.549}",101,0.1950580784768043,0.2128294708004247,0.0177713923236205,0.1116406348894664,0,77,0.276046151745814,-0.0033141773284978,0.6057196601580223,0.9734,0.2954469668905586,0.0194008151447444,0.5194805194805194,1.895146304446715,0.107699429990018,0.073046936714477,82.79025974025974,41,36,0.2857142857142857,0.0,0.7012987012987013,0.184652278177458,0,"{""2023"": [0.2773, 38], ""2024"": [0.2749, 39]}",0.2681146245323466,WATCH,valid_trades>=100;valid_ci_lo>0,,native,recipe|1m|momentum|funding_not_crowded+volume_spike|both,,2020-01|2023-01|2025-01|2026-08,
1de27427ea,2026-09-29 08:55 UTC,ETHUSDT,ideas\043_squeeze_multiday_break_tf1_time.json,043_squeeze_multiday_break_tf1_time,"Volatility clusters, and the mechanism for that is positions: in a quiet range, leverage is cheap and positions accumulate against a range that is not moving, so when something pushes price out of the range those positions all have to be closed at once and the move that follows is larger than the move that started it. A Bollinger squeeze is the observable version of that quiet range and a Donchian break is the observable version of the push, so the combination is a claim about mechanism rather than a stricter version of either block. The earlier test of this pair in this project (004, 013) had a trend filter and 12 h holds, which means it never tested the break at all - it tested the filter. This one has neither, and holds for days, which is the horizon over which a volatility expansion actually pays. `volume_spike` is left out on purpose: with it, n 20 gives only 103-122 TRAIN signals. [Timeframe variant of 043_squeeze_multiday_break, 240m -> 1m, mode time: bar counts x240, ATR multiples x15.492, same hours and % stops.]",recipe,1,4,4,1.0,"{""atr_n"": 3360, ""cooldown_bars"": 1, ""direction"": ""both"", ""filters"": [{""lookback"": 43200, ""n"": 4800, ""q"": 0.2, ""type"": ""squeeze""}], ""max_hold_hours"": 48, ""stop"": {""max_atr"": 123.935, ""min_atr"": 23.238, ""pct"": 0.06, ""type"": ""pct""}, ""tp"": {""type"": ""none""}, ""trail_at"": 2.0, ""trail_atr"": 46.476, ""triggers"": [{""n"": 4800, ""type"": ""donchian_break""}]}","{""entry_fill_ratio"": 1.0, ""entry_mode"": ""post_only"", ""entry_offset_atr"": 1.549}",122,0.1694624850751445,0.1879429103553204,0.0184804252801758,0.0627458733495006,0,69,0.0269529779453822,-0.1803096100577536,0.2431731226167691,0.5892,0.0468393120611154,0.0198863341157331,0.4202898550724637,1.0718143771457365,0.0077339936852689,0.0649346258070608,43.44420289855073,33,36,0.2608695652173913,0.0,0.7246376811594203,0.4539473684210526,0,"{""2023"": [-0.1175, 29], ""2024"": [0.1317, 40]}",0.0188176828978473,WATCH,valid_trades>=100;valid_ci_lo>0,,native,recipe|1m|donchian_break|squeeze|both,,2020-01|2023-01|2025-01|2026-08,
1e78c71497,2026-09-30 12:10 UTC,ETHUSDT,ideas\044_tv_chartart_rsi_bb.json,044_tv_chartart_rsi_bb,"TradingView port (owner request): 'Bollinger + RSI, Double Strategy (by ChartArt) v1.1'. The author's claim: when price crosses back inside a 200-bar Bollinger band (2 sd) on the same bar as RSI(6) crosses 50 in the same direction, both indicators agree that an overextension is over, so the move reverts - long when close crosses up through the lower band while RSI(6) crosses above 50, short when close crosses down through the upper band while RSI(6) crosses below 50. Counterparty: late breakout traders caught outside the band. Author parameters are kept exactly (RSI 6, levels 50/50, BB 200 x 2.0, close). DEVIATIONS from the Pine script, which the engine forces: (1) the original has no stop and no exit - it only reverses on the opposite signal - and the engine has no stop-and-reverse and every trade must risk 1%, so a pct stop and a time stop are added and are the only grid keys; (2) the original enters with a stop order at the band, which the price has already crossed, so it fills at the next bar's open - the same as the engine's taker entry; (3) TradingView's default commission is 0, here it is 0.05% taker + 0.02% slippage + funding. The source chart is 4h; variants use chart mode (the same bar counts on every chart, as a TradingView user would apply it). UPDATE before any run (owner-approved engine feature exit_on): the TradingView script reverses on the opposite signal, and the port now does the same (exit_on 'opposite': the opposite trigger closes the position at the next open, and re-enters the other way if that side is allowed). The pct stop stays as the mandatory 1%-risk stop; the time stop is a long safety cap.",recipe,240,4,0,,"{""atr_n"": 14, ""confirm_bars"": 1, ""cooldown_bars"": 0, ""direction"": ""both"", ""exit_on"": ""opposite"", ""filters"": [], ""max_hold_hours"": 480, ""stop"": {""max_atr"": 20.0, ""min_atr"": 1.0, ""pct"": 0.04, ""type"": ""pct""}, ""tp"": {""type"": ""none""}, ""trail_at"": 0, ""trail_atr"": 0, ""trigger_mode"": ""all"", ""triggers"": [{""hi"": 50, ""lo"": 50, ""n"": 6, ""type"": ""rsi_revert""}, {""k"": 2.0, ""n"": 200, ""type"": ""bb_revert""}]}","{""entry_fill_ratio"": 1.0, ""entry_mode"": ""taker"", ""entry_offset_atr"": 0.0}",38,-0.5629493705616133,-0.5517020445808253,0.0112473259807879,0.2671588393161774,0,22,-0.4480763999216732,-0.880277948922612,0.0718705944525323,0.0425,-0.4477314177915927,0.0003449821300806,0.1818181818181818,0.4327757595249378,-0.0486202313418046,0.1164997357023033,163.45454545454547,7,15,0.7727272727272727,0.0,0.1818181818181818,1.0,0,"{""2023"": [-0.2206, 12], ""2024"": [-0.721, 10]}",-0.4636645349384727,INCONCLUSIVE,valid_trades>=100;train_mean_r>0;valid_mean_r>0;valid_ci_lo>0;stress_mean_r>0,,native,recipe|240m|bb_revert+rsi_revert|-|both,,2020-01|2023-01|2025-01|2026-08,0.0454545454545454
1aee76009a,2026-09-30 12:10 UTC,ETHUSDT,ideas\045_tv_luxalgo_smc.json,045_tv_luxalgo_smc,"TradingView port T2 (PLAN.md section 13) from the Pine v5 source the owner supplied: 'Smart Money Concepts [LuxAlgo]' (c) LuxAlgo, CC BY-NC-SA 4.0, used non-commercially with attribution. The script's claim (market-structure / smart-money reading): a close through the last confirmed swing high or low is a break of structure; a break against the current structure trend is a change of character (CHoCH), i.e. the trend has turned, and a break with it (BOS) is continuation. Counterparty: traders defending the old structure and the stops resting beyond the swing point. Ported exactly: leg(size), getCurrentStructure (pivot confirmed `size` bars late), displayStructure with the script's defaults (swing length 50, internal size 5, confluence filter off, internal breaks ignored when the internal level equals the swing level). The script is an INDICATOR, so the entries are its own alert conditions: long on a bullish BOS/CHoCH, short on a bearish one. Grid: which alert (structure swing/internal x event CHoCH/BOS) - a choice among the script's own signals made on TRAIN - and the exits. DEVIATIONS: the script has no exit, so a pct stop (4%/6%) and a time stop (120/480 h at 4h) are added; order blocks, fair value gaps (which use request.security with lookahead_on), equal highs/lows and MTF levels are drawing features and are not ported. Costs are real (0.05% taker + 0.02% slippage + funding). Source chart 4h; variants in chart mode.",recipe,240,16,4,0.25,"{""atr_n"": 14, ""cooldown_bars"": 0, ""direction"": ""both"", ""filters"": [], ""max_hold_hours"": 120, ""stop"": {""max_atr"": 20.0, ""min_atr"": 1.0, ""pct"": 0.04, ""type"": ""pct""}, ""tp"": {""type"": ""none""}, ""trail_at"": 0, ""trail_atr"": 0, ""triggers"": [{""event"": ""choch"", ""internal_len"": 5, ""structure"": ""internal"", ""swing_len"": 50, ""type"": ""smc_structure""}]}","{""entry_fill_ratio"": 1.0, ""entry_mode"": ""taker"", ""entry_offset_atr"": 0.0}",151,0.0081827481537009,0.0675231644576601,0.059340416303959,0.2000930745804425,0,87,0.2004353134646713,-0.0933591617979195,0.5155348004834551,0.91,0.2392712339626308,0.0388359204979595,0.4827586206896552,1.4592070036609,0.085558834484225,0.0681516060998631,96.5057471264368,43,44,0.3908045977011494,0.0,0.6091954022988506,1.0,0,"{""2023"": [-0.1006, 46], ""2024"": [0.5382, 41]}",0.183912681636026,WATCH,valid_trades>=100;valid_ci_lo>0,,native,recipe|240m|smc_structure|-|both,,2020-01|2023-01|2025-01|2026-08,0.0
6fe46b4faa,2026-09-30 12:10 UTC,ETHUSDT,ideas\046_tv_chartart_macd_sma.json,046_tv_chartart_macd_sma,"TradingView port T3 (PLAN.md section 13) from the Pine source the owner supplied: 'MACD + SMA 200 Strategy (by ChartArt)' v1.0. The author's claim: go with momentum only when the long-term trend agrees - long when the MACD histogram crosses above zero while MACD > 0, the fast MA is above the slow MA and the close of 26 bars ago is above the 200 SMA; short on the mirror image. Counterparty: traders fading an established trend. Author defaults kept: fast 12, slow 26, signal 9, very slow 200, all SIMPLE moving averages as in the script (not the usual EMA MACD). DEVIATIONS: (1) the script has no exit - it only reverses on the opposite entry - and caps intraday equity loss at 50%; the engine has no stop-and-reverse and every trade must risk 1%, so a pct stop (4%/6%) and a time stop (120/480 h at 4h) are added and are the only grid keys; (2) the entry is a stop order at the signal bar's low (long) / high (short), which is on the other side of the market, so it fills at the next open - the engine's taker entry; if the next bar gaps beyond it, TradingView would fill at that level or not at all; (3) the 'cancel' lines only remove unfilled orders and never change a filled trade here; (4) TradingView's default commission is 0, here 0.05% taker + 0.02% slippage + funding. Source chart 4h; variants in chart mode. UPDATE before any run (owner-approved engine feature exit_on): the TradingView script reverses on the opposite signal, and the port now does the same (exit_on 'opposite': the opposite trigger closes the position at the next open, and re-enters the other way if that side is allowed). The pct stop stays as the mandatory 1%-risk stop; the time stop is a long safety cap.",recipe,240,4,0,,"{""atr_n"": 14, ""cooldown_bars"": 0, ""direction"": ""both"", ""exit_on"": ""opposite"", ""filters"": [], ""max_hold_hours"": 480, ""stop"": {""max_atr"": 20.0, ""min_atr"": 1.0, ""pct"": 0.04, ""type"": ""pct""}, ""tp"": {""type"": ""none""}, ""trail_at"": 0, ""trail_atr"": 0, ""triggers"": [{""fast"": 12, ""signal"": 9, ""slow"": 26, ""type"": ""chartart_macd_sma"", ""veryslow"": 200}]}","{""entry_fill_ratio"": 1.0, ""entry_mode"": ""taker"", ""entry_offset_atr"": 0.0}",53,-0.2678273202833883,-0.10317203570404,0.1646552845793482,0.2258904568874015,0,32,-0.0499468289439825,-0.7242796112985356,0.7315243698448901,0.4265,0.0253113588606604,0.0752581878046429,0.21875,0.9128002753213204,-0.0113457741311382,0.1260360953593136,177.75,19,13,0.78125,0.0,0.21875,1.0,0,"{""2023"": [-0.0247, 17], ""2024"": [-0.0786, 15]}",-0.0656323019981576,INCONCLUSIVE,valid_trades>=100;train_mean_r>0;valid_mean_r>0;valid_ci_lo>0;stress_mean_r>0,,native,recipe|240m|chartart_macd_sma|-|both,,2020-01|2023-01|2025-01|2026-08,0.0
46dd3378e7,2026-09-30 12:10 UTC,ETHUSDT,ideas\047_tv_super_scalper.json,047_tv_super_scalper,"TradingView port T4 (PLAN.md section 13) from the Pine v5 source the owner supplied: 'Super Scalper - 5 Min 15 Min'. The author's claim: a bar whose body exceeds one WMA-ATR is an impulse, and taking it in the direction of the RSI trend (RSI 25 above RSI 100 for longs, below for shorts) catches the continuation. Counterparty: traders fading a strong bar. Author defaults kept: ATR 14 with WMA smoothing, multiplier 1.0, RSI 25 / 100, source chart 15m (the author's own timeframe). The EMA 21/65 'golden cross' is only plotted in the script and is not part of the entry. DEVIATIONS: (1) the script computes a stop (2 ATR beyond the signal bar's low/high) and a take-profit (5 ATR beyond its high/low) but never passes them to an order - on TradingView it only exits by reversing on the opposite signal. The engine must have a stop, so the author's own numbers are used: stop = the signal bar's low (high) minus (plus) 2 ATR (swing stop, n 1, buffer 2 ATR, unclamped), take-profit = 5 ATR from the entry (the author measured it from the bar's high/low); (2) a time stop is added because the engine has no stop-and-reverse; it is the only grid key; (3) TradingView's default commission is 0, here 0.05% taker + 0.02% slippage + funding. Variants in chart mode (same bar counts, ATR exits unchanged). UPDATE before any run (owner-approved engine feature exit_on): on TradingView the script never uses its stop or target and only reverses on the opposite signal; the port now reverses too (exit_on 'opposite'). The author's 2-ATR stop is kept as the mandatory 1%-risk stop; the unused 5-ATR target is DROPPED, since TradingView never executes it. The time stop is a long safety cap.",recipe,15,2,2,0.0,"{""atr_n"": 14, ""cooldown_bars"": 0, ""direction"": ""both"", ""exit_on"": ""opposite"", ""filters"": [], ""max_hold_hours"": 48, ""stop"": {""buffer_atr"": 2.0, ""max_atr"": 50.0, ""min_atr"": 0.0, ""n"": 1, ""type"": ""swing""}, ""tp"": {""type"": ""none""}, ""trail_at"": 0, ""trail_atr"": 0, ""triggers"": [{""atr_len"": 14, ""mult"": 1.0, ""rsi_fast"": 25, ""rsi_slow"": 100, ""type"": ""super_scalper""}]}","{""entry_fill_ratio"": 1.0, ""entry_mode"": ""taker"", ""entry_offset_atr"": 0.0}",2963,-0.0462434395429119,0.0290079741554514,0.0752514136983633,0.8166249870933806,2,1952,-0.1421359608347475,-0.2013281554251822,-0.0802437047789604,0.0,0.0083473256460595,0.1504832864808071,0.2535860655737705,0.647930433819679,-0.7683405791141702,0.9486069513349602,8.846055327868852,980,972,0.1849385245901639,0.0,0.0030737704918032,1.0,56,"{""2023"": [-0.2191, 1007], ""2024"": [-0.0601, 945]}",-0.2622396263414145,REJECT,train_mean_r>0;valid_mean_r>0;valid_ci_lo>0;stress_mean_r>0;valid_max_dd<=20%;size_skips==0,,native,recipe|15m|super_scalper|-|both,,2020-01|2023-01|2025-01|2026-08,0.8114754098360656
0770be09c4,2026-09-30 12:10 UTC,ETHUSDT,ideas\048_tv_chartart_rsi_bb_long_v12.json,048_tv_chartart_rsi_bb_long_v12,"TradingView port T5 (PLAN.md section 13) from the Pine v3 source the owner supplied: 'Bollinger + RSI, Double Strategy Long-Only (by ChartArt) v1.2'. Same entry as T1 (v1.1): long when RSI(6) crosses above 50 on the same bar as the close crosses up through the lower 200-bar, 2-sd Bollinger band. Long only. EXIT as the script writes it: strategy.close when RSI(6) crosses below 50 on the same bar as the close crosses down through the upper band - the port uses the owner-approved engine feature exit_on 'opposite' (the opposite trigger closes the long at the next open). The author notes long-only 'made it more successful in backtesting' - on a rising market that is the expected effect of being long, which baseline.py and benchmark.py test. DEVIATIONS: the script has no stop; every trade must risk 1%, so a pct stop (4%/6%) is added as the mandatory stop, and a long time cap; the stop-order entry at the lower band fills at the next open (price has already crossed it); TradingView's default commission is 0, here 0.05% taker + 0.02% slippage + funding. Source chart 4h; variants in chart mode.",recipe,240,4,0,,"{""atr_n"": 14, ""confirm_bars"": 1, ""cooldown_bars"": 0, ""direction"": ""long"", ""exit_on"": ""opposite"", ""filters"": [], ""max_hold_hours"": 480, ""stop"": {""max_atr"": 20.0, ""min_atr"": 1.0, ""pct"": 0.04, ""type"": ""pct""}, ""tp"": {""type"": ""none""}, ""trail_at"": 0, ""trail_atr"": 0, ""trigger_mode"": ""all"", ""triggers"": [{""hi"": 50, ""lo"": 50, ""n"": 6, ""type"": ""rsi_revert""}, {""k"": 2.0, ""n"": 200, ""type"": ""bb_revert""}]}","{""entry_fill_ratio"": 1.0, ""entry_mode"": ""taker"", ""entry_offset_atr"": 0.0}",12,-0.4018127669638314,-0.3507119335970962,0.0511008333667351,0.1166876033562701,0,7,-0.658055891626141,-1.050419017265794,0.1105495419165797,0.0641,-0.6114066481066252,0.046649243519516,0.1428571428571428,0.2638973649293102,-0.0228349552952032,0.0570494203379029,129.14285714285714,7,0,0.8571428571428571,0.0,0.0,1.0,0,"{""2023"": [0.2951, 2], ""2024"": [-1.0393, 5]}",-0.6732013670706507,INCONCLUSIVE,valid_trades>=100;train_mean_r>0;valid_mean_r>0;valid_ci_lo>0;stress_mean_r>0,,native,recipe|240m|bb_revert+rsi_revert|-|long,,2020-01|2023-01|2025-01|2026-08,0.1428571428571428
74daad25aa,2026-09-30 12:10 UTC,ETHUSDT,ideas\049_tv_liquidity_sweep.json,049_tv_liquidity_sweep,"TradingView port T6 (PLAN.md section 13) from the Pine v6 source the owner supplied: 'Liquidity Sweep Reversal Strategy' (Mozilla Public License 2.0). The author's claim: resting stops sit just beyond obvious swing highs/lows; a bar that runs those stops on a volume spike and then closes back inside with a long rejection wick has absorbed the stop-driven flow, so price reverts - long after a swept low, short after a swept high, once the next bar confirms past the sweep bar's midpoint, only in the 12:00-16:00 London/NY overlap. Counterparty: breakout traders and stopped-out traders forced to trade at the extreme. Author defaults kept: pivots 7/7, level max age 150 bars, min level spacing 0.25 ATR, volume > 1.3 x SMA20, wick:body >= 1.5, next-bar confirmation, session 1200-1600 exchange time (UTC on Binance) = UTC hours 12-15 of the signal bar, stop 1.2 ATR beyond the sweep wick, take-profit 1.5 R, break-even at 50% of the way to the target (= 0.75 R), longs and shorts. The script names no timeframe; 15m is used as the source (an intraday session strategy) and chart mode covers all seven. DEVIATIONS: (1) the stop is the engine's swing stop, n 2 (the sweep bar and the confirmation bar), 1.2 ATR buffer, measured from the fill (next open) instead of the confirmation close: it equals the script's stop unless the confirmation bar trades below the sweep wick, when it is wider; the script's 'reject if the stop < 0.5 ATR' can never fire with a 1.2 ATR buffer, so it is only kept as the clamp floor; (2) break-even: the script moves the stop when the intrabar high/low touches 0.75 R, the engine when a bar CLOSES past 0.75 R (checked on the previous close), so it moves later and less often; (3) the script freezes a pending sweep while a position is open and can act on it after the exit; the port cannot see the position, so a sweep that happens during a trade is dropped; (4) there is no time exit in the script; the engine needs one, it is a long safety cap and the only grid key; (5) costs: TradingView 0.04% commission and 1 tick slippage, here 0.05% taker + 0.02% slippage + funding; sizing 1% risk instead of 10% of equity; (6) pivot ties give no pivot (TradingView's tie rule is undocumented), ATR is Wilder-smoothed from the first bar rather than SMA-seeded (differs only in the first ~100 bars).",recipe,15,2,2,0.0,"{""atr_n"": 14, ""be_at"": 0.75, ""cooldown_bars"": 0, ""direction"": ""both"", ""filters"": [{""hours"": [12, 13, 14, 15], ""type"": ""hours""}], ""max_hold_hours"": 192, ""stop"": {""buffer_atr"": 1.2, ""max_atr"": 50.0, ""min_atr"": 0.5, ""n"": 2, ""type"": ""swing""}, ""tp"": {""r"": 1.5, ""type"": ""r""}, ""trail_at"": 0, ""trail_atr"": 0, ""triggers"": [{""max_age"": 150, ""min_gap_atr"": 0.25, ""min_wick_ratio"": 1.5, ""pivot_len"": 7, ""type"": ""liquidity_sweep"", ""vol_mult"": 1.3}]}","{""entry_fill_ratio"": 1.0, ""entry_mode"": ""taker"", ""entry_offset_atr"": 0.0}",401,-0.0713817231224962,0.0317464538297191,0.1031281769522153,0.3874661591126931,0,361,-0.2514116078982548,-0.3617019216240734,-0.1393632664242575,0.0,-0.0751619943758281,0.1762496135224266,0.2908587257617728,0.5944228568116191,-0.3713403881595939,0.605032905595115,5.851108033240998,177,184,0.7091412742382271,0.2908587257617728,0.0,1.0,0,"{""2023"": [-0.265, 203], ""2024"": [-0.2339, 158]}",-0.3225390054868833,REJECT,train_mean_r>0;valid_mean_r>0;valid_ci_lo>0;stress_mean_r>0;valid_max_dd<=20%,,native,recipe|15m|liquidity_sweep|hours|both,,2020-01|2023-01|2025-01|2026-08,0.0
3647ec1962,2026-09-30 12:10 UTC,ETHUSDT,ideas\044_tv_chartart_rsi_bb_tf60.json,044_tv_chartart_rsi_bb_tf60,"TradingView port (owner request): 'Bollinger + RSI, Double Strategy (by ChartArt) v1.1'. The author's claim: when price crosses back inside a 200-bar Bollinger band (2 sd) on the same bar as RSI(6) crosses 50 in the same direction, both indicators agree that an overextension is over, so the move reverts - long when close crosses up through the lower band while RSI(6) crosses above 50, short when close crosses down through the upper band while RSI(6) crosses below 50. Counterparty: late breakout traders caught outside the band. Author parameters are kept exactly (RSI 6, levels 50/50, BB 200 x 2.0, close). DEVIATIONS from the Pine script, which the engine forces: (1) the original has no stop and no exit - it only reverses on the opposite signal - and the engine has no stop-and-reverse and every trade must risk 1%, so a pct stop and a time stop are added and are the only grid keys; (2) the original enters with a stop order at the band, which the price has already crossed, so it fills at the next bar's open - the same as the engine's taker entry; (3) TradingView's default commission is 0, here it is 0.05% taker + 0.02% slippage + funding. The source chart is 4h; variants use chart mode (the same bar counts on every chart, as a TradingView user would apply it). UPDATE before any run (owner-approved engine feature exit_on): the TradingView script reverses on the opposite signal, and the port now does the same (exit_on 'opposite': the opposite trigger closes the position at the next open, and re-enters the other way if that side is allowed). The pct stop stays as the mandatory 1%-risk stop; the time stop is a long safety cap. [Timeframe variant of 044_tv_chartart_rsi_bb, 240m -> 60m, mode chart: same bar counts and ATR multiples, hold x0.25, pct stop x0.500.]",recipe,60,4,4,0.0,"{""atr_n"": 14, ""confirm_bars"": 1, ""cooldown_bars"": 0, ""direction"": ""both"", ""exit_on"": ""opposite"", ""filters"": [], ""max_hold_hours"": 120.0, ""stop"": {""max_atr"": 20.0, ""min_atr"": 1.0, ""pct"": 0.02, ""type"": ""pct""}, ""tp"": {""type"": ""none""}, ""trail_at"": 0, ""trail_atr"": 0, ""trigger_mode"": ""all"", ""triggers"": [{""hi"": 50, ""lo"": 50, ""n"": 6, ""type"": ""rsi_revert""}, {""k"": 2.0, ""n"": 200, ""type"": ""bb_revert""}]}","{""entry_fill_ratio"": 1.0, ""entry_mode"": ""taker"", ""entry_offset_atr"": 0.0}",154,-0.0404548589535208,0.0111130152417375,0.0515678741952584,0.3870920189569237,0,84,-0.3372350331668252,-0.6587653749501563,0.0278717426317511,0.033,-0.2817061938509775,0.0555288393158477,0.2023809523809523,0.5655252284633135,-0.136406751454525,0.2774519526424608,45.91666666666666,29,55,0.7738095238095238,0.0,0.1904761904761904,1.0,0,"{""2023"": [-0.3508, 36], ""2024"": [-0.3271, 48]}",-0.4233701785873367,REJECT,valid_trades>=100;train_mean_r>0;valid_mean_r>0;valid_ci_lo>0;stress_mean_r>0;valid_max_dd<=20%,,native,recipe|60m|bb_revert+rsi_revert|-|both,,2020-01|2023-01|2025-01|2026-08,0.0357142857142857
4aaceac569,2026-09-30 12:11 UTC,ETHUSDT,ideas\045_tv_luxalgo_smc_tf60.json,045_tv_luxalgo_smc_tf60,"TradingView port T2 (PLAN.md section 13) from the Pine v5 source the owner supplied: 'Smart Money Concepts [LuxAlgo]' (c) LuxAlgo, CC BY-NC-SA 4.0, used non-commercially with attribution. The script's claim (market-structure / smart-money reading): a close through the last confirmed swing high or low is a break of structure; a break against the current structure trend is a change of character (CHoCH), i.e. the trend has turned, and a break with it (BOS) is continuation. Counterparty: traders defending the old structure and the stops resting beyond the swing point. Ported exactly: leg(size), getCurrentStructure (pivot confirmed `size` bars late), displayStructure with the script's defaults (swing length 50, internal size 5, confluence filter off, internal breaks ignored when the internal level equals the swing level). The script is an INDICATOR, so the entries are its own alert conditions: long on a bullish BOS/CHoCH, short on a bearish one. Grid: which alert (structure swing/internal x event CHoCH/BOS) - a choice among the script's own signals made on TRAIN - and the exits. DEVIATIONS: the script has no exit, so a pct stop (4%/6%) and a time stop (120/480 h at 4h) are added; order blocks, fair value gaps (which use request.security with lookahead_on), equal highs/lows and MTF levels are drawing features and are not ported. Costs are real (0.05% taker + 0.02% slippage + funding). Source chart 4h; variants in chart mode. [Timeframe variant of 045_tv_luxalgo_smc, 240m -> 60m, mode chart: same bar counts and ATR multiples, hold x0.25, pct stop x0.500.]",recipe,60,16,12,0.4166666666666667,"{""atr_n"": 14, ""cooldown_bars"": 0, ""direction"": ""both"", ""filters"": [], ""max_hold_hours"": 120.0, ""stop"": {""max_atr"": 20.0, ""min_atr"": 1.0, ""pct"": 0.03, ""type"": ""pct""}, ""tp"": {""type"": ""none""}, ""trail_at"": 0, ""trail_atr"": 0, ""triggers"": [{""event"": ""choch"", ""internal_len"": 5, ""structure"": ""internal"", ""swing_len"": 50, ""type"": ""smc_structure""}]}","{""entry_fill_ratio"": 1.0, ""entry_mode"": ""taker"", ""entry_offset_atr"": 0.0}",317,0.1694987838305521,0.2458296096251654,0.0763308257946133,0.2016606411779288,0,186,-0.136400603322169,-0.3522614203589313,0.1016701856676892,0.1224,-0.0864138485445251,0.0499867547776439,0.2956989247311828,0.7792033372386483,-0.128763818216388,0.2776514071120542,67.53225806451613,88,98,0.6182795698924731,0.0,0.3763440860215054,1.0,0,"{""2023"": [-0.111, 81], ""2024"": [-0.156, 105]}",-0.1576558115031782,REJECT,valid_mean_r>0;valid_ci_lo>0;stress_mean_r>0;valid_max_dd<=20%,,native,recipe|60m|smc_structure|-|both,,2020-01|2023-01|2025-01|2026-08,0.0
64bb64219d,2026-09-30 12:11 UTC,ETHUSDT,ideas\046_tv_chartart_macd_sma_tf60.json,046_tv_chartart_macd_sma_tf60,"TradingView port T3 (PLAN.md section 13) from the Pine source the owner supplied: 'MACD + SMA 200 Strategy (by ChartArt)' v1.0. The author's claim: go with momentum only when the long-term trend agrees - long when the MACD histogram crosses above zero while MACD > 0, the fast MA is above the slow MA and the close of 26 bars ago is above the 200 SMA; short on the mirror image. Counterparty: traders fading an established trend. Author defaults kept: fast 12, slow 26, signal 9, very slow 200, all SIMPLE moving averages as in the script (not the usual EMA MACD). DEVIATIONS: (1) the script has no exit - it only reverses on the opposite entry - and caps intraday equity loss at 50%; the engine has no stop-and-reverse and every trade must risk 1%, so a pct stop (4%/6%) and a time stop (120/480 h at 4h) are added and are the only grid keys; (2) the entry is a stop order at the signal bar's low (long) / high (short), which is on the other side of the market, so it fills at the next open - the engine's taker entry; if the next bar gaps beyond it, TradingView would fill at that level or not at all; (3) the 'cancel' lines only remove unfilled orders and never change a filled trade here; (4) TradingView's default commission is 0, here 0.05% taker + 0.02% slippage + funding. Source chart 4h; variants in chart mode. UPDATE before any run (owner-approved engine feature exit_on): the TradingView script reverses on the opposite signal, and the port now does the same (exit_on 'opposite': the opposite trigger closes the position at the next open, and re-enters the other way if that side is allowed). The pct stop stays as the mandatory 1%-risk stop; the time stop is a long safety cap. [Timeframe variant of 046_tv_chartart_macd_sma, 240m -> 60m, mode chart: same bar counts and ATR multiples, hold x0.25, pct stop x0.500.]",recipe,60,4,4,0.5,"{""atr_n"": 14, ""cooldown_bars"": 0, ""direction"": ""both"", ""exit_on"": ""opposite"", ""filters"": [], ""max_hold_hours"": 480.0, ""stop"": {""max_atr"": 20.0, ""min_atr"": 1.0, ""pct"": 0.03, ""type"": ""pct""}, ""tp"": {""type"": ""none""}, ""trail_at"": 0, ""trail_atr"": 0, ""triggers"": [{""fast"": 12, ""signal"": 9, ""slow"": 26, ""type"": ""chartart_macd_sma"", ""veryslow"": 200}]}","{""entry_fill_ratio"": 1.0, ""entry_mode"": ""taker"", ""entry_offset_atr"": 0.0}",129,0.2362572955418401,0.3959623371498436,0.1597050416080034,0.2313022982561401,0,74,-0.0647895038248124,-0.5120400599937383,0.4563535352373462,0.3817,0.0108293744231531,0.0756188782479655,0.2567567567567567,0.8947928766403879,-0.0312680077749696,0.2157698088969258,140.25675675675674,34,40,0.7162162162162162,0.0,0.081081081081081,1.0,0,"{""2023"": [0.1245, 29], ""2024"": [-0.1868, 45]}",-0.0858736199326316,REJECT,valid_trades>=100;valid_mean_r>0;valid_ci_lo>0;stress_mean_r>0;valid_max_dd<=20%,,native,recipe|60m|chartart_macd_sma|-|both,,2020-01|2023-01|2025-01|2026-08,0.2027027027027027
075b95ff06,2026-09-30 12:11 UTC,ETHUSDT,ideas\047_tv_super_scalper_tf60.json,047_tv_super_scalper_tf60,"TradingView port T4 (PLAN.md section 13) from the Pine v5 source the owner supplied: 'Super Scalper - 5 Min 15 Min'. The author's claim: a bar whose body exceeds one WMA-ATR is an impulse, and taking it in the direction of the RSI trend (RSI 25 above RSI 100 for longs, below for shorts) catches the continuation. Counterparty: traders fading a strong bar. Author defaults kept: ATR 14 with WMA smoothing, multiplier 1.0, RSI 25 / 100, source chart 15m (the author's own timeframe). The EMA 21/65 'golden cross' is only plotted in the script and is not part of the entry. DEVIATIONS: (1) the script computes a stop (2 ATR beyond the signal bar's low/high) and a take-profit (5 ATR beyond its high/low) but never passes them to an order - on TradingView it only exits by reversing on the opposite signal. The engine must have a stop, so the author's own numbers are used: stop = the signal bar's low (high) minus (plus) 2 ATR (swing stop, n 1, buffer 2 ATR, unclamped), take-profit = 5 ATR from the entry (the author measured it from the bar's high/low); (2) a time stop is added because the engine has no stop-and-reverse; it is the only grid key; (3) TradingView's default commission is 0, here 0.05% taker + 0.02% slippage + funding. Variants in chart mode (same bar counts, ATR exits unchanged). UPDATE before any run (owner-approved engine feature exit_on): on TradingView the script never uses its stop or target and only reverses on the opposite signal; the port now reverses too (exit_on 'opposite'). The author's 2-ATR stop is kept as the mandatory 1%-risk stop; the unused 5-ATR target is DROPPED, since TradingView never executes it. The time stop is a long safety cap. [Timeframe variant of 047_tv_super_scalper, 15m -> 60m, mode chart: same bar counts and ATR multiples, hold x4, pct stop x2.000.]",recipe,60,2,2,1.0,"{""atr_n"": 14, ""cooldown_bars"": 0, ""direction"": ""both"", ""exit_on"": ""opposite"", ""filters"": [], ""max_hold_hours"": 768.0, ""stop"": {""buffer_atr"": 2.0, ""max_atr"": 50.0, ""min_atr"": 0.0, ""n"": 1, ""type"": ""swing""}, ""tp"": {""type"": ""none""}, ""trail_at"": 0, ""trail_atr"": 0, ""triggers"": [{""atr_len"": 14, ""mult"": 1.0, ""rsi_fast"": 25, ""rsi_slow"": 100, ""type"": ""super_scalper""}]}","{""entry_fill_ratio"": 1.0, ""entry_mode"": ""taker"", ""entry_offset_atr"": 0.0}",714,0.0497938135395961,0.0873510001132701,0.037557186573674,0.1908947491921221,0,513,-0.0352828118808277,-0.1470396140221577,0.0849533366774672,0.271,0.0255603627112132,0.060843174592041,0.2962962962962963,0.8860381738983457,-0.1056980318018748,0.3701969384248442,34.18323586744639,257,256,0.1617933723196881,0.0,0.0,1.0,0,"{""2023"": [-0.0973, 269], ""2024"": [0.0331, 244]}",-0.0641300360527961,REJECT,valid_mean_r>0;valid_ci_lo>0;stress_mean_r>0;valid_max_dd<=20%,,native,recipe|60m|super_scalper|-|both,,2020-01|2023-01|2025-01|2026-08,0.8362573099415205
6a265a46a6,2026-09-30 12:11 UTC,ETHUSDT,ideas\048_tv_chartart_rsi_bb_long_v12_tf60.json,048_tv_chartart_rsi_bb_long_v12_tf60,"TradingView port T5 (PLAN.md section 13) from the Pine v3 source the owner supplied: 'Bollinger + RSI, Double Strategy Long-Only (by ChartArt) v1.2'. Same entry as T1 (v1.1): long when RSI(6) crosses above 50 on the same bar as the close crosses up through the lower 200-bar, 2-sd Bollinger band. Long only. EXIT as the script writes it: strategy.close when RSI(6) crosses below 50 on the same bar as the close crosses down through the upper band - the port uses the owner-approved engine feature exit_on 'opposite' (the opposite trigger closes the long at the next open). The author notes long-only 'made it more successful in backtesting' - on a rising market that is the expected effect of being long, which baseline.py and benchmark.py test. DEVIATIONS: the script has no stop; every trade must risk 1%, so a pct stop (4%/6%) is added as the mandatory stop, and a long time cap; the stop-order entry at the lower band fills at the next open (price has already crossed it); TradingView's default commission is 0, here 0.05% taker + 0.02% slippage + funding. Source chart 4h; variants in chart mode. [Timeframe variant of 048_tv_chartart_rsi_bb_long_v12, 240m -> 60m, mode chart: same bar counts and ATR multiples, hold x0.25, pct stop x0.500.]",recipe,60,4,0,,"{""atr_n"": 14, ""confirm_bars"": 1, ""cooldown_bars"": 0, ""direction"": ""long"", ""exit_on"": ""opposite"", ""filters"": [], ""max_hold_hours"": 120.0, ""stop"": {""max_atr"": 20.0, ""min_atr"": 1.0, ""pct"": 0.02, ""type"": ""pct""}, ""tp"": {""type"": ""none""}, ""trail_at"": 0, ""trail_atr"": 0, ""trigger_mode"": ""all"", ""triggers"": [{""hi"": 50, ""lo"": 50, ""n"": 6, ""type"": ""rsi_revert""}, {""k"": 2.0, ""n"": 200, ""type"": ""bb_revert""}]}","{""entry_fill_ratio"": 1.0, ""entry_mode"": ""taker"", ""entry_offset_atr"": 0.0}",56,0.2175578677471526,0.3176167974664916,0.1000589297193389,0.157425415826117,0,29,-0.4221660668908059,-0.864668246491482,0.1044207584129627,0.0513,-0.3314922884594189,0.0906737784313869,0.2068965517241379,0.479007956233759,-0.060475027420789,0.1768832325613657,49.793103448275865,29,0,0.7586206896551724,0.0,0.2068965517241379,1.0,0,"{""2023"": [-0.0362, 11], ""2024"": [-0.658, 18]}",-0.4531434092742589,INCONCLUSIVE,valid_trades>=100;valid_mean_r>0;valid_ci_lo>0;stress_mean_r>0,,native,recipe|60m|bb_revert+rsi_revert|-|long,,2020-01|2023-01|2025-01|2026-08,0.0344827586206896
827cd77667,2026-09-30 12:11 UTC,ETHUSDT,ideas\049_tv_liquidity_sweep_tf60.json,049_tv_liquidity_sweep_tf60,"TradingView port T6 (PLAN.md section 13) from the Pine v6 source the owner supplied: 'Liquidity Sweep Reversal Strategy' (Mozilla Public License 2.0). The author's claim: resting stops sit just beyond obvious swing highs/lows; a bar that runs those stops on a volume spike and then closes back inside with a long rejection wick has absorbed the stop-driven flow, so price reverts - long after a swept low, short after a swept high, once the next bar confirms past the sweep bar's midpoint, only in the 12:00-16:00 London/NY overlap. Counterparty: breakout traders and stopped-out traders forced to trade at the extreme. Author defaults kept: pivots 7/7, level max age 150 bars, min level spacing 0.25 ATR, volume > 1.3 x SMA20, wick:body >= 1.5, next-bar confirmation, session 1200-1600 exchange time (UTC on Binance) = UTC hours 12-15 of the signal bar, stop 1.2 ATR beyond the sweep wick, take-profit 1.5 R, break-even at 50% of the way to the target (= 0.75 R), longs and shorts. The script names no timeframe; 15m is used as the source (an intraday session strategy) and chart mode covers all seven. DEVIATIONS: (1) the stop is the engine's swing stop, n 2 (the sweep bar and the confirmation bar), 1.2 ATR buffer, measured from the fill (next open) instead of the confirmation close: it equals the script's stop unless the confirmation bar trades below the sweep wick, when it is wider; the script's 'reject if the stop < 0.5 ATR' can never fire with a 1.2 ATR buffer, so it is only kept as the clamp floor; (2) break-even: the script moves the stop when the intrabar high/low touches 0.75 R, the engine when a bar CLOSES past 0.75 R (checked on the previous close), so it moves later and less often; (3) the script freezes a pending sweep while a position is open and can act on it after the exit; the port cannot see the position, so a sweep that happens during a trade is dropped; (4) there is no time exit in the script; the engine needs one, it is a long safety cap and the only grid key; (5) costs: TradingView 0.04% commission and 1 tick slippage, here 0.05% taker + 0.02% slippage + funding; sizing 1% risk instead of 10% of equity; (6) pivot ties give no pivot (TradingView's tie rule is undocumented), ATR is Wilder-smoothed from the first bar rather than SMA-seeded (differs only in the first ~100 bars). [Timeframe variant of 049_tv_liquidity_sweep, 15m -> 60m, mode chart: same bar counts and ATR multiples, hold x4, pct stop x2.000.]",recipe,60,2,2,0.0,"{""atr_n"": 14, ""be_at"": 0.75, ""cooldown_bars"": 0, ""direction"": ""both"", ""filters"": [{""hours"": [12, 13, 14, 15], ""type"": ""hours""}], ""max_hold_hours"": 192.0, ""stop"": {""buffer_atr"": 1.2, ""max_atr"": 50.0, ""min_atr"": 0.5, ""n"": 2, ""type"": ""swing""}, ""tp"": {""r"": 1.5, ""type"": ""r""}, ""trail_at"": 0, ""trail_atr"": 0, ""triggers"": [{""max_age"": 150, ""min_gap_atr"": 0.25, ""min_wick_ratio"": 1.5, ""pivot_len"": 7, ""type"": ""liquidity_sweep"", ""vol_mult"": 1.3}]}","{""entry_fill_ratio"": 1.0, ""entry_mode"": ""taker"", ""entry_offset_atr"": 0.0}",138,-0.1538891773296433,-0.1053300907987563,0.0485590865308869,0.2563100788179968,0,92,-0.0992571934989462,-0.3272340636812942,0.1412411175642282,0.2071,-0.0256257497733412,0.0736314437256049,0.358695652173913,0.8136597307208295,-0.0475476663080107,0.1612937070539518,26.55434782608696,38,54,0.6521739130434783,0.3260869565217391,0.0108695652173913,1.0,0,"{""2023"": [-0.1963, 54], ""2024"": [0.0387, 38]}",-0.1311041135431301,REJECT,valid_trades>=100;train_mean_r>0;valid_mean_r>0;valid_ci_lo>0;stress_mean_r>0,,native,recipe|60m|liquidity_sweep|hours|both,,2020-01|2023-01|2025-01|2026-08,0.0
526553c37d,2026-09-30 12:11 UTC,ETHUSDT,ideas\044_tv_chartart_rsi_bb_tf30.json,044_tv_chartart_rsi_bb_tf30,"TradingView port (owner request): 'Bollinger + RSI, Double Strategy (by ChartArt) v1.1'. The author's claim: when price crosses back inside a 200-bar Bollinger band (2 sd) on the same bar as RSI(6) crosses 50 in the same direction, both indicators agree that an overextension is over, so the move reverts - long when close crosses up through the lower band while RSI(6) crosses above 50, short when close crosses down through the upper band while RSI(6) crosses below 50. Counterparty: late breakout traders caught outside the band. Author parameters are kept exactly (RSI 6, levels 50/50, BB 200 x 2.0, close). DEVIATIONS from the Pine script, which the engine forces: (1) the original has no stop and no exit - it only reverses on the opposite signal - and the engine has no stop-and-reverse and every trade must risk 1%, so a pct stop and a time stop are added and are the only grid keys; (2) the original enters with a stop order at the band, which the price has already crossed, so it fills at the next bar's open - the same as the engine's taker entry; (3) TradingView's default commission is 0, here it is 0.05% taker + 0.02% slippage + funding. The source chart is 4h; variants use chart mode (the same bar counts on every chart, as a TradingView user would apply it). UPDATE before any run (owner-approved engine feature exit_on): the TradingView script reverses on the opposite signal, and the port now does the same (exit_on 'opposite': the opposite trigger closes the position at the next open, and re-enters the other way if that side is allowed). The pct stop stays as the mandatory 1%-risk stop; the time stop is a long safety cap. [Timeframe variant of 044_tv_chartart_rsi_bb, 240m -> 30m, mode chart: same bar counts and ATR multiples, hold x0.125, pct stop x0.354.]",recipe,30,4,4,0.25,"{""atr_n"": 14, ""confirm_bars"": 1, ""cooldown_bars"": 0, ""direction"": ""both"", ""exit_on"": ""opposite"", ""filters"": [], ""max_hold_hours"": 240.0, ""stop"": {""max_atr"": 20.0, ""min_atr"": 1.0, ""pct"": 0.0212, ""type"": ""pct""}, ""tp"": {""type"": ""none""}, ""trail_at"": 0, ""trail_atr"": 0, ""trigger_mode"": ""all"", ""triggers"": [{""hi"": 50, ""lo"": 50, ""n"": 6, ""type"": ""rsi_revert""}, {""k"": 2.0, ""n"": 200, ""type"": ""bb_revert""}]}","{""entry_fill_ratio"": 1.0, ""entry_mode"": ""taker"", ""entry_offset_atr"": 0.0}",269,0.0494547827258755,0.1110694208600753,0.0616146381341997,0.3987076887757131,0,153,-0.0377878564378817,-0.3360759244162483,0.2934451412505864,0.4011,0.0301416991154749,0.0679295555533566,0.2679738562091503,0.916766056461406,-0.0423232712299339,0.2699110895089363,55.47058823529412,65,88,0.7189542483660131,0.0,0.0196078431372549,1.0,0,"{""2023"": [-0.2239, 73], ""2024"": [0.1321, 80]}",-0.055753915532642,REJECT,valid_mean_r>0;valid_ci_lo>0;stress_mean_r>0;valid_max_dd<=20%,,native,recipe|30m|bb_revert+rsi_revert|-|both,,2020-01|2023-01|2025-01|2026-08,0.261437908496732
5466db7640,2026-09-30 12:11 UTC,ETHUSDT,ideas\045_tv_luxalgo_smc_tf30.json,045_tv_luxalgo_smc_tf30,"TradingView port T2 (PLAN.md section 13) from the Pine v5 source the owner supplied: 'Smart Money Concepts [LuxAlgo]' (c) LuxAlgo, CC BY-NC-SA 4.0, used non-commercially with attribution. The script's claim (market-structure / smart-money reading): a close through the last confirmed swing high or low is a break of structure; a break against the current structure trend is a change of character (CHoCH), i.e. the trend has turned, and a break with it (BOS) is continuation. Counterparty: traders defending the old structure and the stops resting beyond the swing point. Ported exactly: leg(size), getCurrentStructure (pivot confirmed `size` bars late), displayStructure with the script's defaults (swing length 50, internal size 5, confluence filter off, internal breaks ignored when the internal level equals the swing level). The script is an INDICATOR, so the entries are its own alert conditions: long on a bullish BOS/CHoCH, short on a bearish one. Grid: which alert (structure swing/internal x event CHoCH/BOS) - a choice among the script's own signals made on TRAIN - and the exits. DEVIATIONS: the script has no exit, so a pct stop (4%/6%) and a time stop (120/480 h at 4h) are added; order blocks, fair value gaps (which use request.security with lookahead_on), equal highs/lows and MTF levels are drawing features and are not ported. Costs are real (0.05% taker + 0.02% slippage + funding). Source chart 4h; variants in chart mode. [Timeframe variant of 045_tv_luxalgo_smc, 240m -> 30m, mode chart: same bar counts and ATR multiples, hold x0.125, pct stop x0.354.]",recipe,30,16,16,0.6875,"{""atr_n"": 14, ""cooldown_bars"": 0, ""direction"": ""both"", ""filters"": [], ""max_hold_hours"": 60.0, ""stop"": {""max_atr"": 20.0, ""min_atr"": 1.0, ""pct"": 0.0141, ""type"": ""pct""}, ""tp"": {""type"": ""none""}, ""trail_at"": 0, ""trail_atr"": 0, ""triggers"": [{""event"": ""bos"", ""internal_len"": 5, ""structure"": ""swing"", ""swing_len"": 50, ""type"": ""smc_structure""}]}","{""entry_fill_ratio"": 1.0, ""entry_mode"": ""taker"", ""entry_offset_atr"": 0.0}",155,0.4918985965958471,0.6361092068846153,0.1442106102887681,0.2482122175955669,0,92,0.2499759380707135,-0.242472540829918,0.8141721755627773,0.8218,0.3654015587006704,0.1154256206299568,0.3043478260869565,1.2751831749548033,0.1047951828434281,0.1361132980051214,29.50543478260869,53,39,0.6847826086956522,0.0,0.3152173913043478,1.0,0,"{""2023"": [0.1784, 47], ""2024"": [0.3247, 45]}",0.2050256570838181,WATCH,valid_trades>=100;valid_ci_lo>0,,native,recipe|30m|smc_structure|-|both,,2020-01|2023-01|2025-01|2026-08,0.0
4fec9c348a,2026-09-30 12:11 UTC,ETHUSDT,ideas\046_tv_chartart_macd_sma_tf30.json,046_tv_chartart_macd_sma_tf30,"TradingView port T3 (PLAN.md section 13) from the Pine source the owner supplied: 'MACD + SMA 200 Strategy (by ChartArt)' v1.0. The author's claim: go with momentum only when the long-term trend agrees - long when the MACD histogram crosses above zero while MACD > 0, the fast MA is above the slow MA and the close of 26 bars ago is above the 200 SMA; short on the mirror image. Counterparty: traders fading an established trend. Author defaults kept: fast 12, slow 26, signal 9, very slow 200, all SIMPLE moving averages as in the script (not the usual EMA MACD). DEVIATIONS: (1) the script has no exit - it only reverses on the opposite entry - and caps intraday equity loss at 50%; the engine has no stop-and-reverse and every trade must risk 1%, so a pct stop (4%/6%) and a time stop (120/480 h at 4h) are added and are the only grid keys; (2) the entry is a stop order at the signal bar's low (long) / high (short), which is on the other side of the market, so it fills at the next open - the engine's taker entry; if the next bar gaps beyond it, TradingView would fill at that level or not at all; (3) the 'cancel' lines only remove unfilled orders and never change a filled trade here; (4) TradingView's default commission is 0, here 0.05% taker + 0.02% slippage + funding. Source chart 4h; variants in chart mode. UPDATE before any run (owner-approved engine feature exit_on): the TradingView script reverses on the opposite signal, and the port now does the same (exit_on 'opposite': the opposite trigger closes the position at the next open, and re-enters the other way if that side is allowed). The pct stop stays as the mandatory 1%-risk stop; the time stop is a long safety cap. [Timeframe variant of 046_tv_chartart_macd_sma, 240m -> 30m, mode chart: same bar counts and ATR multiples, hold x0.125, pct stop x0.354.]",recipe,30,4,4,0.5,"{""atr_n"": 14, ""cooldown_bars"": 0, ""direction"": ""both"", ""exit_on"": ""opposite"", ""filters"": [], ""max_hold_hours"": 240.0, ""stop"": {""max_atr"": 20.0, ""min_atr"": 1.0, ""pct"": 0.0212, ""type"": ""pct""}, ""tp"": {""type"": ""none""}, ""trail_at"": 0, ""trail_atr"": 0, ""triggers"": [{""fast"": 12, ""signal"": 9, ""slow"": 26, ""type"": ""chartart_macd_sma"", ""veryslow"": 200}]}","{""entry_fill_ratio"": 1.0, ""entry_mode"": ""taker"", ""entry_offset_atr"": 0.0}",262,0.0674192434804614,0.1953774939346557,0.1279582504541944,0.3944884131644995,0,166,-0.1616502638340306,-0.4442479470110193,0.1643934557860869,0.1483,-0.0834049746537532,0.0782452891802772,0.2108433734939759,0.7797932599822092,-0.1386619864968451,0.3337600691053766,64.59939759036145,86,80,0.7108433734939759,0.0,0.0542168674698795,1.0,0,"{""2023"": [-0.1294, 78], ""2024"": [-0.1902, 88]}",-0.1914046994664781,REJECT,valid_mean_r>0;valid_ci_lo>0;stress_mean_r>0;valid_max_dd<=20%,,native,recipe|30m|chartart_macd_sma|-|both,,2020-01|2023-01|2025-01|2026-08,0.2349397590361445
0bf8e86872,2026-09-30 12:11 UTC,ETHUSDT,ideas\047_tv_super_scalper_tf30.json,047_tv_super_scalper_tf30,"TradingView port T4 (PLAN.md section 13) from the Pine v5 source the owner supplied: 'Super Scalper - 5 Min 15 Min'. The author's claim: a bar whose body exceeds one WMA-ATR is an impulse, and taking it in the direction of the RSI trend (RSI 25 above RSI 100 for longs, below for shorts) catches the continuation. Counterparty: traders fading a strong bar. Author defaults kept: ATR 14 with WMA smoothing, multiplier 1.0, RSI 25 / 100, source chart 15m (the author's own timeframe). The EMA 21/65 'golden cross' is only plotted in the script and is not part of the entry. DEVIATIONS: (1) the script computes a stop (2 ATR beyond the signal bar's low/high) and a take-profit (5 ATR beyond its high/low) but never passes them to an order - on TradingView it only exits by reversing on the opposite signal. The engine must have a stop, so the author's own numbers are used: stop = the signal bar's low (high) minus (plus) 2 ATR (swing stop, n 1, buffer 2 ATR, unclamped), take-profit = 5 ATR from the entry (the author measured it from the bar's high/low); (2) a time stop is added because the engine has no stop-and-reverse; it is the only grid key; (3) TradingView's default commission is 0, here 0.05% taker + 0.02% slippage + funding. Variants in chart mode (same bar counts, ATR exits unchanged). UPDATE before any run (owner-approved engine feature exit_on): on TradingView the script never uses its stop or target and only reverses on the opposite signal; the port now reverses too (exit_on 'opposite'). The author's 2-ATR stop is kept as the mandatory 1%-risk stop; the unused 5-ATR target is DROPPED, since TradingView never executes it. The time stop is a long safety cap. [Timeframe variant of 047_tv_super_scalper, 15m -> 30m, mode chart: same bar counts and ATR multiples, hold x2, pct stop x1.414.]",recipe,30,2,2,1.0,"{""atr_n"": 14, ""cooldown_bars"": 0, ""direction"": ""both"", ""exit_on"": ""opposite"", ""filters"": [], ""max_hold_hours"": 384.0, ""stop"": {""buffer_atr"": 2.0, ""max_atr"": 50.0, ""min_atr"": 0.0, ""n"": 1, ""type"": ""swing""}, ""tp"": {""type"": ""none""}, ""trail_at"": 0, ""trail_atr"": 0, ""triggers"": [{""atr_len"": 14, ""mult"": 1.0, ""rsi_fast"": 25, ""rsi_slow"": 100, ""type"": ""super_scalper""}]}","{""entry_fill_ratio"": 1.0, ""entry_mode"": ""taker"", ""entry_offset_atr"": 0.0}",1423,0.0380280968561943,0.0898678146086069,0.0518397177524125,0.271926955445499,0,1007,-0.0940567156332169,-0.1790658153295735,-0.0011668046559297,0.0239,-0.0028592259688103,0.0911974896644066,0.266137040714995,0.7643695306578403,-0.4043222782619646,0.6552496768364737,17.415590863952335,505,502,0.1757696127110228,0.0,0.0,1.0,0,"{""2023"": [-0.1354, 491], ""2024"": [-0.0547, 516]}",-0.1389822342250206,REJECT,valid_mean_r>0;valid_ci_lo>0;stress_mean_r>0;valid_max_dd<=20%,,native,recipe|30m|super_scalper|-|both,,2020-01|2023-01|2025-01|2026-08,0.8232373386295928
c399a6a90b,2026-09-30 12:11 UTC,ETHUSDT,ideas\048_tv_chartart_rsi_bb_long_v12_tf30.json,048_tv_chartart_rsi_bb_long_v12_tf30,"TradingView port T5 (PLAN.md section 13) from the Pine v3 source the owner supplied: 'Bollinger + RSI, Double Strategy Long-Only (by ChartArt) v1.2'. Same entry as T1 (v1.1): long when RSI(6) crosses above 50 on the same bar as the close crosses up through the lower 200-bar, 2-sd Bollinger band. Long only. EXIT as the script writes it: strategy.close when RSI(6) crosses below 50 on the same bar as the close crosses down through the upper band - the port uses the owner-approved engine feature exit_on 'opposite' (the opposite trigger closes the long at the next open). The author notes long-only 'made it more successful in backtesting' - on a rising market that is the expected effect of being long, which baseline.py and benchmark.py test. DEVIATIONS: the script has no stop; every trade must risk 1%, so a pct stop (4%/6%) is added as the mandatory stop, and a long time cap; the stop-order entry at the lower band fills at the next open (price has already crossed it); TradingView's default commission is 0, here 0.05% taker + 0.02% slippage + funding. Source chart 4h; variants in chart mode. [Timeframe variant of 048_tv_chartart_rsi_bb_long_v12, 240m -> 30m, mode chart: same bar counts and ATR multiples, hold x0.125, pct stop x0.354.]",recipe,30,4,4,1.0,"{""atr_n"": 14, ""confirm_bars"": 1, ""cooldown_bars"": 0, ""direction"": ""long"", ""exit_on"": ""opposite"", ""filters"": [], ""max_hold_hours"": 240.0, ""stop"": {""max_atr"": 20.0, ""min_atr"": 1.0, ""pct"": 0.0141, ""type"": ""pct""}, ""tp"": {""type"": ""none""}, ""trail_at"": 0, ""trail_atr"": 0, ""trigger_mode"": ""all"", ""triggers"": [{""hi"": 50, ""lo"": 50, ""n"": 6, ""type"": ""rsi_revert""}, {""k"": 2.0, ""n"": 200, ""type"": ""bb_revert""}]}","{""entry_fill_ratio"": 1.0, ""entry_mode"": ""taker"", ""entry_offset_atr"": 0.0}",110,0.3971034219757222,0.5422387743566157,0.1451353523808933,0.1769819440613041,0,68,-0.0644385361437172,-0.6122481178362017,0.5896722131218077,0.395,0.0775494533985904,0.1419879895423076,0.2058823529411764,0.8888029832766621,-0.0318259523177019,0.203044663041182,54.72794117647059,68,0,0.7794117647058824,0.0,0.0441176470588235,1.0,0,"{""2023"": [-0.1361, 36], ""2024"": [0.0162, 32]}",-0.1073011516150243,REJECT,valid_trades>=100;valid_mean_r>0;valid_ci_lo>0;stress_mean_r>0;valid_max_dd<=20%,,native,recipe|30m|bb_revert+rsi_revert|-|long,,2020-01|2023-01|2025-01|2026-08,0.1764705882352941
c8e5ecdaf7,2026-09-30 12:11 UTC,ETHUSDT,ideas\049_tv_liquidity_sweep_tf30.json,049_tv_liquidity_sweep_tf30,"TradingView port T6 (PLAN.md section 13) from the Pine v6 source the owner supplied: 'Liquidity Sweep Reversal Strategy' (Mozilla Public License 2.0). The author's claim: resting stops sit just beyond obvious swing highs/lows; a bar that runs those stops on a volume spike and then closes back inside with a long rejection wick has absorbed the stop-driven flow, so price reverts - long after a swept low, short after a swept high, once the next bar confirms past the sweep bar's midpoint, only in the 12:00-16:00 London/NY overlap. Counterparty: breakout traders and stopped-out traders forced to trade at the extreme. Author defaults kept: pivots 7/7, level max age 150 bars, min level spacing 0.25 ATR, volume > 1.3 x SMA20, wick:body >= 1.5, next-bar confirmation, session 1200-1600 exchange time (UTC on Binance) = UTC hours 12-15 of the signal bar, stop 1.2 ATR beyond the sweep wick, take-profit 1.5 R, break-even at 50% of the way to the target (= 0.75 R), longs and shorts. The script names no timeframe; 15m is used as the source (an intraday session strategy) and chart mode covers all seven. DEVIATIONS: (1) the stop is the engine's swing stop, n 2 (the sweep bar and the confirmation bar), 1.2 ATR buffer, measured from the fill (next open) instead of the confirmation close: it equals the script's stop unless the confirmation bar trades below the sweep wick, when it is wider; the script's 'reject if the stop < 0.5 ATR' can never fire with a 1.2 ATR buffer, so it is only kept as the clamp floor; (2) break-even: the script moves the stop when the intrabar high/low touches 0.75 R, the engine when a bar CLOSES past 0.75 R (checked on the previous close), so it moves later and less often; (3) the script freezes a pending sweep while a position is open and can act on it after the exit; the port cannot see the position, so a sweep that happens during a trade is dropped; (4) there is no time exit in the script; the engine needs one, it is a long safety cap and the only grid key; (5) costs: TradingView 0.04% commission and 1 tick slippage, here 0.05% taker + 0.02% slippage + funding; sizing 1% risk instead of 10% of equity; (6) pivot ties give no pivot (TradingView's tie rule is undocumented), ATR is Wilder-smoothed from the first bar rather than SMA-seeded (differs only in the first ~100 bars). [Timeframe variant of 049_tv_liquidity_sweep, 15m -> 30m, mode chart: same bar counts and ATR multiples, hold x2, pct stop x1.414.]",recipe,30,2,2,0.0,"{""atr_n"": 14, ""be_at"": 0.75, ""cooldown_bars"": 0, ""direction"": ""both"", ""filters"": [{""hours"": [12, 13, 14, 15], ""type"": ""hours""}], ""max_hold_hours"": 384.0, ""stop"": {""buffer_atr"": 1.2, ""max_atr"": 50.0, ""min_atr"": 0.5, ""n"": 2, ""type"": ""swing""}, ""tp"": {""r"": 1.5, ""type"": ""r""}, ""trail_at"": 0, ""trail_atr"": 0, ""triggers"": [{""max_age"": 150, ""min_gap_atr"": 0.25, ""min_wick_ratio"": 1.5, ""pivot_len"": 7, ""type"": ""liquidity_sweep"", ""vol_mult"": 1.3}]}","{""entry_fill_ratio"": 1.0, ""entry_mode"": ""taker"", ""entry_offset_atr"": 0.0}",229,-0.1348867781029841,-0.0636120625720541,0.0712747155309299,0.3177614073623696,0,219,-0.1261511062005565,-0.2739332844719138,0.029394506974086,0.0569,-0.0006806539673139,0.1254704522332425,0.3515981735159817,0.7871542404925571,-0.1348665082452323,0.2946039948693212,13.14840182648402,114,105,0.6575342465753424,0.3424657534246575,0.0,1.0,0,"{""2023"": [-0.0651, 134], ""2024"": [-0.2224, 85]}",-0.2135755734855261,REJECT,train_mean_r>0;valid_mean_r>0;valid_ci_lo>0;stress_mean_r>0;valid_max_dd<=20%,,native,recipe|30m|liquidity_sweep|hours|both,,2020-01|2023-01|2025-01|2026-08,0.0
e60b1b463a,2026-09-30 12:11 UTC,ETHUSDT,ideas\044_tv_chartart_rsi_bb_tf15.json,044_tv_chartart_rsi_bb_tf15,"TradingView port (owner request): 'Bollinger + RSI, Double Strategy (by ChartArt) v1.1'. The author's claim: when price crosses back inside a 200-bar Bollinger band (2 sd) on the same bar as RSI(6) crosses 50 in the same direction, both indicators agree that an overextension is over, so the move reverts - long when close crosses up through the lower band while RSI(6) crosses above 50, short when close crosses down through the upper band while RSI(6) crosses below 50. Counterparty: late breakout traders caught outside the band. Author parameters are kept exactly (RSI 6, levels 50/50, BB 200 x 2.0, close). DEVIATIONS from the Pine script, which the engine forces: (1) the original has no stop and no exit - it only reverses on the opposite signal - and the engine has no stop-and-reverse and every trade must risk 1%, so a pct stop and a time stop are added and are the only grid keys; (2) the original enters with a stop order at the band, which the price has already crossed, so it fills at the next bar's open - the same as the engine's taker entry; (3) TradingView's default commission is 0, here it is 0.05% taker + 0.02% slippage + funding. The source chart is 4h; variants use chart mode (the same bar counts on every chart, as a TradingView user would apply it). UPDATE before any run (owner-approved engine feature exit_on): the TradingView script reverses on the opposite signal, and the port now does the same (exit_on 'opposite': the opposite trigger closes the position at the next open, and re-enters the other way if that side is allowed). The pct stop stays as the mandatory 1%-risk stop; the time stop is a long safety cap. [Timeframe variant of 044_tv_chartart_rsi_bb, 240m -> 15m, mode chart: same bar counts and ATR multiples, hold x0.0625, pct stop x0.250.]",recipe,15,4,4,0.5,"{""atr_n"": 14, ""confirm_bars"": 1, ""cooldown_bars"": 0, ""direction"": ""both"", ""exit_on"": ""opposite"", ""filters"": [], ""max_hold_hours"": 120.0, ""stop"": {""max_atr"": 20.0, ""min_atr"": 1.0, ""pct"": 0.01, ""type"": ""pct""}, ""tp"": {""type"": ""none""}, ""trail_at"": 0, ""trail_atr"": 0, ""trigger_mode"": ""all"", ""triggers"": [{""hi"": 50, ""lo"": 50, ""n"": 6, ""type"": ""rsi_revert""}, {""k"": 2.0, ""n"": 200, ""type"": ""bb_revert""}]}","{""entry_fill_ratio"": 1.0, ""entry_mode"": ""taker"", ""entry_offset_atr"": 0.0}",597,0.0520741269503213,0.1780651398302266,0.1259910128799053,0.5423497495345329,0,342,-0.2023407442059772,-0.4418464090192605,0.0649206702324125,0.0645,-0.0677817614732869,0.1345589827326903,0.1812865497076023,0.7366647895474353,-0.3246791934934707,0.5813377661721573,17.980263157894736,168,174,0.8157894736842105,0.0,0.0116959064327485,1.0,0,"{""2023"": [-0.1861, 160], ""2024"": [-0.2167, 182]}",-0.2661474428833272,REJECT,valid_mean_r>0;valid_ci_lo>0;stress_mean_r>0;valid_max_dd<=20%,,native,recipe|15m|bb_revert+rsi_revert|-|both,,2020-01|2023-01|2025-01|2026-08,0.1725146198830409
71e916de36,2026-09-30 12:11 UTC,ETHUSDT,ideas\045_tv_luxalgo_smc_tf15.json,045_tv_luxalgo_smc_tf15,"TradingView port T2 (PLAN.md section 13) from the Pine v5 source the owner supplied: 'Smart Money Concepts [LuxAlgo]' (c) LuxAlgo, CC BY-NC-SA 4.0, used non-commercially with attribution. The script's claim (market-structure / smart-money reading): a close through the last confirmed swing high or low is a break of structure; a break against the current structure trend is a change of character (CHoCH), i.e. the trend has turned, and a break with it (BOS) is continuation. Counterparty: traders defending the old structure and the stops resting beyond the swing point. Ported exactly: leg(size), getCurrentStructure (pivot confirmed `size` bars late), displayStructure with the script's defaults (swing length 50, internal size 5, confluence filter off, internal breaks ignored when the internal level equals the swing level). The script is an INDICATOR, so the entries are its own alert conditions: long on a bullish BOS/CHoCH, short on a bearish one. Grid: which alert (structure swing/internal x event CHoCH/BOS) - a choice among the script's own signals made on TRAIN - and the exits. DEVIATIONS: the script has no exit, so a pct stop (4%/6%) and a time stop (120/480 h at 4h) are added; order blocks, fair value gaps (which use request.security with lookahead_on), equal highs/lows and MTF levels are drawing features and are not ported. Costs are real (0.05% taker + 0.02% slippage + funding). Source chart 4h; variants in chart mode. [Timeframe variant of 045_tv_luxalgo_smc, 240m -> 15m, mode chart: same bar counts and ATR multiples, hold x0.0625, pct stop x0.250.]",recipe,15,16,16,0.4375,"{""atr_n"": 14, ""cooldown_bars"": 0, ""direction"": ""both"", ""filters"": [], ""max_hold_hours"": 30.0, ""stop"": {""max_atr"": 20.0, ""min_atr"": 1.0, ""pct"": 0.01, ""type"": ""pct""}, ""tp"": {""type"": ""none""}, ""trail_at"": 0, ""trail_atr"": 0, ""triggers"": [{""event"": ""choch"", ""internal_len"": 5, ""structure"": ""swing"", ""swing_len"": 50, ""type"": ""smc_structure""}]}","{""entry_fill_ratio"": 1.0, ""entry_mode"": ""taker"", ""entry_offset_atr"": 0.0}",385,0.1770002115147325,0.3254107158897482,0.1484105043750156,0.3042009471185798,0,261,-0.1992877858832827,-0.4490361796920639,0.0876152153885087,0.0841,-0.0555466917946816,0.1437410940886011,0.2183908045977011,0.7448071480244863,-0.2525067186251675,0.5209476148836201,14.441570881226054,132,129,0.7241379310344828,0.0,0.2758620689655172,1.0,0,"{""2023"": [-0.2337, 133], ""2024"": [-0.1635, 128]}",-0.268293736059022,REJECT,valid_mean_r>0;valid_ci_lo>0;stress_mean_r>0;valid_max_dd<=20%,,native,recipe|15m|smc_structure|-|both,,2020-01|2023-01|2025-01|2026-08,0.0
bbc4cb8f8c,2026-09-30 12:11 UTC,ETHUSDT,ideas\046_tv_chartart_macd_sma_tf15.json,046_tv_chartart_macd_sma_tf15,"TradingView port T3 (PLAN.md section 13) from the Pine source the owner supplied: 'MACD + SMA 200 Strategy (by ChartArt)' v1.0. The author's claim: go with momentum only when the long-term trend agrees - long when the MACD histogram crosses above zero while MACD > 0, the fast MA is above the slow MA and the close of 26 bars ago is above the 200 SMA; short on the mirror image. Counterparty: traders fading an established trend. Author defaults kept: fast 12, slow 26, signal 9, very slow 200, all SIMPLE moving averages as in the script (not the usual EMA MACD). DEVIATIONS: (1) the script has no exit - it only reverses on the opposite entry - and caps intraday equity loss at 50%; the engine has no stop-and-reverse and every trade must risk 1%, so a pct stop (4%/6%) and a time stop (120/480 h at 4h) are added and are the only grid keys; (2) the entry is a stop order at the signal bar's low (long) / high (short), which is on the other side of the market, so it fills at the next open - the engine's taker entry; if the next bar gaps beyond it, TradingView would fill at that level or not at all; (3) the 'cancel' lines only remove unfilled orders and never change a filled trade here; (4) TradingView's default commission is 0, here 0.05% taker + 0.02% slippage + funding. Source chart 4h; variants in chart mode. UPDATE before any run (owner-approved engine feature exit_on): the TradingView script reverses on the opposite signal, and the port now does the same (exit_on 'opposite': the opposite trigger closes the position at the next open, and re-enters the other way if that side is allowed). The pct stop stays as the mandatory 1%-risk stop; the time stop is a long safety cap. [Timeframe variant of 046_tv_chartart_macd_sma, 240m -> 15m, mode chart: same bar counts and ATR multiples, hold x0.0625, pct stop x0.250.]",recipe,15,4,4,0.5,"{""atr_n"": 14, ""cooldown_bars"": 0, ""direction"": ""both"", ""exit_on"": ""opposite"", ""filters"": [], ""max_hold_hours"": 120.0, ""stop"": {""max_atr"": 20.0, ""min_atr"": 1.0, ""pct"": 0.015, ""type"": ""pct""}, ""tp"": {""type"": ""none""}, ""trail_at"": 0, ""trail_atr"": 0, ""triggers"": [{""fast"": 12, ""signal"": 9, ""slow"": 26, ""type"": ""chartart_macd_sma"", ""veryslow"": 200}]}","{""entry_fill_ratio"": 1.0, ""entry_mode"": ""taker"", ""entry_offset_atr"": 0.0}",498,0.0925507590362878,0.2229430614850232,0.1303923024487353,0.5296117800799296,0,279,0.0131324090934043,-0.2617031624485004,0.3148761768527386,0.5286,0.1183876023963795,0.1052551933029753,0.2437275985663082,0.9775208123979124,-0.0218246274628138,0.4222208374506964,40.75089605734767,145,134,0.6845878136200717,0.0,0.1075268817204301,1.0,0,"{""2023"": [-0.1196, 126], ""2024"": [0.1224, 153]}",-0.0290921582449985,REJECT,valid_ci_lo>0;stress_mean_r>0;valid_max_dd<=20%,,native,recipe|15m|chartart_macd_sma|-|both,,2020-01|2023-01|2025-01|2026-08,0.2078853046594982
a67fd42346,2026-09-30 12:11 UTC,ETHUSDT,ideas\048_tv_chartart_rsi_bb_long_v12_tf15.json,048_tv_chartart_rsi_bb_long_v12_tf15,"TradingView port T5 (PLAN.md section 13) from the Pine v3 source the owner supplied: 'Bollinger + RSI, Double Strategy Long-Only (by ChartArt) v1.2'. Same entry as T1 (v1.1): long when RSI(6) crosses above 50 on the same bar as the close crosses up through the lower 200-bar, 2-sd Bollinger band. Long only. EXIT as the script writes it: strategy.close when RSI(6) crosses below 50 on the same bar as the close crosses down through the upper band - the port uses the owner-approved engine feature exit_on 'opposite' (the opposite trigger closes the long at the next open). The author notes long-only 'made it more successful in backtesting' - on a rising market that is the expected effect of being long, which baseline.py and benchmark.py test. DEVIATIONS: the script has no stop; every trade must risk 1%, so a pct stop (4%/6%) is added as the mandatory stop, and a long time cap; the stop-order entry at the lower band fills at the next open (price has already crossed it); TradingView's default commission is 0, here 0.05% taker + 0.02% slippage + funding. Source chart 4h; variants in chart mode. [Timeframe variant of 048_tv_chartart_rsi_bb_long_v12, 240m -> 15m, mode chart: same bar counts and ATR multiples, hold x0.0625, pct stop x0.250.]",recipe,15,4,4,1.0,"{""atr_n"": 14, ""confirm_bars"": 1, ""cooldown_bars"": 0, ""direction"": ""long"", ""exit_on"": ""opposite"", ""filters"": [], ""max_hold_hours"": 120.0, ""stop"": {""max_atr"": 20.0, ""min_atr"": 1.0, ""pct"": 0.01, ""type"": ""pct""}, ""tp"": {""type"": ""none""}, ""trail_at"": 0, ""trail_atr"": 0, ""trigger_mode"": ""all"", ""triggers"": [{""hi"": 50, ""lo"": 50, ""n"": 6, ""type"": ""rsi_revert""}, {""k"": 2.0, ""n"": 200, ""type"": ""bb_revert""}]}","{""entry_fill_ratio"": 1.0, ""entry_mode"": ""taker"", ""entry_offset_atr"": 0.0}",270,0.2859909373673644,0.4531946058315105,0.1672036684641461,0.4596517637012577,0,168,-0.0619596985325339,-0.4519935113376058,0.406194289281608,0.3751,0.0917364871568685,0.1536961856894025,0.1964285714285714,0.882619492370346,-0.0802196874272297,0.3865153812247014,18.30208333333333,168,0,0.8035714285714286,0.0,0.0238095238095238,1.0,0,"{""2023"": [-0.1861, 77], ""2024"": [0.0431, 91]}",-0.1288436761289009,REJECT,valid_mean_r>0;valid_ci_lo>0;stress_mean_r>0;valid_max_dd<=20%,,native,recipe|15m|bb_revert+rsi_revert|-|long,,2020-01|2023-01|2025-01|2026-08,0.1726190476190476
10b06f10bc,2026-09-30 12:12 UTC,ETHUSDT,ideas\047_tv_super_scalper_tf240.json,047_tv_super_scalper_tf240,"TradingView port T4 (PLAN.md section 13) from the Pine v5 source the owner supplied: 'Super Scalper - 5 Min 15 Min'. The author's claim: a bar whose body exceeds one WMA-ATR is an impulse, and taking it in the direction of the RSI trend (RSI 25 above RSI 100 for longs, below for shorts) catches the continuation. Counterparty: traders fading a strong bar. Author defaults kept: ATR 14 with WMA smoothing, multiplier 1.0, RSI 25 / 100, source chart 15m (the author's own timeframe). The EMA 21/65 'golden cross' is only plotted in the script and is not part of the entry. DEVIATIONS: (1) the script computes a stop (2 ATR beyond the signal bar's low/high) and a take-profit (5 ATR beyond its high/low) but never passes them to an order - on TradingView it only exits by reversing on the opposite signal. The engine must have a stop, so the author's own numbers are used: stop = the signal bar's low (high) minus (plus) 2 ATR (swing stop, n 1, buffer 2 ATR, unclamped), take-profit = 5 ATR from the entry (the author measured it from the bar's high/low); (2) a time stop is added because the engine has no stop-and-reverse; it is the only grid key; (3) TradingView's default commission is 0, here 0.05% taker + 0.02% slippage + funding. Variants in chart mode (same bar counts, ATR exits unchanged). UPDATE before any run (owner-approved engine feature exit_on): on TradingView the script never uses its stop or target and only reverses on the opposite signal; the port now reverses too (exit_on 'opposite'). The author's 2-ATR stop is kept as the mandatory 1%-risk stop; the unused 5-ATR target is DROPPED, since TradingView never executes it. The time stop is a long safety cap. [Timeframe variant of 047_tv_super_scalper, 15m -> 240m, mode chart: same bar counts and ATR multiples, hold x16, pct stop x4.000.]",recipe,240,2,2,1.0,"{""atr_n"": 14, ""cooldown_bars"": 0, ""direction"": ""both"", ""exit_on"": ""opposite"", ""filters"": [], ""max_hold_hours"": 3072.0, ""stop"": {""buffer_atr"": 2.0, ""max_atr"": 50.0, ""min_atr"": 0.0, ""n"": 1, ""type"": ""swing""}, ""tp"": {""type"": ""none""}, ""trail_at"": 0, ""trail_atr"": 0, ""triggers"": [{""atr_len"": 14, ""mult"": 1.0, ""rsi_fast"": 25, ""rsi_slow"": 100, ""type"": ""super_scalper""}]}","{""entry_fill_ratio"": 1.0, ""entry_mode"": ""taker"", ""entry_offset_atr"": 0.0}",191,0.130190521049072,0.1752060678902296,0.0450155468411576,0.1068566890988773,0,114,0.2703933956999131,-0.0224494593728066,0.6171264334157198,0.9629,0.3072817179617225,0.0368883222618093,0.3771929824561403,1.7831506610053212,0.1563072846652391,0.0684750431386158,154.66666666666666,57,57,0.1052631578947368,0.0,0.0,1.0,0,"{""2023"": [0.2988, 51], ""2024"": [0.2474, 63]}",0.2578118983779197,WATCH,valid_ci_lo>0,,native,recipe|240m|super_scalper|-|both,,2020-01|2023-01|2025-01|2026-08,0.8859649122807017
a48971902b,2026-09-30 12:12 UTC,ETHUSDT,ideas\049_tv_liquidity_sweep_tf240.json,049_tv_liquidity_sweep_tf240,"TradingView port T6 (PLAN.md section 13) from the Pine v6 source the owner supplied: 'Liquidity Sweep Reversal Strategy' (Mozilla Public License 2.0). The author's claim: resting stops sit just beyond obvious swing highs/lows; a bar that runs those stops on a volume spike and then closes back inside with a long rejection wick has absorbed the stop-driven flow, so price reverts - long after a swept low, short after a swept high, once the next bar confirms past the sweep bar's midpoint, only in the 12:00-16:00 London/NY overlap. Counterparty: breakout traders and stopped-out traders forced to trade at the extreme. Author defaults kept: pivots 7/7, level max age 150 bars, min level spacing 0.25 ATR, volume > 1.3 x SMA20, wick:body >= 1.5, next-bar confirmation, session 1200-1600 exchange time (UTC on Binance) = UTC hours 12-15 of the signal bar, stop 1.2 ATR beyond the sweep wick, take-profit 1.5 R, break-even at 50% of the way to the target (= 0.75 R), longs and shorts. The script names no timeframe; 15m is used as the source (an intraday session strategy) and chart mode covers all seven. DEVIATIONS: (1) the stop is the engine's swing stop, n 2 (the sweep bar and the confirmation bar), 1.2 ATR buffer, measured from the fill (next open) instead of the confirmation close: it equals the script's stop unless the confirmation bar trades below the sweep wick, when it is wider; the script's 'reject if the stop < 0.5 ATR' can never fire with a 1.2 ATR buffer, so it is only kept as the clamp floor; (2) break-even: the script moves the stop when the intrabar high/low touches 0.75 R, the engine when a bar CLOSES past 0.75 R (checked on the previous close), so it moves later and less often; (3) the script freezes a pending sweep while a position is open and can act on it after the exit; the port cannot see the position, so a sweep that happens during a trade is dropped; (4) there is no time exit in the script; the engine needs one, it is a long safety cap and the only grid key; (5) costs: TradingView 0.04% commission and 1 tick slippage, here 0.05% taker + 0.02% slippage + funding; sizing 1% risk instead of 10% of equity; (6) pivot ties give no pivot (TradingView's tie rule is undocumented), ATR is Wilder-smoothed from the first bar rather than SMA-seeded (differs only in the first ~100 bars). [Timeframe variant of 049_tv_liquidity_sweep, 15m -> 240m, mode chart: same bar counts and ATR multiples, hold x16, pct stop x4.000.]",recipe,240,2,0,,"{""atr_n"": 14, ""be_at"": 0.75, ""cooldown_bars"": 0, ""direction"": ""both"", ""filters"": [{""hours"": [12, 13, 14, 15], ""type"": ""hours""}], ""max_hold_hours"": 3072.0, ""stop"": {""buffer_atr"": 1.2, ""max_atr"": 50.0, ""min_atr"": 0.5, ""n"": 2, ""type"": ""swing""}, ""tp"": {""r"": 1.5, ""type"": ""r""}, ""trail_at"": 0, ""trail_atr"": 0, ""triggers"": [{""max_age"": 150, ""min_gap_atr"": 0.25, ""min_wick_ratio"": 1.5, ""pivot_len"": 7, ""type"": ""liquidity_sweep"", ""vol_mult"": 1.3}]}","{""entry_fill_ratio"": 1.0, ""entry_mode"": ""taker"", ""entry_offset_atr"": 0.0}",13,-0.1859060575665113,-0.1870629218448929,-0.0011568642783816,0.0752013517267707,0,7,0.402689363387631,-0.6603699156760678,1.1215458011665511,0.8734,0.4340280217403703,0.0313386583527393,0.5714285714285714,1.90773802628745,0.0138973759817953,0.0215084130892136,64.57142857142857,3,4,0.4285714285714285,0.5714285714285714,0.0,1.0,0,"{""2023"": [-0.0278, 5], ""2024"": [1.479, 2]}",0.3876227654521636,INCONCLUSIVE,valid_trades>=100;train_mean_r>0;valid_ci_lo>0,,native,recipe|240m|liquidity_sweep|hours|both,,2020-01|2023-01|2025-01|2026-08,0.0
c51a6bde33,2026-09-30 23:46 UTC,ETHUSDT,ideas\050_oi_flush_reversal.json,050_oi_flush_reversal,"PLAN.md section 14, idea M1 (new data: open interest). A liquidation cascade shows up as a large price move over a few hours while open interest FALLS sharply: positions are being closed into the move, and at that speed most of them are forced (margin calls, the liquidation engine's market orders), not chosen. Forced flow is price-insensitive, so it pushes price past where voluntary traders would take it; when the forced sellers (buyers) are exhausted, price reverts over the next days. Counterparty: the liquidated traders and the engine selling their positions. Rule: over 4 bars, price z-score beyond -price_z (a down-flush) with OI z-score below -oi_z -> long; the mirror (price up, OI down = shorts squeezed out) -> short. z-scores are against each series' own last 720 bars (30 days at 1h). In a falling market this still trades both ways: it buys capitulation lows and sells short-squeeze spikes, and the short-squeeze side is the one that should work in a decline. Held 2-6 days (LESSONS.md section 1: multi-day holds are the only ones that pay for cost). Grid: how large an OI drop counts as a flush, and the hold.",recipe,60,4,0,,"{""atr_n"": 14, ""cooldown_bars"": 12, ""direction"": ""both"", ""filters"": [], ""max_hold_hours"": 48, ""stop"": {""max_atr"": 20.0, ""min_atr"": 1.0, ""pct"": 0.03, ""type"": ""pct""}, ""tp"": {""type"": ""none""}, ""trail_at"": 0, ""trail_atr"": 0, ""triggers"": [{""n"": 4, ""oi_z"": 1.5, ""price_z"": 2.0, ""type"": ""oi_flush"", ""z_n"": 720}]}","{""entry_fill_ratio"": 1.0, ""entry_mode"": ""taker"", ""entry_offset_atr"": 0.0}",49,-0.3179200688041945,-0.2729215354545441,0.0449985333496503,0.1949123606570298,0,89,0.0177092881486168,-0.2135350242702484,0.2580033090653699,0.5575,0.069532017314385,0.0518227291657681,0.4943820224719101,1.0250856008145168,0.0048465296395341,0.1228345535365629,32.53932584269663,60,29,0.4269662921348314,0.0,0.5730337078651685,1.0,0,"{""2023"": [-0.1982, 49], ""2024"": [0.2822, 40]}",-0.0042200848135281,INCONCLUSIVE,valid_trades>=100;train_mean_r>0;valid_ci_lo>0;stress_mean_r>0,,native,recipe|60m|oi_flush|-|both,,2020-01|2023-01|2025-01|2026-08,0.0
d058a8bf90,2026-09-30 23:46 UTC,ETHUSDT,ideas\050_oi_flush_reversal_tf30.json,050_oi_flush_reversal_tf30,"PLAN.md section 14, idea M1 (new data: open interest). A liquidation cascade shows up as a large price move over a few hours while open interest FALLS sharply: positions are being closed into the move, and at that speed most of them are forced (margin calls, the liquidation engine's market orders), not chosen. Forced flow is price-insensitive, so it pushes price past where voluntary traders would take it; when the forced sellers (buyers) are exhausted, price reverts over the next days. Counterparty: the liquidated traders and the engine selling their positions. Rule: over 4 bars, price z-score beyond -price_z (a down-flush) with OI z-score below -oi_z -> long; the mirror (price up, OI down = shorts squeezed out) -> short. z-scores are against each series' own last 720 bars (30 days at 1h). In a falling market this still trades both ways: it buys capitulation lows and sells short-squeeze spikes, and the short-squeeze side is the one that should work in a decline. Held 2-6 days (LESSONS.md section 1: multi-day holds are the only ones that pay for cost). Grid: how large an OI drop counts as a flush, and the hold. [Timeframe variant of 050_oi_flush_reversal, 60m -> 30m, mode chart: same bar counts and ATR multiples, hold x0.5, pct stop x0.707.]",recipe,30,4,0,,"{""atr_n"": 14, ""cooldown_bars"": 12, ""direction"": ""both"", ""filters"": [], ""max_hold_hours"": 24.0, ""stop"": {""max_atr"": 20.0, ""min_atr"": 1.0, ""pct"": 0.0212, ""type"": ""pct""}, ""tp"": {""type"": ""none""}, ""trail_at"": 0, ""trail_atr"": 0, ""triggers"": [{""n"": 4, ""oi_z"": 1.5, ""price_z"": 2.0, ""type"": ""oi_flush"", ""z_n"": 720}]}","{""entry_fill_ratio"": 1.0, ""entry_mode"": ""taker"", ""entry_offset_atr"": 0.0}",92,0.1035543307921962,0.1692209430555079,0.0656666122633117,0.1885195909272031,0,189,0.0280284656449444,-0.1606019124468707,0.2334717290599484,0.6012,0.0985559149104891,0.0705274492655446,0.4603174603174603,1.0389725838328028,0.0177513471652568,0.1179914933853633,16.72222222222222,134,55,0.4444444444444444,0.0,0.5555555555555556,1.0,0,"{""2023"": [-0.0378, 96], ""2024"": [0.0959, 93]}",-0.002831340033494,INCONCLUSIVE,valid_ci_lo>0;stress_mean_r>0,,native,recipe|30m|oi_flush|-|both,,2020-01|2023-01|2025-01|2026-08,0.0
43f6130cdc,2026-09-30 23:46 UTC,ETHUSDT,ideas\050_oi_flush_reversal_tf15.json,050_oi_flush_reversal_tf15,"PLAN.md section 14, idea M1 (new data: open interest). A liquidation cascade shows up as a large price move over a few hours while open interest FALLS sharply: positions are being closed into the move, and at that speed most of them are forced (margin calls, the liquidation engine's market orders), not chosen. Forced flow is price-insensitive, so it pushes price past where voluntary traders would take it; when the forced sellers (buyers) are exhausted, price reverts over the next days. Counterparty: the liquidated traders and the engine selling their positions. Rule: over 4 bars, price z-score beyond -price_z (a down-flush) with OI z-score below -oi_z -> long; the mirror (price up, OI down = shorts squeezed out) -> short. z-scores are against each series' own last 720 bars (30 days at 1h). In a falling market this still trades both ways: it buys capitulation lows and sells short-squeeze spikes, and the short-squeeze side is the one that should work in a decline. Held 2-6 days (LESSONS.md section 1: multi-day holds are the only ones that pay for cost). Grid: how large an OI drop counts as a flush, and the hold. [Timeframe variant of 050_oi_flush_reversal, 60m -> 15m, mode chart: same bar counts and ATR multiples, hold x0.25, pct stop x0.500.]",recipe,15,4,4,0.0,"{""atr_n"": 14, ""cooldown_bars"": 12, ""direction"": ""both"", ""filters"": [], ""max_hold_hours"": 36.0, ""stop"": {""max_atr"": 20.0, ""min_atr"": 1.0, ""pct"": 0.015, ""type"": ""pct""}, ""tp"": {""type"": ""none""}, ""trail_at"": 0, ""trail_atr"": 0, ""triggers"": [{""n"": 4, ""oi_z"": 2.5, ""price_z"": 2.0, ""type"": ""oi_flush"", ""z_n"": 720}]}","{""entry_fill_ratio"": 1.0, ""entry_mode"": ""taker"", ""entry_offset_atr"": 0.0}",109,-0.2378276875457563,-0.1481012325794611,0.0897264549662951,0.3618961975859239,0,226,-0.1591824277381741,-0.3635595533578264,0.0585829010692432,0.074,-0.0599433927507279,0.0992390349874462,0.3008849557522124,0.7440331389358953,-0.1767793115968472,0.3733177544790969,17.36283185840708,157,69,0.668141592920354,0.0,0.3274336283185841,1.0,0,"{""2023"": [-0.298, 116], ""2024"": [-0.0128, 110]}",-0.2445498335582056,REJECT,train_mean_r>0;valid_mean_r>0;valid_ci_lo>0;stress_mean_r>0;valid_max_dd<=20%,,native,recipe|15m|oi_flush|-|both,,2020-01|2023-01|2025-01|2026-08,0.0
07629d74eb,2026-09-30 23:46 UTC,ETHUSDT,ideas\050_oi_flush_reversal_tf240.json,050_oi_flush_reversal_tf240,"PLAN.md section 14, idea M1 (new data: open interest). A liquidation cascade shows up as a large price move over a few hours while open interest FALLS sharply: positions are being closed into the move, and at that speed most of them are forced (margin calls, the liquidation engine's market orders), not chosen. Forced flow is price-insensitive, so it pushes price past where voluntary traders would take it; when the forced sellers (buyers) are exhausted, price reverts over the next days. Counterparty: the liquidated traders and the engine selling their positions. Rule: over 4 bars, price z-score beyond -price_z (a down-flush) with OI z-score below -oi_z -> long; the mirror (price up, OI down = shorts squeezed out) -> short. z-scores are against each series' own last 720 bars (30 days at 1h). In a falling market this still trades both ways: it buys capitulation lows and sells short-squeeze spikes, and the short-squeeze side is the one that should work in a decline. Held 2-6 days (LESSONS.md section 1: multi-day holds are the only ones that pay for cost). Grid: how large an OI drop counts as a flush, and the hold. [Timeframe variant of 050_oi_flush_reversal, 60m -> 240m, mode chart: same bar counts and ATR multiples, hold x4, pct stop x2.000.]",recipe,240,4,0,,"{""atr_n"": 14, ""cooldown_bars"": 12, ""direction"": ""both"", ""filters"": [], ""max_hold_hours"": 192.0, ""stop"": {""max_atr"": 20.0, ""min_atr"": 1.0, ""pct"": 0.06, ""type"": ""pct""}, ""tp"": {""type"": ""none""}, ""trail_at"": 0, ""trail_atr"": 0, ""triggers"": [{""n"": 4, ""oi_z"": 1.5, ""price_z"": 2.0, ""type"": ""oi_flush"", ""z_n"": 720}]}","{""entry_fill_ratio"": 1.0, ""entry_mode"": ""taker"", ""entry_offset_atr"": 0.0}",11,-0.0381900387715969,-0.0158409714687176,0.0223490673028792,0.04790177228842,0,21,0.3029008924151528,-0.3086184384540025,0.9859718872276276,0.8123,0.3450910408223115,0.0421901484071586,0.4761904761904761,1.5707824487297488,0.0305728019494513,0.0523123902387421,143.61904761904762,16,5,0.4761904761904761,0.0,0.5238095238095238,1.0,0,"{""2023"": [0.1939, 11], ""2024"": [0.4228, 10]}",0.2918884707383857,INCONCLUSIVE,valid_trades>=100;train_mean_r>0;valid_ci_lo>0,,native,recipe|240m|oi_flush|-|both,,2020-01|2023-01|2025-01|2026-08,0.0
90c16c6b76,2026-09-30 23:46 UTC,ETHUSDT,ideas\051_retail_crowd_fade.json,051_retail_crowd_fade,"PLAN.md section 14, idea M2 (new data: the all-accounts long/short ratio, mostly retail). When the account ratio is far above its own recent range, many small accounts are long with leverage; their stops and liquidations sit below price, and the funding they pay makes the position costly to hold, so the crowded side unwinds over the next days. Fade it: the log ratio's z-score (last 720 bars) crosses above +z -> short; crosses below -z (the crowd is unusually short) -> long. Counterparty: late retail positioning, the same crowd that funding_extreme tried to read through funding (Exp 016, REJECT), measured here directly by account counts instead of by price of carry. In a falling market retail typically buys the dip, so the ratio rises while price falls and this goes short with the trend; that is the case it should win. Held 2-6 days. Grid: how extreme the crowd must be, and the hold.",recipe,60,4,0,,"{""atr_n"": 14, ""cooldown_bars"": 12, ""direction"": ""both"", ""filters"": [], ""max_hold_hours"": 48, ""stop"": {""max_atr"": 20.0, ""min_atr"": 1.0, ""pct"": 0.03, ""type"": ""pct""}, ""tp"": {""type"": ""none""}, ""trail_at"": 0, ""trail_atr"": 0, ""triggers"": [{""col"": ""acct_ls"", ""type"": ""crowd_fade"", ""z"": 1.5, ""z_n"": 720}]}","{""entry_fill_ratio"": 1.0, ""entry_mode"": ""taker"", ""entry_offset_atr"": 0.0}",71,0.0621500760227224,0.1137853208050862,0.0516352447823637,0.1098115264610275,0,135,0.1506440455409074,-0.0579973173490136,0.3693577803280556,0.9158,0.1945205065777303,0.0438764610368229,0.4666666666666667,1.3540020819255925,0.1010447105805383,0.1014661903447305,38.85925925925926,61,74,0.3407407407407407,0.0,0.6592592592592592,1.0,0,"{""2023"": [0.0505, 61], ""2024"": [0.2332, 74]}",0.1284023053438247,INCONCLUSIVE,valid_ci_lo>0,,native,recipe|60m|crowd_fade|-|both,,2020-01|2023-01|2025-01|2026-08,0.0
2e5a5ad991,2026-09-30 23:46 UTC,ETHUSDT,ideas\051_retail_crowd_fade_tf30.json,051_retail_crowd_fade_tf30,"PLAN.md section 14, idea M2 (new data: the all-accounts long/short ratio, mostly retail). When the account ratio is far above its own recent range, many small accounts are long with leverage; their stops and liquidations sit below price, and the funding they pay makes the position costly to hold, so the crowded side unwinds over the next days. Fade it: the log ratio's z-score (last 720 bars) crosses above +z -> short; crosses below -z (the crowd is unusually short) -> long. Counterparty: late retail positioning, the same crowd that funding_extreme tried to read through funding (Exp 016, REJECT), measured here directly by account counts instead of by price of carry. In a falling market retail typically buys the dip, so the ratio rises while price falls and this goes short with the trend; that is the case it should win. Held 2-6 days. Grid: how extreme the crowd must be, and the hold. [Timeframe variant of 051_retail_crowd_fade, 60m -> 30m, mode chart: same bar counts and ATR multiples, hold x0.5, pct stop x0.707.]",recipe,30,4,1,1.0,"{""atr_n"": 14, ""cooldown_bars"": 12, ""direction"": ""both"", ""filters"": [], ""max_hold_hours"": 24.0, ""stop"": {""max_atr"": 20.0, ""min_atr"": 1.0, ""pct"": 0.0212, ""type"": ""pct""}, ""tp"": {""type"": ""none""}, ""trail_at"": 0, ""trail_atr"": 0, ""triggers"": [{""col"": ""acct_ls"", ""type"": ""crowd_fade"", ""z"": 1.5, ""z_n"": 720}]}","{""entry_fill_ratio"": 1.0, ""entry_mode"": ""taker"", ""entry_offset_atr"": 0.0}",119,0.2004472951339791,0.2699013177587859,0.0694540226248068,0.1782383715234758,0,197,0.07968054140694,-0.1088188822749616,0.2841804025198313,0.7829,0.1452936730726362,0.0656131316656962,0.4010152284263959,1.1572788752733063,0.0712992204049258,0.1440985729807596,19.35532994923858,94,103,0.350253807106599,0.0,0.649746192893401,1.0,0,"{""2023"": [0.0054, 83], ""2024"": [0.1337, 114]}",0.0482948007456587,WATCH,valid_ci_lo>0,,native,recipe|30m|crowd_fade|-|both,,2020-01|2023-01|2025-01|2026-08,0.0
91ffb54dd1,2026-09-30 23:46 UTC,ETHUSDT,ideas\051_retail_crowd_fade_tf15.json,051_retail_crowd_fade_tf15,"PLAN.md section 14, idea M2 (new data: the all-accounts long/short ratio, mostly retail). When the account ratio is far above its own recent range, many small accounts are long with leverage; their stops and liquidations sit below price, and the funding they pay makes the position costly to hold, so the crowded side unwinds over the next days. Fade it: the log ratio's z-score (last 720 bars) crosses above +z -> short; crosses below -z (the crowd is unusually short) -> long. Counterparty: late retail positioning, the same crowd that funding_extreme tried to read through funding (Exp 016, REJECT), measured here directly by account counts instead of by price of carry. In a falling market retail typically buys the dip, so the ratio rises while price falls and this goes short with the trend; that is the case it should win. Held 2-6 days. Grid: how extreme the crowd must be, and the hold. [Timeframe variant of 051_retail_crowd_fade, 60m -> 15m, mode chart: same bar counts and ATR multiples, hold x0.25, pct stop x0.500.]",recipe,15,4,2,0.5,"{""atr_n"": 14, ""cooldown_bars"": 12, ""direction"": ""both"", ""filters"": [], ""max_hold_hours"": 36.0, ""stop"": {""max_atr"": 20.0, ""min_atr"": 1.0, ""pct"": 0.015, ""type"": ""pct""}, ""tp"": {""type"": ""none""}, ""trail_at"": 0, ""trail_atr"": 0, ""triggers"": [{""col"": ""acct_ls"", ""type"": ""crowd_fade"", ""z"": 1.5, ""z_n"": 720}]}","{""entry_fill_ratio"": 1.0, ""entry_mode"": ""taker"", ""entry_offset_atr"": 0.0}",189,0.1321898156107157,0.2270372419186185,0.0948474263079027,0.2007129888319534,0,294,0.025577984242539,-0.1853908975133535,0.2495377730638819,0.5855,0.1187077024028747,0.0931297181603356,0.3265306122448979,1.0113588966123368,0.010753080607565,0.3311216924774147,21.1811224489796,146,148,0.608843537414966,0.0,0.3877551020408163,1.0,0,"{""2023"": [-0.0796, 132], ""2024"": [0.1113, 162]}",-0.0170339352895972,REJECT,valid_ci_lo>0;stress_mean_r>0;valid_max_dd<=20%,,native,recipe|15m|crowd_fade|-|both,,2020-01|2023-01|2025-01|2026-08,0.0
882c01d887,2026-09-30 23:46 UTC,ETHUSDT,ideas\051_retail_crowd_fade_tf240.json,051_retail_crowd_fade_tf240,"PLAN.md section 14, idea M2 (new data: the all-accounts long/short ratio, mostly retail). When the account ratio is far above its own recent range, many small accounts are long with leverage; their stops and liquidations sit below price, and the funding they pay makes the position costly to hold, so the crowded side unwinds over the next days. Fade it: the log ratio's z-score (last 720 bars) crosses above +z -> short; crosses below -z (the crowd is unusually short) -> long. Counterparty: late retail positioning, the same crowd that funding_extreme tried to read through funding (Exp 016, REJECT), measured here directly by account counts instead of by price of carry. In a falling market retail typically buys the dip, so the ratio rises while price falls and this goes short with the trend; that is the case it should win. Held 2-6 days. Grid: how extreme the crowd must be, and the hold. [Timeframe variant of 051_retail_crowd_fade, 60m -> 240m, mode chart: same bar counts and ATR multiples, hold x4, pct stop x2.000.]",recipe,240,4,0,,"{""atr_n"": 14, ""cooldown_bars"": 12, ""direction"": ""both"", ""filters"": [], ""max_hold_hours"": 192.0, ""stop"": {""max_atr"": 20.0, ""min_atr"": 1.0, ""pct"": 0.06, ""type"": ""pct""}, ""tp"": {""type"": ""none""}, ""trail_at"": 0, ""trail_atr"": 0, ""triggers"": [{""col"": ""acct_ls"", ""type"": ""crowd_fade"", ""z"": 1.5, ""z_n"": 720}]}","{""entry_fill_ratio"": 1.0, ""entry_mode"": ""taker"", ""entry_offset_atr"": 0.0}",21,0.9821538401529938,1.0100674497469864,0.0279136095939924,0.0326522487024008,0,52,0.0987710726259106,-0.2136949484470948,0.4319392009928151,0.7219,0.120612979058391,0.0218419064324803,0.5,1.211108692225232,0.0241360354527628,0.0705911457442152,146.76923076923077,17,35,0.4038461538461538,0.0,0.5769230769230769,1.0,0,"{""2023"": [0.0454, 26], ""2024"": [0.1522, 26]}",0.0876479384076773,INCONCLUSIVE,valid_trades>=100;valid_ci_lo>0,,native,recipe|240m|crowd_fade|-|both,,2020-01|2023-01|2025-01|2026-08,0.0
b527ba97a7,2026-09-30 23:46 UTC,ETHUSDT,ideas\052_smart_money_divergence.json,052_smart_money_divergence,"PLAN.md section 14, idea M3 (new data: top-trader position ratio vs all-account ratio). Binance's 'top traders' are the largest 20% of accounts by margin. When they lean long relative to their own history while the crowd of all accounts does not (d = z(top position ratio) - z(all-account ratio) crosses above +k), the better-capitalised, usually better-informed side is taking the other side of retail, and price tends to follow the larger money over days. Long on that crossing, short on the mirror (large accounts lean short while retail leans long). Counterparty: retail positioning against the large accounts. In a falling market the short side fires when large accounts de-risk while retail buys the dip, which is the classic distribution pattern. Held 2-6 days. Grid: the divergence threshold and the hold. Note: Binance left the top-trader ratios empty for 2022-11-08..10 (FTX); those bars read as no signal.",recipe,60,4,0,,"{""atr_n"": 14, ""cooldown_bars"": 12, ""direction"": ""both"", ""filters"": [], ""max_hold_hours"": 48, ""stop"": {""max_atr"": 20.0, ""min_atr"": 1.0, ""pct"": 0.03, ""type"": ""pct""}, ""tp"": {""type"": ""none""}, ""trail_at"": 0, ""trail_atr"": 0, ""triggers"": [{""k"": 1.5, ""type"": ""smart_divergence"", ""z_n"": 720}]}","{""entry_fill_ratio"": 1.0, ""entry_mode"": ""taker"", ""entry_offset_atr"": 0.0}",3,1.6635350076548097,1.7079231204629757,0.0443881128081659,0.0251513919650071,0,165,-0.1109360841102764,-0.2853374954399475,0.0728287813052273,0.1172,-0.0583599654976052,0.0525761186126712,0.3515151515151515,0.7718149689459568,-0.0919600403506559,0.2116620106470405,35.84848484848485,92,73,0.4181818181818181,0.0,0.5818181818181818,1.0,0,"{""2023"": [-0.0386, 72], ""2024"": [-0.1669, 93]}",-0.1328667829796967,INCONCLUSIVE,valid_mean_r>0;valid_ci_lo>0;stress_mean_r>0;valid_max_dd<=20%,,native,recipe|60m|smart_divergence|-|both,,2020-01|2023-01|2025-01|2026-08,0.0
676f34c97d,2026-09-30 23:46 UTC,ETHUSDT,ideas\052_smart_money_divergence_tf30.json,052_smart_money_divergence_tf30,"PLAN.md section 14, idea M3 (new data: top-trader position ratio vs all-account ratio). Binance's 'top traders' are the largest 20% of accounts by margin. When they lean long relative to their own history while the crowd of all accounts does not (d = z(top position ratio) - z(all-account ratio) crosses above +k), the better-capitalised, usually better-informed side is taking the other side of retail, and price tends to follow the larger money over days. Long on that crossing, short on the mirror (large accounts lean short while retail leans long). Counterparty: retail positioning against the large accounts. In a falling market the short side fires when large accounts de-risk while retail buys the dip, which is the classic distribution pattern. Held 2-6 days. Grid: the divergence threshold and the hold. Note: Binance left the top-trader ratios empty for 2022-11-08..10 (FTX); those bars read as no signal. [Timeframe variant of 052_smart_money_divergence, 60m -> 30m, mode chart: same bar counts and ATR multiples, hold x0.5, pct stop x0.707.]",recipe,30,4,0,,"{""atr_n"": 14, ""cooldown_bars"": 12, ""direction"": ""both"", ""filters"": [], ""max_hold_hours"": 24.0, ""stop"": {""max_atr"": 20.0, ""min_atr"": 1.0, ""pct"": 0.0212, ""type"": ""pct""}, ""tp"": {""type"": ""none""}, ""trail_at"": 0, ""trail_atr"": 0, ""triggers"": [{""k"": 1.5, ""type"": ""smart_divergence"", ""z_n"": 720}]}","{""entry_fill_ratio"": 1.0, ""entry_mode"": ""taker"", ""entry_offset_atr"": 0.0}",21,0.0517344822047599,0.1157740760721152,0.0640395938673553,0.0727410860412939,0,286,-0.1025616700131635,-0.2387863905777489,0.0438002514796312,0.0808,-0.0337126597815329,0.0688490102316306,0.3496503496503496,0.7732914185536043,-0.1449051432067098,0.3429372484774966,18.26048951048951,149,137,0.3986013986013986,0.0,0.6013986013986014,1.0,0,"{""2023"": [-0.1232, 135], ""2024"": [-0.0841, 151]}",-0.1344474787084864,INCONCLUSIVE,valid_mean_r>0;valid_ci_lo>0;stress_mean_r>0;valid_max_dd<=20%,,native,recipe|30m|smart_divergence|-|both,,2020-01|2023-01|2025-01|2026-08,0.0
1ad32ce766,2026-09-30 23:46 UTC,ETHUSDT,ideas\052_smart_money_divergence_tf15.json,052_smart_money_divergence_tf15,"PLAN.md section 14, idea M3 (new data: top-trader position ratio vs all-account ratio). Binance's 'top traders' are the largest 20% of accounts by margin. When they lean long relative to their own history while the crowd of all accounts does not (d = z(top position ratio) - z(all-account ratio) crosses above +k), the better-capitalised, usually better-informed side is taking the other side of retail, and price tends to follow the larger money over days. Long on that crossing, short on the mirror (large accounts lean short while retail leans long). Counterparty: retail positioning against the large accounts. In a falling market the short side fires when large accounts de-risk while retail buys the dip, which is the classic distribution pattern. Held 2-6 days. Grid: the divergence threshold and the hold. Note: Binance left the top-trader ratios empty for 2022-11-08..10 (FTX); those bars read as no signal. [Timeframe variant of 052_smart_money_divergence, 60m -> 15m, mode chart: same bar counts and ATR multiples, hold x0.25, pct stop x0.500.]",recipe,15,4,0,,"{""atr_n"": 14, ""cooldown_bars"": 12, ""direction"": ""both"", ""filters"": [], ""max_hold_hours"": 12.0, ""stop"": {""max_atr"": 20.0, ""min_atr"": 1.0, ""pct"": 0.015, ""type"": ""pct""}, ""tp"": {""type"": ""none""}, ""trail_at"": 0, ""trail_atr"": 0, ""triggers"": [{""k"": 1.5, ""type"": ""smart_divergence"", ""z_n"": 720}]}","{""entry_fill_ratio"": 1.0, ""entry_mode"": ""taker"", ""entry_offset_atr"": 0.0}",46,-0.2725349939028719,-0.1808154860352376,0.0917195078676342,0.2002664087471414,0,504,-0.0618175891575659,-0.1655042652176188,0.0457923543908342,0.1242,0.0326912341248281,0.0945088232823941,0.3849206349206349,0.8661812503775134,-0.1586402874016899,0.4234856733242232,9.431051587301589,248,256,0.3829365079365079,0.0,0.6170634920634921,1.0,0,"{""2023"": [-0.0158, 225], ""2024"": [-0.099, 279]}",-0.1088090117645274,INCONCLUSIVE,train_mean_r>0;valid_mean_r>0;valid_ci_lo>0;stress_mean_r>0;valid_max_dd<=20%,,native,recipe|15m|smart_divergence|-|both,,2020-01|2023-01|2025-01|2026-08,0.0
b2d66db861,2026-09-30 23:46 UTC,ETHUSDT,ideas\052_smart_money_divergence_tf240.json,052_smart_money_divergence_tf240,"PLAN.md section 14, idea M3 (new data: top-trader position ratio vs all-account ratio). Binance's 'top traders' are the largest 20% of accounts by margin. When they lean long relative to their own history while the crowd of all accounts does not (d = z(top position ratio) - z(all-account ratio) crosses above +k), the better-capitalised, usually better-informed side is taking the other side of retail, and price tends to follow the larger money over days. Long on that crossing, short on the mirror (large accounts lean short while retail leans long). Counterparty: retail positioning against the large accounts. In a falling market the short side fires when large accounts de-risk while retail buys the dip, which is the classic distribution pattern. Held 2-6 days. Grid: the divergence threshold and the hold. Note: Binance left the top-trader ratios empty for 2022-11-08..10 (FTX); those bars read as no signal. [Timeframe variant of 052_smart_money_divergence, 60m -> 240m, mode chart: same bar counts and ATR multiples, hold x4, pct stop x2.000.]",recipe,240,4,0,,"{""atr_n"": 14, ""cooldown_bars"": 12, ""direction"": ""both"", ""filters"": [], ""max_hold_hours"": 576.0, ""stop"": {""max_atr"": 20.0, ""min_atr"": 1.0, ""pct"": 0.06, ""type"": ""pct""}, ""tp"": {""type"": ""none""}, ""trail_at"": 0, ""trail_atr"": 0, ""triggers"": [{""k"": 2.5, ""type"": ""smart_divergence"", ""z_n"": 720}]}","{""entry_fill_ratio"": 1.0, ""entry_mode"": ""taker"", ""entry_offset_atr"": 0.0}",0,0.0,0.0,0.0,0.0,0,18,0.0428664829786504,-0.6896041155471421,0.93071816179761,0.515,0.1136422755307756,0.0707757925521252,0.3333333333333333,1.0437557766358032,0.0026009114238609,0.0938499750381228,354.8888888888889,9,9,0.6111111111111112,0.0,0.3888888888888889,1.0,0,"{""2023"": [0.5935, 8], ""2024"": [-0.3977, 10]}",0.0320001245743026,INCONCLUSIVE,valid_trades>=100;train_mean_r>0;valid_ci_lo>0,,native,recipe|240m|smart_divergence|-|both,,2020-01|2023-01|2025-01|2026-08,0.0
efc8518be1,2026-09-30 23:47 UTC,ETHUSDT,ideas\053_oi_confirmed_breakout.json,053_oi_confirmed_breakout,"PLAN.md section 14, idea M4 (new data: open interest as a confirmation). A 48-bar breakout can be new positioning or just short covering/long liquidation. If open interest ROSE over the last 24 bars, new positions are being opened into the break: fresh money that has to be defended and adds to the move. If OI fell, the break is positions closing, which runs out when they are closed. So take Donchian breaks (both sides) only when OI grew by more than min_pct. This is BTC's most-tested entry family (donchian_break, 105 evaluations, idea mean -0.032 R, LESSONS.md section 6); the question is only whether OI separates the good breaks from the bad ones, and the random-entry control 'within the same filters' is exactly that test. In a falling market it takes breakdowns with rising OI (new shorts piling in) and so trades short with the trend. Held 2-6 days. Grid: the OI growth required and the hold.",recipe,60,4,1,1.0,"{""atr_n"": 14, ""cooldown_bars"": 12, ""direction"": ""both"", ""filters"": [{""min_pct"": 0.0, ""n"": 24, ""type"": ""oi_rising""}], ""max_hold_hours"": 48, ""stop"": {""max_atr"": 20.0, ""min_atr"": 1.0, ""pct"": 0.03, ""type"": ""pct""}, ""tp"": {""type"": ""none""}, ""trail_at"": 0, ""trail_atr"": 0, ""triggers"": [{""n"": 48, ""type"": ""donchian_break""}]}","{""entry_fill_ratio"": 1.0, ""entry_mode"": ""taker"", ""entry_offset_atr"": 0.0}",118,0.0314308005728256,0.0810502030380755,0.0496194024652499,0.1695847048611516,0,173,-0.0754380933321501,-0.2487623649587903,0.1073667572594142,0.2043,-0.0210766564756081,0.0543614368565419,0.3815028901734104,0.8383183540043139,-0.068443371919179,0.2016792651148835,34.40462427745665,110,63,0.4624277456647399,0.0,0.5375722543352601,1.0,0,"{""2023"": [-0.1459, 69], ""2024"": [-0.0287, 104]}",-0.0972310610441681,REJECT,valid_mean_r>0;valid_ci_lo>0;stress_mean_r>0;valid_max_dd<=20%,,native,recipe|60m|donchian_break|oi_rising|both,,2020-01|2023-01|2025-01|2026-08,0.0
2271930565,2026-09-30 23:47 UTC,ETHUSDT,ideas\053_oi_confirmed_breakout_tf30.json,053_oi_confirmed_breakout_tf30,"PLAN.md section 14, idea M4 (new data: open interest as a confirmation). A 48-bar breakout can be new positioning or just short covering/long liquidation. If open interest ROSE over the last 24 bars, new positions are being opened into the break: fresh money that has to be defended and adds to the move. If OI fell, the break is positions closing, which runs out when they are closed. So take Donchian breaks (both sides) only when OI grew by more than min_pct. This is BTC's most-tested entry family (donchian_break, 105 evaluations, idea mean -0.032 R, LESSONS.md section 6); the question is only whether OI separates the good breaks from the bad ones, and the random-entry control 'within the same filters' is exactly that test. In a falling market it takes breakdowns with rising OI (new shorts piling in) and so trades short with the trend. Held 2-6 days. Grid: the OI growth required and the hold. [Timeframe variant of 053_oi_confirmed_breakout, 60m -> 30m, mode chart: same bar counts and ATR multiples, hold x0.5, pct stop x0.707.]",recipe,30,4,2,0.0,"{""atr_n"": 14, ""cooldown_bars"": 12, ""direction"": ""both"", ""filters"": [{""min_pct"": 0.0, ""n"": 24, ""type"": ""oi_rising""}], ""max_hold_hours"": 24.0, ""stop"": {""max_atr"": 20.0, ""min_atr"": 1.0, ""pct"": 0.0212, ""type"": ""pct""}, ""tp"": {""type"": ""none""}, ""trail_at"": 0, ""trail_atr"": 0, ""triggers"": [{""n"": 48, ""type"": ""donchian_break""}]}","{""entry_fill_ratio"": 1.0, ""entry_mode"": ""taker"", ""entry_offset_atr"": 0.0}",196,-0.0173733218541372,0.0497923379809287,0.0671656598350659,0.1529570450084941,0,336,-0.0680893206915622,-0.1989535144120698,0.0673351005044711,0.157,0.0008352318802261,0.0689245525717883,0.3660714285714285,0.8535136524050589,-0.1192325154485399,0.2722570236130142,17.770833333333332,202,134,0.4255952380952381,0.0,0.5744047619047619,1.0,0,"{""2023"": [-0.1102, 147], ""2024"": [-0.0353, 189]}",-0.0991135313599483,REJECT,train_mean_r>0;valid_mean_r>0;valid_ci_lo>0;stress_mean_r>0;valid_max_dd<=20%,,native,recipe|30m|donchian_break|oi_rising|both,,2020-01|2023-01|2025-01|2026-08,0.0
d9b1d45fa0,2026-09-30 23:47 UTC,ETHUSDT,ideas\053_oi_confirmed_breakout_tf15.json,053_oi_confirmed_breakout_tf15,"PLAN.md section 14, idea M4 (new data: open interest as a confirmation). A 48-bar breakout can be new positioning or just short covering/long liquidation. If open interest ROSE over the last 24 bars, new positions are being opened into the break: fresh money that has to be defended and adds to the move. If OI fell, the break is positions closing, which runs out when they are closed. So take Donchian breaks (both sides) only when OI grew by more than min_pct. This is BTC's most-tested entry family (donchian_break, 105 evaluations, idea mean -0.032 R, LESSONS.md section 6); the question is only whether OI separates the good breaks from the bad ones, and the random-entry control 'within the same filters' is exactly that test. In a falling market it takes breakdowns with rising OI (new shorts piling in) and so trades short with the trend. Held 2-6 days. Grid: the OI growth required and the hold. [Timeframe variant of 053_oi_confirmed_breakout, 60m -> 15m, mode chart: same bar counts and ATR multiples, hold x0.25, pct stop x0.500.]",recipe,15,4,2,0.5,"{""atr_n"": 14, ""cooldown_bars"": 12, ""direction"": ""both"", ""filters"": [{""min_pct"": 0.0, ""n"": 24, ""type"": ""oi_rising""}], ""max_hold_hours"": 36.0, ""stop"": {""max_atr"": 20.0, ""min_atr"": 1.0, ""pct"": 0.015, ""type"": ""pct""}, ""tp"": {""type"": ""none""}, ""trail_at"": 0, ""trail_atr"": 0, ""triggers"": [{""n"": 48, ""type"": ""donchian_break""}]}","{""entry_fill_ratio"": 1.0, ""entry_mode"": ""taker"", ""entry_offset_atr"": 0.0}",267,0.1266785875023657,0.2223136158254677,0.095635028323102,0.2379844472524829,0,455,-0.1448189385534119,-0.2865404042112738,0.0103591112962452,0.0335,-0.0436827709847487,0.1011361675686632,0.3054945054945055,0.7660679174683133,-0.3015453897440932,0.5487982552646038,20.21538461538461,282,173,0.6307692307692307,0.0,0.3692307692307692,1.0,0,"{""2023"": [-0.2205, 201], ""2024"": [-0.085, 254]}",-0.1888160843227556,REJECT,valid_mean_r>0;valid_ci_lo>0;stress_mean_r>0;valid_max_dd<=20%,,native,recipe|15m|donchian_break|oi_rising|both,,2020-01|2023-01|2025-01|2026-08,0.0
30fa4736d3,2026-09-30 23:47 UTC,ETHUSDT,ideas\053_oi_confirmed_breakout_tf240.json,053_oi_confirmed_breakout_tf240,"PLAN.md section 14, idea M4 (new data: open interest as a confirmation). A 48-bar breakout can be new positioning or just short covering/long liquidation. If open interest ROSE over the last 24 bars, new positions are being opened into the break: fresh money that has to be defended and adds to the move. If OI fell, the break is positions closing, which runs out when they are closed. So take Donchian breaks (both sides) only when OI grew by more than min_pct. This is BTC's most-tested entry family (donchian_break, 105 evaluations, idea mean -0.032 R, LESSONS.md section 6); the question is only whether OI separates the good breaks from the bad ones, and the random-entry control 'within the same filters' is exactly that test. In a falling market it takes breakdowns with rising OI (new shorts piling in) and so trades short with the trend. Held 2-6 days. Grid: the OI growth required and the hold. [Timeframe variant of 053_oi_confirmed_breakout, 60m -> 240m, mode chart: same bar counts and ATR multiples, hold x4, pct stop x2.000.]",recipe,240,4,0,,"{""atr_n"": 14, ""cooldown_bars"": 12, ""direction"": ""both"", ""filters"": [{""min_pct"": 0.0, ""n"": 24, ""type"": ""oi_rising""}], ""max_hold_hours"": 192.0, ""stop"": {""max_atr"": 20.0, ""min_atr"": 1.0, ""pct"": 0.06, ""type"": ""pct""}, ""tp"": {""type"": ""none""}, ""trail_at"": 0, ""trail_atr"": 0, ""triggers"": [{""n"": 48, ""type"": ""donchian_break""}]}","{""entry_fill_ratio"": 1.0, ""entry_mode"": ""taker"", ""entry_offset_atr"": 0.0}",31,0.10493155582051766,0.1342264120450968,0.02929485622457913,0.07718395840522452,0,57,0.02203060529251475,-0.26133385739215453,0.3258787209937581,0.5578,0.06016317851882791,0.03813257322631315,0.47368421052631576,1.0366764714985193,0.004762105315596399,0.08815518830984126,154.03508771929825,36,21,0.40350877192982454,0.0,0.5964912280701754,1.0,0,"{""2023"": [-0.1175, 26], ""2024"": [0.139, 31]}",0.011026952359101207,INCONCLUSIVE,valid_trades>=100;valid_ci_lo>0,,native,recipe|240m|donchian_break|oi_rising|both,,2020-01|2023-01|2025-01|2026-08,0.0
