exp,strategy,method,thr,tf,split,params,note,signals,candidates,trades,gross_r,cost_r,exp_r,ci_lo,ci_hi,p_gt_0,sharpe,sortino,max_dd,cagr,win_rate,profit_factor,net_return,end_equity,exposure,fees_pct_eq,years,sm,stop_pct,fill_rate,offset,fill_ratio,entry_mode,entry_signals,entry_fills,stop_scale,avg_bars,hold_hours,max_hold_bars,source,recorded_at
007,ml_candidate_pool,reg,0.0,15,oos,"{""stop_scale"": 1.0, ""method"": ""reg"", ""thr"": 0.0}",,,,1014.0,-0.0015288310785648,0.1383250599823008,-0.1398538910608656,-0.197695756819111,-0.0818033085499501,0.0,,,0.7228764399114611,-0.2481180562872573,0.4723865877712032,,,27.712356008853885,,,4.5,,,,,,,,,1.0,,,,csv,2026-09-27T09:30:01+00:00
007,ml_candidate_pool,reg,0.05,15,oos,"{""stop_scale"": 1.0, ""method"": ""reg"", ""thr"": 0.05}",,,,864.0,0.0061668738191164,0.1415979894211506,-0.1354311156020342,-0.1980101893671756,-0.0726183462141037,0.0,,,0.6597585329453453,-0.2087767888284101,0.4733796296296296,,,34.86146118521163,,,4.5,,,,,,,,,1.0,,,,csv,2026-09-27T09:30:01+00:00
007,ml_candidate_pool,reg,0.1,15,oos,"{""stop_scale"": 1.0, ""method"": ""reg"", ""thr"": 0.1}",,,,723.0,-0.003524693615395,0.1476268690235095,-0.1511515626389045,-0.220673232068879,-0.0817244614291396,0.0,,,0.6000861296168655,-0.1842668646978515,0.4688796680497925,,,39.991387038313455,,,4.5,,,,,,,,,1.0,,,,csv,2026-09-27T09:30:01+00:00
007,ml_candidate_pool,clf,0.0,15,oos,"{""stop_scale"": 1.0, ""method"": ""clf"", ""thr"": 0.0}",,,,1290.0,0.0199137220174504,0.1552520562647652,-0.1353383342473148,-0.1868572767830213,-0.0837593039922981,0.0,,,0.773185773215812,-0.2808563989802902,0.4775193798449612,,,22.681422678418805,,,4.5,,,,,,,,,1.0,,,,csv,2026-09-27T09:30:01+00:00
007,ml_candidate_pool,clf,0.05,15,oos,"{""stop_scale"": 1.0, ""method"": ""clf"", ""thr"": 0.05}",,,,1039.0,0.0173860270457654,0.1569898188227804,-0.139603791777015,-0.196327706464338,-0.0830980499183453,0.0,,,0.7259914055657297,-0.250004413404438,0.4744947064485081,,,27.40085944342702,,,4.5,,,,,,,,,1.0,,,,csv,2026-09-27T09:30:01+00:00
007,ml_candidate_pool,clf,0.1,15,oos,"{""stop_scale"": 1.0, ""method"": ""clf"", ""thr"": 0.1}",,,,760.0,0.0232024252273805,0.1709667988599776,-0.1477643736325971,-0.2137676296290962,-0.0814765966698721,0.0,,,0.6159830173615743,-0.1905970146297084,0.4736842105263157,,,38.613716929421095,,,4.5,,,,,,,,,1.0,,,,csv,2026-09-27T09:30:01+00:00
007,ml_candidate_pool,reg,0.0,15,oos,"{""stop_scale"": 2.0, ""method"": ""reg"", ""thr"": 0.0}",,,,837.0,0.0608078453829888,0.0860774070080632,-0.0252695616250743,-0.0751497581699235,0.0243163219265061,0.15935,,,0.2338419805356195,-0.0396529153413782,0.4790919952210274,,,83.35410648456465,,,4.5,,,,,,,,,2.0,,,,csv,2026-09-27T09:30:01+00:00
007,ml_candidate_pool,reg,0.05,15,oos,"{""stop_scale"": 2.0, ""method"": ""reg"", ""thr"": 0.05}",,,,718.0,0.0571375879901291,0.0863196438003193,-0.0291820558101901,-0.0826039639544465,0.024299844712543,0.14145,,,0.2231040663097795,-0.036240651122776,0.4805013927576602,,,84.69518434838334,,,4.5,,,,,,,,,2.0,,,,csv,2026-09-27T09:30:01+00:00
007,ml_candidate_pool,reg,0.1,15,oos,"{""stop_scale"": 2.0, ""method"": ""reg"", ""thr"": 0.1}",,,,587.0,0.0771719831921951,0.0898005203212428,-0.0126285371290476,-0.0733046494672966,0.0460831069018812,0.3371,,,0.149385250849117,-0.0174970314364045,0.4855195911413969,,,92.36393363904,,,4.5,,,,,,,,,2.0,,,,csv,2026-09-27T09:30:01+00:00
007,ml_candidate_pool,clf,0.0,15,oos,"{""stop_scale"": 2.0, ""method"": ""clf"", ""thr"": 0.0}",,,,813.0,0.052974477260198,0.0889788012622182,-0.0360043240020202,-0.08862287783421,0.0155587001986889,0.0851,,,0.2303334740773417,-0.0431155373831326,0.4858548585485855,,,82.01017952255297,,,4.5,,,,,,,,,2.0,,,,csv,2026-09-27T09:30:01+00:00
007,ml_candidate_pool,clf,0.05,15,oos,"{""stop_scale"": 2.0, ""method"": ""clf"", ""thr"": 0.05}",,,,585.0,0.0538097945358447,0.0922068653858073,-0.0383970708499625,-0.1009207476592438,0.0243690400348024,0.1121,,,0.253784641849571,-0.0395132407188139,0.4786324786324786,,,83.40867464780293,,,4.5,,,,,,,,,2.0,,,,csv,2026-09-27T09:30:01+00:00
007,ml_candidate_pool,clf,0.1,15,oos,"{""stop_scale"": 2.0, ""method"": ""clf"", ""thr"": 0.1}",,,,414.0,0.112537011245085,0.0913355109690003,0.0212015002760847,-0.0502068388517117,0.0924456113324946,0.72725,,,0.0650938313101586,0.0183443541497949,0.5265700483091788,,,108.52404424233544,,,4.5,,,,,,,,,2.0,,,,csv,2026-09-27T09:30:01+00:00
007,ml_candidate_pool,reg,0.0,15,oos,"{""stop_scale"": 3.5, ""method"": ""reg"", ""thr"": 0.0}",,,,431.0,0.0256799991359761,0.0636331227461608,-0.0379531236101846,-0.0919888251089826,0.0159893400881468,0.08395,,,0.1465168242604297,-0.0287797322426954,0.4640371229698375,,,87.68591046810607,,,4.5,,,,,,,,,3.5,,,,csv,2026-09-27T09:30:01+00:00
007,ml_candidate_pool,reg,0.05,15,oos,"{""stop_scale"": 3.5, ""method"": ""reg"", ""thr"": 0.05}",,,,362.0,0.0341540660863138,0.0646850308620151,-0.0305309647757012,-0.0896343596599327,0.0292437766629334,0.1642,,,0.1073692133483781,-0.0215773476980992,0.43646408839779,,,90.65029983544218,,,4.5,,,,,,,,,3.5,,,,csv,2026-09-27T09:30:01+00:00
007,ml_candidate_pool,reg,0.1,15,oos,"{""stop_scale"": 3.5, ""method"": ""reg"", ""thr"": 0.1}",,,,288.0,0.0613577926362173,0.0694268242239952,-0.0080690315877779,-0.076589519368042,0.0582359491559161,0.40435,,,0.0471668678811716,-0.00729950501311,0.4513888888888889,,,96.75692838586642,,,4.5,,,,,,,,,3.5,,,,csv,2026-09-27T09:30:01+00:00
007,ml_candidate_pool,clf,0.0,15,oos,"{""stop_scale"": 3.5, ""method"": ""clf"", ""thr"": 0.0}",,,,386.0,0.0662095067900142,0.0593191329290255,0.0068903738609886,-0.0499600709698171,0.0640060871820997,0.59375,,,0.067547852877299,0.0009536162711645,0.4740932642487047,,,100.429844031224,,,4.5,,,,,,,,,3.5,,,,csv,2026-09-27T09:30:01+00:00
007,ml_candidate_pool,clf,0.05,15,oos,"{""stop_scale"": 3.5, ""method"": ""clf"", ""thr"": 0.05}",,,,255.0,0.0442505737728423,0.0601610003888121,-0.0159104266159698,-0.0863523120484931,0.0541465101490624,0.32615,,,0.0935122598660856,-0.0113929416832672,0.5019607843137255,,,94.9744267326631,,,4.5,,,,,,,,,3.5,,,,csv,2026-09-27T09:30:01+00:00
007,ml_candidate_pool,clf,0.1,15,oos,"{""stop_scale"": 3.5, ""method"": ""clf"", ""thr"": 0.1}",,,,149.0,0.0642891261377745,0.0609725747343311,0.0033165514034433,-0.0918317734688272,0.0972283209178224,0.5233,,,0.0802275848949227,0.001158524239657,0.4899328859060403,,,100.5223938942234,,,4.5,,,,,,,,,3.5,,,,csv,2026-09-27T09:30:01+00:00
007,ml_candidate_pool,reg,0.0,15,oos,"{""stop_scale"": 5.0, ""method"": ""reg"", ""thr"": 0.0}",,,,305.0,0.0814871756428854,0.050877016080667,0.0306101595622184,-0.0243714233469755,0.0847708600223759,0.86205,,,0.0323018853617488,0.0222859693603831,0.4885245901639344,,,110.42713409184084,,,4.5,,,,,,,,,5.0,,,,csv,2026-09-27T09:30:01+00:00
007,ml_candidate_pool,reg,0.05,15,oos,"{""stop_scale"": 5.0, ""method"": ""reg"", ""thr"": 0.05}",,,,233.0,0.0745332727987968,0.0537754844211459,0.0207577883776509,-0.0430190103122603,0.0844227758674526,0.73805,,,0.0268821461774132,0.0147498593614028,0.4935622317596566,,,106.810881456139,,,4.5,,,,,,,,,5.0,,,,csv,2026-09-27T09:30:01+00:00
007,ml_candidate_pool,reg,0.1,15,oos,"{""stop_scale"": 5.0, ""method"": ""reg"", ""thr"": 0.1}",,,,154.0,0.0927355836580478,0.0546979614065693,0.0380376222514784,-0.0388476145527696,0.1148421943507772,0.83305,,,0.017542814513594,0.0128106435303625,0.4415584415584415,,,105.89541457999012,,,4.5,,,,,,,,,5.0,,,,csv,2026-09-27T09:30:01+00:00
007,ml_candidate_pool,clf,0.0,15,oos,"{""stop_scale"": 5.0, ""method"": ""clf"", ""thr"": 0.0}",,,,192.0,0.0614220050776849,0.0490678312429862,0.0123541738346986,-0.0560317460329405,0.0820134465798646,0.63445,,,0.0633916708757053,0.0070977631638504,0.5052083333333334,,,103.2339015714432,,,4.5,,,,,,,,,5.0,,,,csv,2026-09-27T09:30:01+00:00
007,ml_candidate_pool,clf,0.05,15,oos,"{""stop_scale"": 5.0, ""method"": ""clf"", ""thr"": 0.05}",,,,123.0,0.0578680624283169,0.0479750712958268,0.00989299113249,-0.0772818987501643,0.0978785511344001,0.5846,,,0.0352362617221624,0.0042858823297777,0.4471544715447154,,,101.94316421574472,,,4.5,,,,,,,,,5.0,,,,csv,2026-09-27T09:30:01+00:00
007,ml_candidate_pool,clf,0.1,15,oos,"{""stop_scale"": 5.0, ""method"": ""clf"", ""thr"": 0.1}",,,,73.0,0.0299593833858942,0.0433358086986309,-0.0133764253127366,-0.1170279796931797,0.0932318365290641,0.39525,,,0.0165648497607441,-0.0001759908465839,0.3835616438356164,,,99.92082850652304,,,4.5,,,,,,,,,5.0,,,,csv,2026-09-27T09:30:01+00:00
008,ml_candidate_pool,reg0.10,0.1,15,oos,"{""stop_scale"": 2.0, ""mode"": ""taker"", ""offset"": 0.0, ""fill_ratio"": 1.0}",taker,0.0,,587.0,0.0771719831921951,0.0898005203212428,-0.0126285371290476,-0.0733046494672966,0.0460831069018812,0.3371,,,0.149385250849117,-0.0174970314364045,0.4855195911413969,,,92.36393363904,,,4.5,,,1.0,0.0,1.0,taker,,,2.0,,,,csv,2026-09-27T09:30:01+00:00
008,ml_candidate_pool,reg0.10,0.1,15,oos,"{""stop_scale"": 2.0, ""mode"": ""po 0.00"", ""offset"": 0.0, ""fill_ratio"": 1.0}",po 0.00,4138.0,,615.0,0.0779401939609287,0.0705514071311322,0.0073887868297964,-0.0507260963033459,0.0652659035282772,0.5945,,,0.0961080877329959,0.0045337245846703,0.4878048780487805,,,102.056424116164,,,4.5,,,0.9939584340260996,0.0,1.0,post_only,,,2.0,,,,csv,2026-09-27T09:30:01+00:00
008,ml_candidate_pool,reg0.10,0.1,15,oos,"{""stop_scale"": 2.0, ""mode"": ""po 0.15"", ""offset"": 0.15, ""fill_ratio"": 1.0}",po 0.15,4308.0,,578.0,0.0810596967507625,0.0705856844774205,0.0104740122733419,-0.0500801962446011,0.0705173623621298,0.6368,,,0.0921650648194901,0.0052556854457035,0.4878892733564013,,,102.38690641443948,,,4.5,,,0.7613741875580315,0.15,1.0,post_only,,,2.0,,,,csv,2026-09-27T09:30:01+00:00
008,ml_candidate_pool,reg0.10,0.1,15,oos,"{""stop_scale"": 2.0, ""mode"": ""po 0.30"", ""offset"": 0.3, ""fill_ratio"": 1.0}",po 0.30,4256.0,,585.0,0.1134609943025707,0.0721051031995504,0.0413558911030202,-0.0193961949640155,0.1024372656471881,0.91,,,0.059183753967507,0.0347367926554997,0.517948717948718,,,116.6096556965168,,,4.5,,,0.5622650375939849,0.3,1.0,post_only,,,2.0,,,,csv,2026-09-27T09:30:01+00:00
008,ml_candidate_pool,reg0.10,0.1,15,oos,"{""stop_scale"": 2.0, ""mode"": ""po 0.50"", ""offset"": 0.5, ""fill_ratio"": 1.0}",po 0.50,4873.0,,486.0,0.1105716421095388,0.0729087820253296,0.0376628600842092,-0.0284916793837679,0.105296897130527,0.8667,,,0.07994889500722,0.0243105619362358,0.51440329218107,,,111.41468298536547,,,4.5,,,0.359326903344962,0.5,1.0,post_only,,,2.0,,,,csv,2026-09-27T09:30:01+00:00
008,ml_candidate_pool,reg0.10,0.1,15,oos,"{""stop_scale"": 2.0, ""mode"": ""po 0.30 q50%"", ""offset"": 0.3, ""fill_ratio"": 0.5}",po 0.30 q50%,6526.0,,235.0,0.1099688469949423,0.0848078597467933,0.025160987248149,-0.07307496240739,0.1213134974758808,0.6911,,,0.0312873824796037,0.0038359376766567,0.4893617021276595,,,101.73779665296875,,,4.5,,,0.5629788538155072,0.3,0.5,post_only,,,2.0,,,,csv,2026-09-27T09:30:01+00:00
008,ml_candidate_pool,reg0.10,0.1,15,oos,"{""stop_scale"": 2.0, ""mode"": ""po 0.50 q50%"", ""offset"": 0.5, ""fill_ratio"": 0.5}",po 0.50 q50%,6726.0,,201.0,0.077758829414143,0.0870007136270012,-0.0092418842128582,-0.1184450843597787,0.100884579581927,0.43555,,,0.028168201698389,-0.0024174536205865,0.472636815920398,,,98.91673882235308,,,4.5,,,0.3632173654475171,0.5,0.5,post_only,,,2.0,,,,csv,2026-09-27T09:30:01+00:00
008,ml_candidate_pool,reg0.10,0.1,15,oos,"{""stop_scale"": 3.5, ""mode"": ""taker"", ""offset"": 0.0, ""fill_ratio"": 1.0}",taker,0.0,,288.0,0.0613577926362173,0.0694268242239952,-0.0080690315877779,-0.076589519368042,0.0582359491559161,0.40435,,,0.0471668678811716,-0.00729950501311,0.4513888888888889,,,96.75692838586642,,,4.5,,,1.0,0.0,1.0,taker,,,3.5,,,,csv,2026-09-27T09:30:01+00:00
008,ml_candidate_pool,reg0.10,0.1,15,oos,"{""stop_scale"": 3.5, ""mode"": ""po 0.00"", ""offset"": 0.0, ""fill_ratio"": 1.0}",po 0.00,3463.0,,298.0,0.0639669333690122,0.0544119759937557,0.0095549573752565,-0.0558536777787633,0.0756538863853032,0.6096,,,0.0295442577287025,0.0024359262892859,0.4697986577181208,,,101.10084914217704,,,4.5,,,0.9936471267686976,0.0,1.0,post_only,,,3.5,,,,csv,2026-09-27T09:30:01+00:00
008,ml_candidate_pool,reg0.10,0.1,15,oos,"{""stop_scale"": 3.5, ""mode"": ""po 0.15"", ""offset"": 0.15, ""fill_ratio"": 1.0}",po 0.15,3478.0,,279.0,0.0925108341779196,0.0518728061284813,0.0406380280494382,-0.0240667483092267,0.1057787199912401,0.89445,,,0.0202529955540174,0.0193909155135838,0.4802867383512544,,,109.02683763530868,,,4.5,,,0.7676825761932144,0.15,1.0,post_only,,,3.5,,,,csv,2026-09-27T09:30:01+00:00
008,ml_candidate_pool,reg0.10,0.1,15,oos,"{""stop_scale"": 3.5, ""mode"": ""po 0.30"", ""offset"": 0.3, ""fill_ratio"": 1.0}",po 0.30,3608.0,,254.0,0.0983187875194165,0.0530756257097209,0.0452431618096955,-0.0236113810639904,0.1133258225695338,0.90055,,,0.0420110786229126,0.0208220660133575,0.4803149606299212,,,109.71732767805668,,,4.5,,,0.5767738359201774,0.3,1.0,post_only,,,3.5,,,,csv,2026-09-27T09:30:01+00:00
008,ml_candidate_pool,reg0.10,0.1,15,oos,"{""stop_scale"": 3.5, ""mode"": ""po 0.50"", ""offset"": 0.5, ""fill_ratio"": 1.0}",po 0.50,3869.0,,213.0,0.0878482206724868,0.0552276611275211,0.0326205595449657,-0.0431259085168866,0.1069724514039998,0.7967,,,0.0209914473679881,0.0102293226209806,0.4788732394366197,,,104.68630356291644,,,4.5,,,0.3714138020160248,0.5,1.0,post_only,,,3.5,,,,csv,2026-09-27T09:30:01+00:00
008,ml_candidate_pool,reg0.10,0.1,15,oos,"{""stop_scale"": 3.5, ""mode"": ""po 0.30 q50%"", ""offset"": 0.3, ""fill_ratio"": 0.5}",po 0.30 q50%,4809.0,,69.0,0.0527730895054972,0.0850400401026504,-0.0322669505971531,-0.1758904194184969,0.1136480613004893,0.3311,,,0.0207713850699774,-0.00208157618974,0.3768115942028985,,,99.0666970058188,,,4.5,,,0.5710126845498025,0.3,0.5,post_only,,,3.5,,,,csv,2026-09-27T09:30:01+00:00
008,ml_candidate_pool,reg0.10,0.1,15,oos,"{""stop_scale"": 3.5, ""mode"": ""po 0.50 q50%"", ""offset"": 0.5, ""fill_ratio"": 0.5}",po 0.50 q50%,4896.0,,60.0,0.0069487456532856,0.0890616836729233,-0.0821129380196377,-0.2381595277338129,0.0712353080809781,0.14795,,,0.0212563032328851,-0.0047273804484589,0.35,,,97.89020873863252,,,4.5,,,0.3676470588235294,0.5,0.5,post_only,,,3.5,,,,csv,2026-09-27T09:30:01+00:00
008,ml_candidate_pool,reg0.10,0.1,15,oos,"{""stop_scale"": 5.0, ""mode"": ""taker"", ""offset"": 0.0, ""fill_ratio"": 1.0}",taker,0.0,,154.0,0.0927355836580478,0.0546979614065693,0.0380376222514784,-0.0388476145527696,0.1148421943507772,0.83305,,,0.017542814513594,0.0128106435303625,0.4415584415584415,,,105.89541457999012,,,4.5,,,1.0,0.0,1.0,taker,,,5.0,,,,csv,2026-09-27T09:30:01+00:00
008,ml_candidate_pool,reg0.10,0.1,15,oos,"{""stop_scale"": 5.0, ""mode"": ""po 0.00"", ""offset"": 0.0, ""fill_ratio"": 1.0}",po 0.00,2937.0,,156.0,0.0931453192377373,0.0427903769880198,0.0503549422497175,-0.0247315544424049,0.1245492372308951,0.90515,,,0.0107175022735278,0.0168639040454117,0.4487179487179487,,,107.81588221475856,,,4.5,,,0.9942117807286348,0.0,1.0,post_only,,,5.0,,,,csv,2026-09-27T09:30:01+00:00
008,ml_candidate_pool,reg0.10,0.1,15,oos,"{""stop_scale"": 5.0, ""mode"": ""po 0.15"", ""offset"": 0.15, ""fill_ratio"": 1.0}",po 0.15,3026.0,,143.0,0.1129784852261863,0.0423923251067288,0.0705861601194575,-0.0074155685279991,0.1495031314461926,0.9617,,,0.0123795824854823,0.0203981141316795,0.4895104895104895,,,109.5124292578974,,,4.5,,,0.7528089887640449,0.15,1.0,post_only,,,5.0,,,,csv,2026-09-27T09:30:01+00:00
008,ml_candidate_pool,reg0.10,0.1,15,oos,"{""stop_scale"": 5.0, ""mode"": ""po 0.30"", ""offset"": 0.3, ""fill_ratio"": 1.0}",po 0.30,3124.0,,134.0,0.1129223707713853,0.0435110147930817,0.0694113559783035,-0.0110584672559941,0.1490086922441333,0.95455,,,0.014490550021207,0.018211860683204,0.4776119402985074,,,108.46052001326603,,,4.5,,,0.56145966709347,0.3,1.0,post_only,,,5.0,,,,csv,2026-09-27T09:30:01+00:00
008,ml_candidate_pool,reg0.10,0.1,15,oos,"{""stop_scale"": 5.0, ""mode"": ""po 0.50"", ""offset"": 0.5, ""fill_ratio"": 1.0}",po 0.50,3258.0,,111.0,0.0518860312309034,0.0449885405114107,0.0068974907194927,-0.0787266847939227,0.0943616247801481,0.5671,,,0.0257883200833827,0.0027375342800535,0.4324324324324324,,,101.23780550201344,,,4.5,,,0.3640270104358502,0.5,1.0,post_only,,,5.0,,,,csv,2026-09-27T09:30:01+00:00
008,ml_candidate_pool,reg0.10,0.1,15,oos,"{""stop_scale"": 5.0, ""mode"": ""po 0.30 q50%"", ""offset"": 0.3, ""fill_ratio"": 0.5}",po 0.30 q50%,3755.0,,38.0,0.1401788662575931,0.0706981544647345,0.0694807117928586,-0.10974376034404,0.2494793798090618,0.7837,,,0.0033314986898802,0.0022296400048227,0.4210526315789473,,,101.00726017671688,,,4.5,,,0.5624500665778961,0.3,0.5,post_only,,,5.0,,,,csv,2026-09-27T09:30:01+00:00
008,ml_candidate_pool,reg0.10,0.1,15,oos,"{""stop_scale"": 5.0, ""mode"": ""po 0.50 q50%"", ""offset"": 0.5, ""fill_ratio"": 0.5}",po 0.50 q50%,3765.0,,35.0,0.1459157138880832,0.0745662831669789,0.0713494307211042,-0.1067597731351403,0.2490459196106621,0.78485,,,0.0,0.0020016246113081,0.4571428571428571,,,100.90389146144813,,,4.5,,,0.3638778220451527,0.5,0.5,post_only,,,5.0,,,,csv,2026-09-27T09:30:01+00:00
003,ema_trend,,,3,train,{},,,,1219.0,,,-0.4516347410608751,,,,-0.5428671858747774,-0.1182918849206016,0.9911379161786832,-0.6925908225443199,0.3609515996718622,0.5285539851278921,-0.9910695537796846,,0.0300925694841579,0.9825107852750554,,,,,,,,,,,17.310090237899917,,,csv,2026-09-27T10:03:01+00:00
003,donchian_breakout,,,3,train,{},,,,1798.0,,,-0.2620888419652893,,,,-0.4195623687477408,-0.0865477479549041,0.9849091798123948,-0.6438823400466909,0.5016685205784205,0.6771070764047712,-0.983916552003874,,0.0259996035384902,1.3185804548701785,,,,,,,,,,,10.13959955506118,,,csv,2026-09-27T10:03:01+00:00
003,vwap_reversion,,,3,train,{},,,,1893.0,,,-0.2720174225595247,,,,-0.5058336618097885,-0.0973303707817284,0.9911415774881368,-0.6924222750768693,0.5139989434759641,0.5860082108199461,-0.9910499520465657,,0.0241912826955959,1.2796279405074322,,,,,,,,,,,8.960908610670893,,,csv,2026-09-27T10:03:01+00:00
003,supertrend_flip,,,3,train,{},,,,1441.0,,,-0.3854361106586049,,,,-0.4398013763386704,-0.0936978229008362,0.9910717903376174,-0.6923665032423584,0.4850798056904927,0.543435160410775,-0.9910434587941488,,0.0337320290985634,1.0581354016964677,,,,,,,,,,,16.414295628036086,,,csv,2026-09-27T10:03:01+00:00
003,adx_trend,,,3,train,{},,,,1732.0,,,-0.3094313342196211,,,,-0.4216680939282248,-0.0949812850836147,0.9915443351264144,-0.6916540679530842,0.4780600461893764,0.6005102527489636,-0.9909602020868752,,0.0458255312655536,1.1101020472455378,,,,,,,,,,,18.55254041570439,,,csv,2026-09-27T10:03:01+00:00
003,ema_trend,,,5,train,{},,,,1501.0,,,-0.3631420100127254,,,,-0.6068374590878827,-0.195181030095455,0.9910106983309278,-0.6920612575365781,0.3657561625582944,0.6595989077394717,-0.9910077773137592,,0.0649645133841348,1.024710667538944,,,,,,,,,,,18.20919387075283,,,csv,2026-09-27T10:03:01+00:00
003,donchian_breakout,,,5,train,{},,,,1501.0,,,-0.2622212323744766,,,,-0.3814544252709022,-0.0937324050980597,0.9686363622414844,-0.5791718134771816,0.4696868754163891,0.6724070795621928,-0.9686363622414844,,0.0404376286478957,0.9085865244013572,,,,,,,,,,,11.334443704197202,,,csv,2026-09-27T10:03:01+00:00
003,vwap_reversion,,,5,train,{},,,,1934.0,,,-0.2406931812387337,,,,-0.4625049740366596,-0.1166140930318863,0.9837246040370212,-0.6425121495819052,0.4984488107549121,0.6865627062246425,-0.9836674634181932,,0.0427384353563635,1.189475689917058,,,,,,,,,,,9.29731127197518,,,csv,2026-09-27T10:03:01+00:00
003,supertrend_flip,,,5,train,{},,,,1413.0,,,-0.3218534489509497,,,,-0.3830222008604778,-0.1051158911408582,0.9838221854136798,-0.6425381746016824,0.4975230007077141,0.6622874194402465,-0.9836722188934202,,0.0566977719254044,1.0368496163105885,,,,,,,,,,,16.881811748053785,,,csv,2026-09-27T10:03:01+00:00
003,adx_trend,,,5,train,{},,,,1611.0,,,-0.285730409981771,,,,-0.3844494231630008,-0.1115727189662133,0.9841491267504112,-0.642750754255526,0.4674115456238361,0.6619118116925615,-0.983711024073166,,0.073972837170388,1.0229729384462511,,,,,,,,,,,19.318435754189945,,,csv,2026-09-27T10:03:01+00:00
003,ema_trend,,,15,train,{},,,,1640.0,,,-0.2195816120567772,,,,-0.3950186263523386,-0.229300513772491,0.9569922849919498,-0.5378599051852286,0.3884146341463415,0.7481546407993175,-0.9543843658025504,,0.2041527919397046,0.8740086637795837,,,,,,,,,,,17.457926829268292,,,csv,2026-09-27T10:03:01+00:00
003,donchian_breakout,,,15,train,{},,,,2245.0,,,-0.049590389710454,,,,-0.0959029770043779,-0.0534842617706933,0.7006356405818515,-0.2466633444970433,0.512694877505568,0.8977603274723535,-0.6779202540788781,,0.212794934506535,1.244563247254269,,,,,,,,,,,13.293095768374164,,,csv,2026-09-27T10:03:01+00:00
003,vwap_reversion,,,15,train,{},,,,2359.0,,,-0.081691951630664,,,,-0.1859261154039935,-0.0922479073445163,0.8522034985430419,-0.3502503761528293,0.5175922000847817,0.8626547421561351,-0.8217642459943568,,0.1707037071368981,1.4293344427617414,,,,,,,,,,,10.148367952522255,,,csv,2026-09-27T10:03:01+00:00
003,supertrend_flip,,,15,train,{},,,,2012.0,,,-0.1518317311513301,,,,-0.2107352870745134,-0.1169423450998367,0.9361816126264696,-0.4757081884437427,0.4960238568588469,0.8597712323869209,-0.9244371560950332,,0.2502584799241317,1.3341390085346958,,,,,,,,,,,17.443836978131213,,,csv,2026-09-27T10:03:01+00:00
003,adx_trend,,,15,train,{},,,,2195.0,,,-0.1357695471233417,,,,-0.2263875814318273,-0.1278859663981161,0.9398759638393144,-0.488091521038548,0.488382687927107,0.8308036304548722,-0.9313270222594092,,0.27864492345429,1.2787720966303668,,,,,,,,,,,17.803189066059225,,,csv,2026-09-27T10:03:01+00:00
003,ema_trend,,,30,train,{},,,,1442.0,,,-0.1381947765244588,,,,-0.2354706651328963,-0.1729965271180389,0.8477484138299672,-0.352417339941373,0.3918169209431345,0.8284304096307161,-0.8241257038282326,,0.3497946494780674,0.7679379227598414,,,,,,,,,,,17.010402219140083,,,csv,2026-09-27T10:03:01+00:00
003,donchian_breakout,,,30,train,{},,,,1194.0,,,-0.0501011917859432,,,,-0.064300260020483,-0.037496835696832,0.5398400443413097,-0.1310432048730846,0.4949748743718593,0.9165048339600176,-0.4298361298660862,,0.2478181507044663,0.6583033493458157,,,,,,,,,,,14.554438860971525,,,csv,2026-09-27T10:03:01+00:00
003,vwap_reversion,,,30,train,{},,,,1505.0,,,-0.0267185467176244,,,,-0.0401590859194578,-0.0241422513905474,0.5720954461051699,-0.0862604134502087,0.5235880398671097,0.9527569166383708,-0.3029013664116686,,0.2394187439393075,1.055189921435895,,,,,,,,,,,11.15548172757475,,,csv,2026-09-27T10:03:01+00:00
003,supertrend_flip,,,30,train,{},,,,1257.0,,,-0.0174547010735076,,,,-0.0122433667705586,-0.0076246499936296,0.544619779472681,-0.0665549643629666,0.5234685759745425,0.9707902677274678,-0.2407961295063332,,0.3146996748616736,1.3154868422411232,,,,,,,,,,,17.556085918854414,,,csv,2026-09-27T10:03:01+00:00
003,adx_trend,,,30,train,{},,,,1570.0,,,-0.0949750252772219,,,,-0.1359932193086459,-0.0876021781190156,0.7525262411354797,-0.2808943905804761,0.4910828025477707,0.8595164040477857,-0.7325842128436417,,0.3782442530374765,0.8334159882598384,,,,,,,,,,,16.894267515923566,,,csv,2026-09-27T10:03:01+00:00
003,bb_reversion,,,3,train,{},,,,1821.0,,,-0.282664872739892,,,,-0.5901489593630552,-0.0798511853282267,0.987820227821786,-0.6677932700180205,0.5052169137836353,0.5923458694366668,-0.987820227821786,,0.0115943599784941,1.31324092084393,,,,,,,,,,,4.464579901153212,,,csv,2026-09-27T10:03:01+00:00
003,squeeze_expansion,,,3,train,{},,,,1374.0,,,-0.4005887980746244,,,,-0.5269317512350994,-0.0946575964639713,0.9910962872197908,-0.6922632367329626,0.4970887918486171,0.5033794378007359,-0.9910314266333964,,0.0217511904541195,1.1674110486653249,,,,,,,,,,,11.100436681222709,,,csv,2026-09-27T10:03:01+00:00
003,flow_momentum,,,3,train,{},,,,1338.0,,,-0.3999555834873434,,,,-0.5745101279396015,-0.0982596425890645,0.9909833662167458,-0.6918517897218299,0.4536621823617339,0.5315621615666561,-0.9909833662167458,,0.0196690544678217,1.169483363497604,,,,,,,,,,,10.307922272047833,,,csv,2026-09-27T10:03:01+00:00
003,bb_reversion,,,5,train,{},,,,1684.0,,,-0.2581025480987151,,,,-0.516195722084832,-0.0910516344004091,0.9765146172320794,-0.608167030106524,0.4982185273159145,0.6626634804984359,-0.9764271745720916,,0.0201843497606495,1.2317298440483182,,,,,,,,,,,5.042755344418052,,,csv,2026-09-27T10:03:01+00:00
003,squeeze_expansion,,,5,train,{},,,,1188.0,,,-0.3833840222647646,,,,-0.4812204291548427,-0.1042108437342589,0.9836425133197276,-0.642375699643583,0.4865319865319865,0.5740686704960938,-0.9836425133197276,,0.0310561368314468,1.0160864808492778,,,,,,,,,,,10.998316498316498,,,csv,2026-09-27T10:03:01+00:00
003,flow_momentum,,,5,train,{},,,,1154.0,,,-0.4224653936879435,,,,-0.5113210674031797,-0.1070635545658719,0.9833865184161672,-0.6393358524771731,0.4558058925476603,0.5856853873441448,-0.983079222635998,,0.0299271252751222,1.0739291975939802,,,,,,,,,,,10.910745233968804,,,csv,2026-09-27T10:03:01+00:00
003,bb_reversion,,,15,train,{},,,,2414.0,,,-0.0804518302025807,,,,-0.1952622968784506,-0.0818734858554271,0.8463963155743502,-0.331877777120248,0.5215410107705054,0.8635455153343438,-0.8007337905801004,,0.1070356452728478,1.6077585962812906,,,,,,,,,,,6.21830985915493,,,csv,2026-09-27T10:03:01+00:00
003,squeeze_expansion,,,15,train,{},,,,1661.0,,,-0.1982125969510465,,,,-0.2848364895365873,-0.1292122245179317,0.931179779262332,-0.4845354907664622,0.4954846478025286,0.7950256155563094,-0.9293988963345742,,0.1368054020521523,1.2071317679904474,,,,,,,,,,,11.550872968091513,,,csv,2026-09-27T10:03:01+00:00
003,flow_momentum,,,15,train,{},,,,182.0,,,-0.1732171625553172,,,,-0.0873684701520492,-0.0127725972361375,0.2901021735296203,-0.0734998958700848,0.5164835164835165,0.7177154292107375,-0.2631420373746787,,0.0144748757513744,0.370560274235689,,,,,,,,,,,11.153846153846152,,,csv,2026-09-27T10:03:01+00:00
003,bb_reversion,,,30,train,{},,,,1344.0,,,-0.0580324687465544,,,,-0.1078210333253246,-0.0514526470429235,0.6301792527205339,-0.1595278440799773,0.5089285714285714,0.8907776871982623,-0.5009984081131713,,0.1356311676458844,0.9167093747055104,,,,,,,,,,,7.076636904761905,,,csv,2026-09-27T10:03:01+00:00
003,squeeze_expansion,,,30,train,{},,,,878.0,,,-0.1560066958338086,,,,-0.1863183114165309,-0.086022546312797,0.7231957693629527,-0.2661787207427676,0.4863325740318907,0.7875641736476435,-0.7100143295211824,,0.1468684045405282,0.6746788423588126,,,,,,,,,,,11.73006833712984,,,csv,2026-09-27T10:03:01+00:00
003,flow_momentum,,,30,train,{},,,,32.0,,,0.0125308312663708,,,,0.0086114324288602,0.0007616469070751,0.0426942932601241,0.001931254209802,0.5625,1.0484289840389476,0.0077472023177578,,0.0052621071245222,0.0442941669620133,,,,,,,,,,,11.53125,,,csv,2026-09-27T10:03:01+00:00
003,combo_trend_pullback,,,3,train,{},,,,1453.0,,,-0.3676092601066956,,,,-0.468749903769228,-0.0919935527599021,0.9909007532144604,-0.6911075217904951,0.4762560220233998,0.52299206664936,-0.9908959391436468,,0.03000129776969,0.9777929128225706,,,,,,,,,,,14.478320715760496,,,csv,2026-09-27T10:03:01+00:00
003,combo_trend_pullback,,,3,train,{},,,,1150.0,,,-0.4686916152338554,,,,-0.5431603145256962,-0.0794118364965485,0.9909938853907664,-0.6912473139975528,0.4513043478260869,0.421517227465953,-0.9909124084272194,,0.0164018123139804,0.8113614713945507,,,,,,,,,,,10.000869565217393,,,csv,2026-09-27T10:03:01+00:00
003,combo_vwap_trend_aware,,,3,train,{},,,,1484.0,,,-0.3509891961244343,,,,-0.5305761424071751,-0.0857505081287638,0.9911003464139968,-0.6925925622210247,0.5175202156334232,0.5213730801777534,-0.9910697559325702,,0.0183712847777319,1.2014124030503186,,,,,,,,,,,8.680592991913747,,,csv,2026-09-27T10:03:01+00:00
003,combo_breakout_confirmed,,,3,train,{},,,,1575.0,,,-0.2931120961686721,,,,-0.376676977222752,-0.0658692509729596,0.984029515418146,-0.6426059625037368,0.5193650793650794,0.7182676583277229,-0.983684728370295,,0.021584334351108,1.492432647144919,,,,,,,,,,,9.60952380952381,,,csv,2026-09-27T10:03:01+00:00
003,combo_vol_flow,,,3,train,{},,,,1009.0,,,-0.5255145552764654,,,,-0.5543287606122549,-0.077727162148296,0.9894281690840644,-0.6793463828434678,0.4777006937561942,0.5283173768546024,-0.9894281690840644,,0.0130832298207509,1.308595612272319,,,,,,,,,,,9.09217046580773,,,csv,2026-09-27T10:03:01+00:00
003,combo_funding_reversion,,,3,train,{},,,,1147.0,,,-0.2456510900775547,,,,-0.2952383760588384,-0.0390405036920551,0.9304292780896196,-0.484214388022391,0.5544899738448126,0.6208328747466907,-0.9292249519706702,,0.0132343985978382,1.4530036731151037,,,,,,,,,,,8.090671316477769,,,csv,2026-09-27T10:03:01+00:00
003,combo_vote,,,3,train,{},,,,1466.0,,,-0.4042070097124302,,,,-0.3971327228103787,-0.0861817402234303,0.9910774603747328,-0.6919718604302987,0.5,0.4977899789545107,-0.9909974113791056,,0.0261678857620403,1.1537061649207054,,,,,,,,,,,12.51637107776262,,,csv,2026-09-27T10:03:01+00:00
003,combo_vote,,,3,train,{},,,,1359.0,,,-0.4036160111631724,,,,-0.3796124313254554,-0.0683406534319962,0.9912607896099082,-0.6925781244897686,0.5158204562178073,0.5347544692489881,-0.991068078143893,,0.0232115378856051,1.2768479225403262,,,,,,,,,,,11.97645327446652,,,csv,2026-09-27T10:03:01+00:00
003,combo_session_window,,,3,train,{},,,,926.0,,,-0.5979347237579643,,,,-0.5628417507553445,-0.0655989340816091,0.9780924969470716,-0.6140167287948353,0.4514038876889849,0.4904702633350393,-0.9778037991473733,,0.0078536458058508,1.0012439960973156,,,,,,,,,,,5.947084233261339,,,csv,2026-09-27T10:03:01+00:00
003,combo_trend_pullback,,,5,train,{},,,,1235.0,,,-0.3674882022333675,,,,-0.4458190994318533,-0.1090851226117959,0.9837102455669052,-0.6421278049581545,0.4623481781376518,0.6032963413588244,-0.9835971122350584,,0.047028679270397,0.8945003705121453,,,,,,,,,,,16.021052631578947,,,csv,2026-09-27T10:03:01+00:00
003,combo_trend_pullback,,,5,train,{},,,,1152.0,,,-0.3902898643379409,,,,-0.4557405492024868,-0.0892333780942285,0.9835201951522228,-0.6417005446279864,0.4730902777777778,0.5684752553634148,-0.9835186391868148,,0.0298986028779098,0.962376814585001,,,,,,,,,,,10.919270833333334,,,csv,2026-09-27T10:03:01+00:00
003,combo_vwap_trend_aware,,,5,train,{},,,,1513.0,,,-0.3260966785602761,,,,-0.4651538095227268,-0.099408361942844,0.9836922854247382,-0.6421292864638357,0.4990085922009253,0.6652870971837632,-0.9835973838482804,,0.0323729208360865,1.3572628754618117,,,,,,,,,,,9.001982815598149,,,csv,2026-09-27T10:03:01+00:00
003,combo_breakout_confirmed,,,5,train,{},,,,1704.0,,,-0.2589557799283323,,,,-0.3282831157828625,-0.0782418896240201,0.9742299027137582,-0.5980050863256736,0.5052816901408451,0.7599106585514903,-0.97388501640467,,0.0408345653424351,1.3974723015227477,,,,,,,,,,,10.082159624413146,,,csv,2026-09-27T10:03:01+00:00
003,combo_vol_flow,,,5,train,{},,,,941.0,,,-0.5661085037685725,,,,-0.5342160028847616,-0.0948594451313836,0.980947814983654,-0.6284783270988109,0.4590860786397449,0.5394463681776467,-0.980947814983654,,0.0197374988709884,1.1218531180468734,,,,,,,,,,,8.824654622741765,,,csv,2026-09-27T10:03:01+00:00
003,combo_funding_reversion,,,5,train,{},,,,1417.0,,,-0.1440905168054388,,,,-0.1864761167451895,-0.0358955345080041,0.8461125420013833,-0.3672469896047416,0.5490472829922372,0.7693380582322075,-0.8396973657116702,,0.0296514087687356,1.4139265963742798,,,,,,,,,,,8.803810868031052,,,csv,2026-09-27T10:03:01+00:00
003,combo_vote,,,5,train,{},,,,1719.0,,,-0.3122899315765056,,,,-0.4474359530102129,-0.1262816284479384,0.9910546094978804,-0.6906890854228711,0.4851657940663176,0.6258555217592605,-0.9908464265763582,,0.0570471712912564,1.1163193091423076,,,,,,,,,,,13.96218731820826,,,csv,2026-09-27T10:03:01+00:00
003,combo_vote,,,5,train,{},,,,1836.0,,,-0.2931139656613746,,,,-0.419674602219979,-0.1151692085891769,0.9910067047116076,-0.6909740152909322,0.5081699346405228,0.6173831549125312,-0.9908801080584464,,0.0566169584666359,1.104765245693765,,,,,,,,,,,12.973856209150329,,,csv,2026-09-27T10:03:01+00:00
003,combo_session_window,,,5,train,{},,,,1266.0,,,-0.3440007339462043,,,,-0.4360949548526154,-0.0776746287567583,0.9635461193448264,-0.5624220360708416,0.4842022116903633,0.6125086479865532,-0.9633369494852548,,0.0185276738558953,1.0165930142320168,,,,,,,,,,,6.157187993680885,,,csv,2026-09-27T10:03:01+00:00
003,combo_trend_pullback,,,15,train,{},,,,1533.0,,,-0.2024986603078895,,,,-0.2765498636208423,-0.1262036793439915,0.934068898690698,-0.4876728952926673,0.4833659491193737,0.7516961758283018,-0.9311021137045298,,0.1648067996263628,0.920403189937433,,,,,,,,,,,15.076973255055448,,,csv,2026-09-27T10:03:01+00:00
003,combo_trend_pullback,,,15,train,{},,,,1447.0,,,-0.216547738472132,,,,-0.2912481548821161,-0.1102926185824877,0.9378155968450798,-0.4895463017278252,0.492743607463718,0.7466507042538884,-0.9321043303057824,,0.1074634741127899,1.0561895766833431,,,,,,,,,,,10.415342087076713,,,csv,2026-09-27T10:03:01+00:00
003,combo_vwap_trend_aware,,,15,train,{},,,,1297.0,,,-0.1222738688334605,,,,-0.201035580974403,-0.0673318640797077,0.7842820841297337,-0.3123434580645939,0.5196607555898227,0.7974864192824753,-0.7763877498078702,,0.0875551720941508,1.0460910499947855,,,,,,,,,,,9.467232074016962,,,csv,2026-09-27T10:03:01+00:00
003,combo_breakout_confirmed,,,15,train,{},,,,1552.0,,,-0.0904268051399227,,,,-0.1030630133582485,-0.0455352403003672,0.7334572868059742,-0.2520416301434898,0.5096649484536082,0.868880744936596,-0.6870197742210891,,0.1557582196615874,1.0137881697246127,,,,,,,,,,,14.074742268041238,,,csv,2026-09-27T10:03:01+00:00
003,combo_vol_flow,,,15,train,{},,,,367.0,,,-0.2223466224788353,,,,-0.1468322143444159,-0.0293262491907562,0.6278791690541563,-0.1784389920810859,0.5286103542234333,0.7478826002970509,-0.544420530037405,,0.0272669580656432,0.895306789870643,,,,,,,,,,,10.419618528610354,,,csv,2026-09-27T10:03:01+00:00
003,combo_funding_reversion,,,15,train,{},,,,552.0,,,-0.0284330209313204,,,,-0.0229210910961011,-0.0051206993879271,0.1835841618919707,-0.0424107932925036,0.5615942028985508,0.9289514986876112,-0.1591509401645106,,0.0396098200979728,0.4772130119415718,,,,,,,,,,,10.06340579710145,,,csv,2026-09-27T10:03:01+00:00
003,combo_vote,,,15,train,{},,,,1708.0,,,-0.2109176837067198,,,,-0.3073356477304935,-0.144867863462409,0.9581324449150874,-0.5466717726411987,0.4941451990632318,0.7252087449647129,-0.9577651801499988,,0.1633664425318911,0.9091198114145468,,,,,,,,,,,13.413934426229508,,,csv,2026-09-27T10:03:01+00:00
003,combo_vote,,,15,train,{},,,,2047.0,,,-0.1810542518297962,,,,-0.2625439380690004,-0.129295452269843,0.9603496399249076,-0.5482631804106021,0.5202735710796287,0.7942030494955283,-0.9583551171677406,,0.1890076510057542,1.2226748898922113,,,,,,,,,,,12.949193942354665,,,csv,2026-09-27T10:03:01+00:00
003,combo_session_window,,,15,train,{},,,,716.0,,,-0.1653685992968942,,,,-0.1840949274163296,-0.0402398752952432,0.6815899430938579,-0.2341117056315865,0.4916201117318435,0.7658056886511739,-0.6559129445524767,,0.0307965459951655,0.7781071644075525,,,,,,,,,,,6.032122905027933,,,csv,2026-09-27T10:03:01+00:00
003,combo_trend_pullback,,,30,train,{},,,,1090.0,,,-0.1416499466332318,,,,-0.1637631890116816,-0.0886051033225906,0.7480333587712369,-0.2791456561806915,0.4752293577981651,0.7957538087175514,-0.7299735569566647,,0.2353117335006559,0.6117645880885794,,,,,,,,,,,15.138532110091743,,,csv,2026-09-27T10:03:01+00:00
003,combo_trend_pullback,,,30,train,{},,,,879.0,,,-0.1555370175234324,,,,-0.182222279969644,-0.0746221611447425,0.7237194516961493,-0.2745267482047117,0.4846416382252559,0.7486141939068994,-0.7229861275643974,,0.1333352347270549,0.5781614747193143,,,,,,,,,,,10.637087599544936,,,csv,2026-09-27T10:03:01+00:00
003,combo_vwap_trend_aware,,,30,train,{},,,,703.0,,,-0.0232328286686727,,,,-0.0207646385921699,-0.0075755183202502,0.2701434059114536,-0.0384675472244246,0.5263157894736842,0.9477209386927096,-0.1452133507681563,,0.1025041355313444,0.5748083620508317,,,,,,,,,,,10.22475106685633,,,csv,2026-09-27T10:03:01+00:00
003,combo_breakout_confirmed,,,30,train,{},,,,824.0,,,0.008941341918893,,,,0.025013877593921,0.0120168921918932,0.3097753392893226,0.018174029111732,0.529126213592233,1.0149676303566757,0.0746998006260251,,0.1873395699047401,0.7151723649554522,,,,,,,,,,,15.942961165048544,,,csv,2026-09-27T10:03:01+00:00
003,combo_vol_flow,,,30,train,{},,,,87.0,,,-0.006434483038193,,,,0.00323433769318,0.0004611000117101,0.1268547806557616,-0.0007605456671313,0.5517241379310345,0.994079329701794,-0.0030386273194811,,0.0135331698134732,0.1642672939207139,,,,,,,,,,,10.908045977011492,,,csv,2026-09-27T10:03:01+00:00
003,combo_funding_reversion,,,30,train,{},,,,299.0,,,-0.0811609478914414,,,,-0.0468460385247144,-0.0110575805794279,0.2608627777443741,-0.0521572331623827,0.5250836120401338,0.8611822659702799,-0.1928618875286294,,0.0425246705835377,0.1877317504871724,,,,,,,,,,,9.97324414715719,,,csv,2026-09-27T10:03:01+00:00
003,combo_vote,,,30,train,{},,,,1892.0,,,-0.1201513558542873,,,,-0.1677111230271707,-0.1171800981710929,0.8647898923387731,-0.3593180662765477,0.4889006342494714,0.8767661337957192,-0.8315030793015883,,0.3684045405282072,1.1996411047642368,,,,,,,,,,,13.654334038054968,,,csv,2026-09-27T10:03:01+00:00
003,combo_vote,,,30,train,{},,,,2220.0,,,-0.0616123554042906,,,,-0.0877993407959326,-0.0660019363853215,0.7954043779448529,-0.2526851460686627,0.5324324324324324,0.9226348096102692,-0.6880902945565046,,0.4345730420398151,1.583479203672536,,,,,,,,,,,13.727027027027027,,,csv,2026-09-27T10:03:01+00:00
003,combo_session_window,,,30,train,{},,,,408.0,,,-0.1004893881133539,,,,-0.0780296932297131,-0.0183931642483111,0.4359307759276773,-0.0858500341885777,0.4950980392156863,0.8576574945290455,-0.3016482328663123,,0.0378329815754948,0.4407789705026623,,,,,,,,,,,6.502450980392157,,,csv,2026-09-27T10:03:01+00:00
003,combo_trend_pullback,,,5,train,{},,,,1256.0,,,-0.3640129376502256,,,,-0.4201844064757267,-0.1030457344520229,0.983849412173026,-0.6419804474889772,0.3837579617834395,0.5860702152554241,-0.9835700794579216,,0.0510954977396,0.8902524701586177,,,,,,,,,,,17.11544585987261,,,csv,2026-09-27T10:03:01+00:00
003,combo_trend_pullback,,,5,train,{},,,,1230.0,,,-0.3718279576611966,,,,-0.3323731370780325,-0.0905292649846011,0.9840842173532828,-0.6431629233565559,0.4796747967479675,0.6697027368856259,-0.9837860660323192,,0.0718693103759727,0.92019236947522,,,,,,,,,,,24.58292682926829,,,csv,2026-09-27T10:03:01+00:00
003,combo_breakout_confirmed,,,5,train,{},,,,1637.0,,,-0.2566521173592304,,,,-0.2393927388739997,-0.0657188748751905,0.9719814441267326,-0.5776831890949576,0.4660965180207697,0.7132698267723055,-0.9681902251241072,,0.0677882307081635,1.2271223633710049,,,,,,,,,,,17.422113622480147,,,csv,2026-09-27T10:03:01+00:00
003,combo_vol_flow,,,5,train,{},,,,943.0,,,-0.574801337311847,,,,-0.5271797040036618,-0.0995243184828815,0.9826417768206552,-0.6370270802126643,0.3860021208907741,0.525997353904283,-0.9826417768206552,,0.0225160557327641,1.1246409132341018,,,,,,,,,,,10.04559915164369,,,csv,2026-09-27T10:03:01+00:00
003,combo_vote,,,5,train,{},,,,1542.0,,,-0.2779965871898298,,,,-0.1352412453782656,-0.0397930122167877,0.9871594641368536,-0.6417512231483988,0.5188067444876784,0.7238457231644133,-0.9835279617778184,,0.1103008637532622,1.0978493126708215,,,,,,,,,,,30.094682230869,,,csv,2026-09-27T10:03:01+00:00
003,ema_trend,,,5,train,{},,,,1406.0,,,-0.2948598439157703,,,,-0.2264636189909633,-0.0807864082329299,0.9877782041357271,-0.6423512669353233,0.3001422475106685,0.7940037022753516,-0.9836380427425562,,0.1121880957021501,1.2960363338175225,,,,,,,,,,,33.57041251778094,,,csv,2026-09-27T10:03:01+00:00
003,donchian_breakout,,,5,train,{},,,,1372.0,,,-0.2678668244182127,,,,-0.297986995209888,-0.0834505911491101,0.9653783204114186,-0.5628331941944891,0.4540816326530612,0.6659881870481165,-0.9634745524538092,,0.0601965193167935,0.9865022599837294,,,,,,,,,,,18.459183673469383,,,csv,2026-09-27T10:03:01+00:00
003,combo_trend_pullback,,,15,train,{},,,,1508.0,,,-0.1957293671660284,,,,-0.2594594252152605,-0.119065988585173,0.9322755555635206,-0.4814870853182464,0.406498673740053,0.7433980192570538,-0.9277139354359228,,0.1744899923703856,0.9220188516858572,,,,,,,,,,,16.227453580901855,,,csv,2026-09-27T10:03:01+00:00
003,combo_trend_pullback,,,15,train,{},,,,1462.0,,,-0.2050059822903955,,,,-0.1936396519983629,-0.093364714677541,0.9281344416440492,-0.4738623133076622,0.4829001367989056,0.7834538163325406,-0.9233674015228692,,0.2296014774355939,0.8367278121919702,,,,,,,,,,,22.024623803009572,,,csv,2026-09-27T10:03:01+00:00
003,combo_breakout_confirmed,,,15,train,{},,,,1402.0,,,-0.0495001568908828,,,,-0.0271789083910559,-0.0129322338617931,0.5860849315508845,-0.1538291099100078,0.4950071326676177,0.9101541880156712,-0.4873317046757737,,0.243056694451773,1.1344246392980732,,,,,,,,,,,24.31312410841655,,,csv,2026-09-27T10:03:01+00:00
003,combo_vol_flow,,,15,train,{},,,,354.0,,,-0.2541681016759074,,,,-0.1583232796046098,-0.0326539446921256,0.5943124320365305,-0.1880687353738187,0.4406779661016949,0.6840403585080781,-0.5654075067655746,,0.0298695835086243,0.8020336809940336,,,,,,,,,,,11.833333333333334,,,csv,2026-09-27T10:03:01+00:00
003,combo_vote,,,15,train,{},,,,3059.0,,,-0.0559345510748047,,,,-0.0054975610450527,-0.0040682983368747,0.9638597803828772,-0.3788304929503969,0.5439686171951618,0.96466104488141,-0.8511145328327525,,0.709090649800703,3.872654079865837,,,,,,,,,,,32.50898986596927,,,csv,2026-09-27T10:03:01+00:00
003,ema_trend,,,15,train,{},,,,1880.0,,,-0.1583100649542902,,,,-0.1774739768749609,-0.1270080179823133,0.963136805143718,-0.5239541187076067,0.3101063829787234,0.8514137503155463,-0.9486413458478192,,0.4312443401809716,1.0645516305594525,,,,,,,,,,,32.16968085106383,,,csv,2026-09-27T10:03:01+00:00
003,donchian_breakout,,,15,train,{},,,,1812.0,,,-0.0748965595661575,,,,-0.0861165257360023,-0.0487539738849494,0.7330163993968546,-0.2683856413658084,0.4928256070640177,0.8683935824371711,-0.7134920861233163,,0.2870945430431465,1.0735149465343,,,,,,,,,,,22.22019867549669,,,csv,2026-09-27T10:03:01+00:00
003,combo_breakout_confirmed,,,30,test,{},,2382.0,,,,,,,,,,,,,,,,,,,,,,,,,,,,,,,,csv,2026-09-27T10:03:01+00:00
003,combo_vote,,,15,test,{},,12579.0,,,,,,,,,,,,,,,,,,,,,,,,,,,,,,,,csv,2026-09-27T10:03:01+00:00
003,supertrend_flip,,,30,test,{},,2442.0,,,,,,,,,,,,,,,,,,,,,,,,,,,,,,,,csv,2026-09-27T10:03:01+00:00
003,combo_vwap_trend_aware,,,30,test,{},,3215.0,,,,,,,,,,,,,,,,,,,,,,,,,,,,,,,,csv,2026-09-27T10:03:01+00:00
003,combo_funding_reversion,,,15,test,{},,4220.0,,,,,,,,,,,,,,,,,,,,,,,,,,,,,,,,csv,2026-09-27T10:03:01+00:00
003,vwap_reversion,,,30,test,{},,9614.0,,,,,,,,,,,,,,,,,,,,,,,,,,,,,,,,csv,2026-09-27T10:03:01+00:00
003,combo_funding_reversion,,,30,test,{},,2679.0,,,,,,,,,,,,,,,,,,,,,,,,,,,,,,,,csv,2026-09-27T10:03:01+00:00
003,donchian_breakout,,,30,test,{},,3858.0,,,,,,,,,,,,,,,,,,,,,,,,,,,,,,,,csv,2026-09-27T10:03:01+00:00
003,combo_session_window,,,30,test,{},,1001.0,,,,,,,,,,,,,,,,,,,,,,,,,,,,,,,,csv,2026-09-27T10:03:01+00:00
003,flow_momentum,,,15,test,{},,1072.0,,,,,,,,,,,,,,,,,,,,,,,,,,,,,,,,csv,2026-09-27T10:03:01+00:00
003,combo_vote,,,30,test,{},,5945.0,,,,,,,,,,,,,,,,,,,,,,,,,,,,,,,,csv,2026-09-27T10:03:01+00:00
003,donchian_breakout,,,15,test,{},,7762.0,,,,,,,,,,,,,,,,,,,,,,,,,,,,,,,,csv,2026-09-27T10:03:01+00:00
003,combo_breakout_confirmed,,,15,test,{},,4880.0,,,,,,,,,,,,,,,,,,,,,,,,,,,,,,,,csv,2026-09-27T10:03:01+00:00
003,bb_reversion,,,30,test,{},,5707.0,,,,,,,,,,,,,,,,,,,,,,,,,,,,,,,,csv,2026-09-27T10:03:01+00:00
003,combo_vote,,,5,test,{},,41545.0,,,,,,,,,,,,,,,,,,,,,,,,,,,,,,,,csv,2026-09-27T10:03:01+00:00
003,adx_trend,,,30,test,{},,16955.0,,,,,,,,,,,,,,,,,,,,,,,,,,,,,,,,csv,2026-09-27T10:03:01+00:00
003,combo_vol_flow,,,15,test,{},,1147.0,,,,,,,,,,,,,,,,,,,,,,,,,,,,,,,,csv,2026-09-27T10:03:01+00:00
004,combo_funding_reversion,,,15,full,{},taker (real),,,1328.0,,,,,,,-0.1511211823641277,,0.7497198898683943,,0.5286144578313253,,-0.7449533493473023,,0.0183619686494626,,,1.0,0.0052244495852163,,,,,,,,,,,csv,2026-09-27T10:03:01+00:00
004,combo_funding_reversion,,,15,full,{},vip_taker,,,1348.0,,,,,,,-0.1417645222971395,,0.7309642680954784,,0.521513353115727,,-0.7239471032437321,,0.0187256143473201,,,1.0,0.00521778176655,,,,,,,,,,,csv,2026-09-27T10:03:01+00:00
004,combo_funding_reversion,,,15,full,{},half_fill*,,,1496.0,,,,,,,-0.0640943882778702,,0.5466451494939327,,0.5147058823529411,,-0.4899359836566291,,0.020907488534465,,,1.0,0.0053267197895979,,,,,,,,,,,csv,2026-09-27T10:03:01+00:00
004,combo_funding_reversion,,,15,full,{},taker (real),,,905.0,,,,,,,-0.0490983425708532,,0.4004465963151992,,0.5281767955801105,,-0.3587707606924762,,0.0247065165309056,,,1.5,0.0078866287359032,,,,,,,,,,,csv,2026-09-27T10:03:01+00:00
004,combo_funding_reversion,,,15,full,{},vip_taker,,,903.0,,,,,,,-0.050498588563816,,0.4038738748775921,,0.521594684385382,,-0.3660612801095593,,0.0246423437606954,,,1.5,0.0078278406779387,,,,,,,,,,,csv,2026-09-27T10:03:01+00:00
004,combo_funding_reversion,,,15,full,{},half_fill*,,,929.0,,,,,,,-0.0132959848612539,,0.2828078036636405,,0.5188374596340151,,-0.1616220180431975,,0.0253824697104524,,,1.5,0.0078909261153534,,,,,,,,,,,csv,2026-09-27T10:03:01+00:00
004,combo_funding_reversion,,,15,full,{},taker (real),,,680.0,,,,,,,0.0100695235537804,,0.1913383385907222,,0.5823529411764706,,0.0065641197620738,,0.0287066192073379,,,1.8,0.0093753464612571,,,,,,,,,,,csv,2026-09-27T10:03:01+00:00
004,combo_funding_reversion,,,15,full,{},vip_taker,,,674.0,,,,,,,0.0031489205820117,,0.2306085106372718,,0.5771513353115727,,-0.0431272007836534,,0.0279451023341775,,,1.8,0.0093182533804745,,,,,,,,,,,csv,2026-09-27T10:03:01+00:00
004,combo_funding_reversion,,,15,full,{},half_fill*,,,683.0,,,,,,,0.0162856367934476,,0.1857325214218983,,0.5695461200585652,,0.0531479388931188,,0.0284755972345814,,,1.8,0.0093837458708387,,,,,,,,,,,csv,2026-09-27T10:03:01+00:00
004,combo_funding_reversion,,,15,full,{},taker (real),,,480.0,,,,,,,-0.0072559303573088,,0.206763588047482,,0.5395833333333333,,-0.0903002715729364,,0.0285953864056403,,,2.5,0.0126004811744742,,,,,,,,,,,csv,2026-09-27T10:03:01+00:00
004,combo_funding_reversion,,,15,full,{},vip_taker,,,477.0,,,,,,,-0.0085558726744576,,0.1997780845634363,,0.5345911949685535,,-0.0969450261607335,,0.0286595591758505,,,2.5,0.0125796085104634,,,,,,,,,,,csv,2026-09-27T10:03:01+00:00
004,combo_funding_reversion,,,15,full,{},half_fill*,,,481.0,,,,,,,0.0088944332600715,,0.1655600053336513,,0.5467775467775468,,0.0070834843903966,,0.0291772195222123,,,2.5,0.0126186945043211,,,,,,,,,,,csv,2026-09-27T10:03:01+00:00
004,combo_funding_reversion,,,15,full,{},taker (real),,,290.0,,,,,,,-0.0046495310407002,,0.1721239219310218,,0.5137931034482759,,-0.0476827481350732,,0.0228840098569375,,,3.5,0.0154506256224525,,,,,,,,,,,csv,2026-09-27T10:03:01+00:00
004,combo_funding_reversion,,,15,full,{},vip_taker,,,313.0,,,,,,,0.0065645297425152,,0.1174301819517315,,0.5271565495207667,,0.002748596110548,,0.0249332603189814,,,3.5,0.0156220342970667,,,,,,,,,,,csv,2026-09-27T10:03:01+00:00
004,combo_funding_reversion,,,15,full,{},half_fill*,,,314.0,,,,,,,0.0055465233472293,,0.1258622640448584,,0.5159235668789809,,-0.0022454921044363,,0.0250017112738722,,,3.5,0.0156365303471475,,,,,,,,,,,csv,2026-09-27T10:03:01+00:00
004,combo_funding_reversion,,,15,full,{},vip_taker,,,167.0,,,,,,,0.0004707945178596,,0.107166313631087,,0.4850299401197604,,-0.0095741433547124,,0.0162057635704018,,,5.0,0.0197845973293516,,,,,,,,,,,csv,2026-09-27T10:03:01+00:00
004,combo_funding_reversion,,,15,full,{},half_fill*,,,170.0,,,,,,,0.0098833648581447,,0.1004677393111155,,0.4941176470588235,,0.0185837187620601,,0.0166635293312341,,,5.0,0.019686707303977,,,,,,,,,,,csv,2026-09-27T10:03:01+00:00
004,combo_funding_reversion,,,15,full,{},half_fill*,,,130.0,,,,,,,-0.0017870294309247,,0.0729498568960014,,0.4769230769230769,,-0.0094812455143477,,0.0143319186802655,,,7.0,0.0285631436915065,,,,,,,,,,,csv,2026-09-27T10:03:01+00:00
004,combo_funding_reversion,,,30,full,{},taker (real),,,925.0,,,,,,,-0.0399001059477766,,0.3802697693068694,,0.5351351351351351,,-0.285076875260283,,0.0253176470588235,,,1.0,0.0075200778486004,,,,,,,,,,,csv,2026-09-27T10:03:01+00:00
004,combo_funding_reversion,,,30,full,{},vip_taker,,,922.0,,,,,,,-0.0459092681973878,,0.3832196487621465,,0.5249457700650759,,-0.3134486565627302,,0.0251294117647058,,,1.0,0.0075580865162914,,,,,,,,,,,csv,2026-09-27T10:03:01+00:00
004,combo_funding_reversion,,,30,full,{},half_fill*,,,929.0,,,,,,,-0.0214503355183989,,0.3007772969020691,,0.5177610333692142,,-0.1861539530929329,,0.0256342245989304,,,1.0,0.007689020596182,,,,,,,,,,,csv,2026-09-27T10:03:01+00:00
004,combo_funding_reversion,,,30,full,{},taker (real),,,529.0,,,,,,,-0.0265176324298722,,0.248905753889811,,0.5236294896030246,,-0.1751397511431817,,0.0280812834224598,,,1.5,0.0109419905893543,,,,,,,,,,,csv,2026-09-27T10:03:01+00:00
004,combo_funding_reversion,,,30,full,{},vip_taker,,,526.0,,,,,,,-0.0349568960113696,,0.2637380463124394,,0.5152091254752852,,-0.2160517195982582,,0.0276620320855615,,,1.5,0.0109352936458249,,,,,,,,,,,csv,2026-09-27T10:03:01+00:00
004,combo_funding_reversion,,,30,full,{},half_fill*,,,527.0,,,,,,,-0.019374318889213,,0.2336868410996865,,0.50853889943074,,-0.1400819853110529,,0.0276363636363636,,,1.5,0.0109437119727474,,,,,,,,,,,csv,2026-09-27T10:03:01+00:00
004,combo_funding_reversion,,,30,full,{},taker (real),,,363.0,,,,,,,-0.0271645111471741,,0.2642754765855019,,0.5399449035812672,,-0.1713118914339223,,0.0304,,,1.8,0.0127402644515535,,,,,,,,,,,csv,2026-09-27T10:03:01+00:00
004,combo_funding_reversion,,,30,full,{},half_fill*,,,361.0,,,,,,,-0.0231974178596548,,0.2437043458607946,,0.5346260387811634,,-0.1532537019475074,,0.0302032085561497,,,1.8,0.0128049489103018,,,,,,,,,,,csv,2026-09-27T10:03:01+00:00
004,combo_funding_reversion,,,30,full,{},taker (real),,,219.0,,,,,,,0.0122225040823676,,0.1108007734746269,,0.54337899543379,,0.0298303331456404,,0.0272427807486631,,,2.5,0.0162934311606089,,,,,,,,,,,csv,2026-09-27T10:03:01+00:00
004,combo_funding_reversion,,,30,full,{},vip_taker,,,215.0,,,,,,,0.0098954764818241,,0.1291463348742378,,0.5395348837209303,,0.0196583069144928,,0.0270117647058823,,,2.5,0.0161601066747025,,,,,,,,,,,csv,2026-09-27T10:03:01+00:00
004,combo_funding_reversion,,,30,full,{},half_fill*,,,220.0,,,,,,,0.0232049871956879,,0.1092715356193988,,0.55,,0.0801940473098599,,0.0280983957219251,,,2.5,0.0163277917427201,,,,,,,,,,,csv,2026-09-27T10:03:01+00:00
004,combo_funding_reversion,,,30,full,{},taker (real),,,114.0,,,,,,,0.0103875451063753,,0.0888071810260927,,0.5175438596491229,,0.0190846776681736,,0.0192256684491978,,,3.5,0.0221287851883078,,,,,,,,,,,csv,2026-09-27T10:03:01+00:00
004,combo_funding_reversion,,,30,full,{},half_fill*,,,115.0,,,,,,,0.0161181731356099,,0.0921819966270189,,0.5304347826086957,,0.0348771231835989,,0.0189090909090909,,,3.5,0.0221365829613587,,,,,,,,,,,csv,2026-09-27T10:03:01+00:00
004,combo_funding_reversion,,,30,full,{},half_fill*,,,80.0,,,,,,,0.0298348125357685,,0.0578176635998998,,0.525,,0.0546300622161153,,0.0157262032085561,,,5.0,0.031957831448524,,,,,,,,,,,csv,2026-09-27T10:03:01+00:00
004,combo_funding_reversion,,,30,full,{},half_fill*,,,50.0,,,,,,,0.0187795835799294,,0.0322868057135373,,0.58,,0.0204711623463107,,0.0117048128342246,,,7.0,0.0441388727703746,,,,,,,,,,,csv,2026-09-27T10:03:01+00:00
004,combo_breakout_confirmed,,,30,full,{},taker (real),,,1187.0,,,,,,,-0.2068150992224329,,0.7738839265820012,,0.5197978096040438,,-0.7562401450041163,,0.0255486631016042,,,1.0,0.0066506923802637,,,,,,,,,,,csv,2026-09-27T10:03:01+00:00
004,combo_breakout_confirmed,,,30,full,{},vip_taker,,,1361.0,,,,,,,-0.1754439765450356,,0.7455029351597884,,0.5165319617927994,,-0.7245789100816469,,0.0299807486631016,,,1.0,0.0065100074602914,,,,,,,,,,,csv,2026-09-27T10:03:01+00:00
004,combo_breakout_confirmed,,,30,full,{},half_fill*,,,2058.0,,,,,,,-0.0528598536333122,,0.5004473246701163,,0.5208940719144801,,-0.4209137219439143,,0.0462887700534759,,,1.0,0.0061092644795854,,,,,,,,,,,csv,2026-09-27T10:03:01+00:00
004,combo_breakout_confirmed,,,30,full,{},taker (real),,,1323.0,,,,,,,-0.092882912168825,,0.586273579722743,,0.526832955404384,,-0.5420622634922895,,0.0672342245989304,,,1.5,0.0092457396808479,,,,,,,,,,,csv,2026-09-27T10:03:01+00:00
004,combo_breakout_confirmed,,,30,full,{},vip_taker,,,1637.0,,,,,,,-0.044882439156043,,0.4657387523130332,,0.531459987782529,,-0.377268220993451,,0.084979679144385,,,1.5,0.0089966215512796,,,,,,,,,,,csv,2026-09-27T10:03:01+00:00
004,combo_breakout_confirmed,,,30,full,{},half_fill*,,,1923.0,,,,,,,0.0211529491944373,,0.3125033586999428,,0.5267810712428497,,0.0927445110211908,,0.1011251336898395,,,1.5,0.009281269882252,,,,,,,,,,,csv,2026-09-27T10:03:01+00:00
004,combo_breakout_confirmed,,,30,full,{},taker (real),,,1394.0,,,,,,,-0.0279818580583753,,0.4864526083719934,,0.5308464849354376,,-0.3009448098413544,,0.1256385026737967,,,1.8,0.0108840185163079,,,,,,,,,,,csv,2026-09-27T10:03:01+00:00
004,combo_breakout_confirmed,,,30,full,{},vip_taker,,,1486.0,,,,,,,-0.0099691647978474,,0.3915012490394811,,0.5289367429340511,,-0.1851177218839264,,0.133587165775401,,,1.8,0.0108715015544437,,,,,,,,,,,csv,2026-09-27T10:03:01+00:00
004,combo_breakout_confirmed,,,30,full,{},half_fill*,,,1684.0,,,,,,,0.0400913494395303,,0.3647093082085963,,0.5249406175771971,,0.3210914488092089,,0.1575187165775401,,,1.8,0.0111688344513583,,,,,,,,,,,csv,2026-09-27T10:03:01+00:00
004,combo_breakout_confirmed,,,30,full,{},taker (real),,,999.0,,,,,,,-0.006997190575544,,0.2889171334169985,,0.5305305305305306,,-0.1207313840005918,,0.1466181818181818,,,2.5,0.0144933294128703,,,,,,,,,,,csv,2026-09-27T10:03:01+00:00
004,combo_breakout_confirmed,,,30,full,{},vip_taker,,,1090.0,,,,,,,0.0134658219813058,,0.2861486390812759,,0.5293577981651376,,0.028416663042986,,0.1598887700534759,,,2.5,0.0144203986180616,,,,,,,,,,,csv,2026-09-27T10:03:01+00:00
004,combo_breakout_confirmed,,,30,full,{},half_fill*,,,1238.0,,,,,,,0.0404056366909426,,0.2139713082360597,,0.5250403877221325,,0.2840209753440801,,0.1852064171122994,,,2.5,0.0146735033259061,,,,,,,,,,,csv,2026-09-27T10:03:01+00:00
004,combo_breakout_confirmed,,,30,full,{},taker (real),,,801.0,,,,,,,0.0521087105501736,,0.1791949857523324,,0.5455680399500624,,0.3262177832568693,,0.1719614973262032,,,3.5,0.0193774576778616,,,,,,,,,,,csv,2026-09-27T10:03:01+00:00
004,combo_breakout_confirmed,,,30,full,{},vip_taker,,,843.0,,,,,,,0.0595041915103287,,0.1463553650425066,,0.5480427046263345,,0.4057395079742851,,0.181227807486631,,,3.5,0.0192560654138683,,,,,,,,,,,csv,2026-09-27T10:03:01+00:00
004,combo_breakout_confirmed,,,30,full,{},half_fill*,,,972.0,,,,,,,0.0952843269160777,,0.1463112208418492,,0.5473251028806584,,0.8343830227779359,,0.2115764705882352,,,3.5,0.0192367640330203,,,,,,,,,,,csv,2026-09-27T10:03:01+00:00
004,combo_breakout_confirmed,,,30,full,{},taker (real),,,442.0,,,,,,,0.0532080254426456,,0.155983278384355,,0.5316742081447964,,0.2197534267792309,,0.1243550802139037,,,5.0,0.0272855766148942,,,,,,,,,,,csv,2026-09-27T10:03:01+00:00
004,combo_breakout_confirmed,,,30,full,{},vip_taker,,,450.0,,,,,,,0.0563124158082706,,0.1492917729337158,,0.5311111111111111,,0.2413289998948,,0.125655614973262,,,5.0,0.0272205546971389,,,,,,,,,,,csv,2026-09-27T10:03:01+00:00
004,combo_breakout_confirmed,,,30,full,{},half_fill*,,,468.0,,,,,,,0.0726913103838408,,0.1407537085020608,,0.5341880341880342,,0.3399074082194895,,0.13155935828877,,,5.0,0.0271018710655823,,,,,,,,,,,csv,2026-09-27T10:03:01+00:00
004,combo_breakout_confirmed,,,30,full,{},taker (real),,,309.0,,,,,,,0.0560612134055543,,0.0909635416900517,,0.5339805825242718,,0.1633994681232453,,0.1015443850267379,,,7.0,0.0359219024623959,,,,,,,,,,,csv,2026-09-27T10:03:01+00:00
004,combo_breakout_confirmed,,,30,full,{},vip_taker,,,311.0,,,,,,,0.0600184951665883,,0.088582759556218,,0.5337620578778135,,0.1768831028971933,,0.1022032085561497,,,7.0,0.0359697015124731,,,,,,,,,,,csv,2026-09-27T10:03:01+00:00
004,combo_breakout_confirmed,,,30,full,{},half_fill*,,,315.0,,,,,,,0.0724793967042095,,0.0829889385570142,,0.5365079365079365,,0.223496135611555,,0.1035636363636363,,,7.0,0.0359290868428884,,,,,,,,,,,csv,2026-09-27T10:03:01+00:00
004,combo_breakout_confirmed,,,15,full,{},taker (real),,,1311.0,,,,,,,-0.3871423356392625,,0.9433096941105577,,0.5087719298245614,,-0.943031569845546,,0.0117949551646245,,,1.0,0.0044905501199961,,,,,,,,,,,csv,2026-09-27T10:03:01+00:00
004,combo_breakout_confirmed,,,15,full,{},vip_taker,,,1565.0,,,,,,,-0.3444009169421817,,0.9386286558457412,,0.4996805111821086,,-0.9379608385891952,,0.0147297898555684,,,1.0,0.004685851121099,,,,,,,,,,,csv,2026-09-27T10:03:01+00:00
004,combo_breakout_confirmed,,,15,full,{},half_fill*,,,2808.0,,,,,,,-0.1705385024398764,,0.8492354491439141,,0.5142450142450142,,-0.8483011951382523,,0.0281162297214046,,,1.0,0.0048145170983934,,,,,,,,,,,csv,2026-09-27T10:03:01+00:00
004,combo_breakout_confirmed,,,15,full,{},taker (real),,,1323.0,,,,,,,-0.2658936946119722,,0.8819670016957535,,0.5003779289493575,,-0.8815809528480076,,0.0287793483469094,,,1.5,0.006487754364094,,,,,,,,,,,csv,2026-09-27T10:03:01+00:00
004,combo_breakout_confirmed,,,15,full,{},vip_taker,,,1568.0,,,,,,,-0.2213442013688706,,0.8603410445907878,,0.5019132653061225,,-0.8597882051739714,,0.0351452871517557,,,1.5,0.0067169945000387,,,,,,,,,,,csv,2026-09-27T10:03:01+00:00
004,combo_breakout_confirmed,,,15,full,{},half_fill*,,,2723.0,,,,,,,-0.0940005653701524,,0.7127446231827488,,0.51120088138083,,-0.6953832976731245,,0.06401875556164,,,1.5,0.0068409006053806,,,,,,,,,,,csv,2026-09-27T10:03:01+00:00
004,combo_breakout_confirmed,,,15,full,{},taker (real),,,1511.0,,,,,,,-0.164843952193989,,0.8234376304979258,,0.5076108537392455,,-0.8195577638475047,,0.060437914983914,,,1.8,0.0080261665719392,,,,,,,,,,,csv,2026-09-27T10:03:01+00:00
004,combo_breakout_confirmed,,,15,full,{},vip_taker,,,1945.0,,,,,,,-0.1136066453169042,,0.7551045073874842,,0.5141388174807198,,-0.7439178843803411,,0.0796683551235539,,,1.8,0.0082211487839188,,,,,,,,,,,csv,2026-09-27T10:03:01+00:00
004,combo_breakout_confirmed,,,15,full,{},half_fill*,,,2872.0,,,,,,,-0.0494480031003051,,0.6065796029125333,,0.5100974930362117,,-0.5779755908507191,,0.1185185502087754,,,1.8,0.0079106772604651,,,,,,,,,,,csv,2026-09-27T10:03:01+00:00
004,combo_breakout_confirmed,,,15,full,{},taker (real),,,1461.0,,,,,,,-0.123144612218016,,0.7306344551821098,,0.4962354551676933,,-0.7157927507082225,,0.1046272845506194,,,2.5,0.0113291767038376,,,,,,,,,,,csv,2026-09-27T10:03:01+00:00
004,combo_breakout_confirmed,,,15,full,{},vip_taker,,,1834.0,,,,,,,-0.0747346561463872,,0.6300805314593025,,0.5043620501635769,,-0.5960820709246006,,0.1318878773358888,,,2.5,0.0111533559554961,,,,,,,,,,,csv,2026-09-27T10:03:01+00:00
004,combo_breakout_confirmed,,,15,full,{},half_fill*,,,2453.0,,,,,,,-0.0251702590596433,,0.5200345994360517,,0.503057480635956,,-0.3809542551075623,,0.1775831679101923,,,2.5,0.0107450127549814,,,,,,,,,,,csv,2026-09-27T10:03:01+00:00
004,combo_breakout_confirmed,,,15,full,{},taker (real),,,1470.0,,,,,,,-0.0615887247046876,,0.5664271499882005,,0.5,,-0.4647804638484529,,0.1598415360394277,,,3.5,0.015294002192155,,,,,,,,,,,csv,2026-09-27T10:03:01+00:00
004,combo_breakout_confirmed,,,15,full,{},vip_taker,,,1586.0,,,,,,,-0.0433242755698562,,0.5073494996349364,,0.5044136191677175,,-0.3885530362442468,,0.1702845848449586,,,3.5,0.01495713238284,,,,,,,,,,,csv,2026-09-27T10:03:01+00:00
004,combo_breakout_confirmed,,,15,full,{},half_fill*,,,2035.0,,,,,,,0.0049420151793592,,0.4100263566852564,,0.5076167076167076,,-0.0742816000049423,,0.2223757615168731,,,3.5,0.0145511598246987,,,,,,,,,,,csv,2026-09-27T10:03:01+00:00
004,combo_breakout_confirmed,,,15,full,{},taker (real),,,969.0,,,,,,,-0.045044186556721,,0.3794005901011056,,0.4829721362229102,,-0.2790498763204385,,0.1418218221644192,,,5.0,0.0193970560336802,,,,,,,,,,,csv,2026-09-27T10:03:01+00:00
004,combo_breakout_confirmed,,,15,full,{},vip_taker,,,1027.0,,,,,,,-0.0363977396337746,,0.3528744319486384,,0.4790652385589094,,-0.2480443532546036,,0.1508616263946882,,,5.0,0.019343363496479,,,,,,,,,,,csv,2026-09-27T10:03:01+00:00
004,combo_breakout_confirmed,,,15,full,{},half_fill*,,,1190.0,,,,,,,0.0013738959343265,,0.3021598168349029,,0.4915966386554621,,-0.0499659486602084,,0.1737884180984324,,,5.0,0.0191666952705327,,,,,,,,,,,csv,2026-09-27T10:03:01+00:00
004,combo_breakout_confirmed,,,15,full,{},taker (real),,,789.0,,,,,,,-0.0104695663980404,,0.2084613947375542,,0.4904942965779467,,-0.0736864993643674,,0.1341938188787733,,,7.0,0.0256245336361241,,,,,,,,,,,csv,2026-09-27T10:03:01+00:00
004,combo_breakout_confirmed,,,15,full,{},vip_taker,,,811.0,,,,,,,0.0066328180790476,,0.180444657355645,,0.4919852034525277,,0.0030530320642323,,0.1371799917858854,,,7.0,0.0254667007258854,,,,,,,,,,,csv,2026-09-27T10:03:01+00:00
004,combo_breakout_confirmed,,,15,full,{},half_fill*,,,842.0,,,,,,,0.0149823026035463,,0.1603531813883245,,0.4964370546318289,,0.0442915667418895,,0.1429384283660757,,,7.0,0.0254743089756735,,,,,,,,,,,csv,2026-09-27T10:03:01+00:00
004,supertrend_flip,,,30,full,{},taker (real),,,1243.0,,,,,,,-0.2957750528137441,,0.8909108838511999,,0.504424778761062,,-0.8902634900502984,,0.0303486631016042,,,1.0,0.0056884416347463,,,,,,,,,,,csv,2026-09-27T10:03:01+00:00
004,supertrend_flip,,,30,full,{},vip_taker,,,1355.0,,,,,,,-0.2599819145028564,,0.8732700204190689,,0.5018450184501845,,-0.8700686674132225,,0.0340962566844919,,,1.0,0.0057423297069032,,,,,,,,,,,csv,2026-09-27T10:03:01+00:00
004,supertrend_flip,,,30,full,{},half_fill*,,,1703.0,,,,,,,-0.1606653203477356,,0.7864291399278929,,0.4973576042278332,,-0.7677582440700415,,0.0421989304812834,,,1.0,0.0052652877564438,,,,,,,,,,,csv,2026-09-27T10:03:01+00:00
004,supertrend_flip,,,30,full,{},vip_taker,,,1565.0,,,,,,,-0.1235839844049222,,0.7025184866922496,,0.5220447284345048,,-0.6936228349946523,,0.0841497326203208,,,1.5,0.0079938608358068,,,,,,,,,,,csv,2026-09-27T10:03:01+00:00
004,supertrend_flip,,,30,full,{},half_fill*,,,1960.0,,,,,,,-0.0648083858323729,,0.6068778017235928,,0.5112244897959184,,-0.5285226526084517,,0.1045561497326203,,,1.5,0.0075169317658132,,,,,,,,,,,csv,2026-09-27T10:03:01+00:00
004,supertrend_flip,,,30,full,{},taker (real),,,1428.0,,,,,,,-0.1056187101850472,,0.7271892425406659,,0.5189075630252101,,-0.6693248077583096,,0.1238930481283422,,,1.8,0.0099160918541233,,,,,,,,,,,csv,2026-09-27T10:03:01+00:00
004,supertrend_flip,,,30,full,{},vip_taker,,,1553.0,,,,,,,-0.083519095292173,,0.7125762896871382,,0.5183515775917579,,-0.612735747398065,,0.1344085561497326,,,1.8,0.0096286780729122,,,,,,,,,,,csv,2026-09-27T10:03:01+00:00
004,supertrend_flip,,,30,full,{},half_fill*,,,1919.0,,,,,,,-0.0332824866324158,,0.6186097229384254,,0.5101615424700364,,-0.4060480166258844,,0.1633625668449198,,,1.8,0.0090230369955199,,,,,,,,,,,csv,2026-09-27T10:03:01+00:00
004,supertrend_flip,,,30,full,{},taker (real),,,1327.0,,,,,,,-0.042414518562157,,0.5087939015302474,,0.520723436322532,,-0.3855295411561967,,0.1908962566844919,,,2.5,0.0124542550631934,,,,,,,,,,,csv,2026-09-27T10:03:01+00:00
004,supertrend_flip,,,30,full,{},vip_taker,,,1445.0,,,,,,,-0.030007733345678,,0.4688328108366385,,0.5190311418685121,,-0.3254706155095448,,0.208607486631016,,,2.5,0.0118114848590932,,,,,,,,,,,csv,2026-09-27T10:03:01+00:00
004,supertrend_flip,,,30,full,{},half_fill*,,,1721.0,,,,,,,0.0075260787704912,,0.3534329957915375,,0.5148169668797211,,-0.053282174947174,,0.2518160427807486,,,2.5,0.0119505144964137,,,,,,,,,,,csv,2026-09-27T10:03:01+00:00
004,supertrend_flip,,,30,full,{},taker (real),,,1123.0,,,,,,,0.0027756104956998,,0.3906201317001755,,0.5209260908281389,,-0.0527457188868514,,0.2359187165775401,,,3.5,0.0162370200522241,,,,,,,,,,,csv,2026-09-27T10:03:01+00:00
004,supertrend_flip,,,30,full,{},vip_taker,,,1229.0,,,,,,,0.0279142724613573,,0.3416801308921534,,0.5256305939788446,,0.1561129367389322,,0.2625454545454545,,,3.5,0.0162793739542897,,,,,,,,,,,csv,2026-09-27T10:03:01+00:00
004,supertrend_flip,,,30,full,{},half_fill*,,,1371.0,,,,,,,0.0517804257913848,,0.2306277222712717,,0.5237053245805982,,0.4263204399397682,,0.2981475935828877,,,3.5,0.0163910351940117,,,,,,,,,,,csv,2026-09-27T10:03:01+00:00
004,supertrend_flip,,,30,full,{},taker (real),,,727.0,,,,,,,0.0174619718928639,,0.2072389482871083,,0.5116918844566712,,0.0601192804745025,,0.2117048128342246,,,5.0,0.0213155741116425,,,,,,,,,,,csv,2026-09-27T10:03:01+00:00
004,supertrend_flip,,,30,full,{},vip_taker,,,739.0,,,,,,,0.019505290543939,,0.1924538734740161,,0.5115020297699594,,0.0726805435362241,,0.2166417112299465,,,5.0,0.0212272775923632,,,,,,,,,,,csv,2026-09-27T10:03:01+00:00
004,supertrend_flip,,,30,full,{},half_fill*,,,772.0,,,,,,,0.0396987043155773,,0.1473556407372234,,0.522020725388601,,0.2054263987628439,,0.2258310160427807,,,5.0,0.0211784443433992,,,,,,,,,,,csv,2026-09-27T10:03:01+00:00
004,supertrend_flip,,,30,full,{},taker (real),,,502.0,,,,,,,0.0051120674443317,,0.2003896732558694,,0.5099601593625498,,0.001051265893593,,0.1719187165775401,,,7.0,0.0292125022374859,,,,,,,,,,,csv,2026-09-27T10:03:01+00:00
004,supertrend_flip,,,30,full,{},vip_taker,,,506.0,,,,,,,0.0091179872981676,,0.194814853508884,,0.5118577075098815,,0.0167163152827769,,0.174263101604278,,,7.0,0.029212502593287,,,,,,,,,,,csv,2026-09-27T10:03:01+00:00
004,supertrend_flip,,,30,full,{},half_fill*,,,524.0,,,,,,,0.0313324133871679,,0.1426414463039543,,0.5248091603053435,,0.109515503121472,,0.1800385026737967,,,7.0,0.029159078049011,,,,,,,,,,,csv,2026-09-27T10:03:01+00:00
004,combo_trend_pullback,,,30,full,{},taker (real),,,1267.0,,,,,,,-0.2928071254034312,,0.9125800506353238,,0.4988161010260458,,-0.9097980716341102,,0.0479401069518716,,,1.0,0.0052411075953786,,,,,,,,,,,csv,2026-09-27T10:03:01+00:00
004,combo_trend_pullback,,,30,full,{},vip_taker,,,1496.0,,,,,,,-0.2519140344264934,,0.8948562387844424,,0.4973262032085561,,-0.8945358300554209,,0.0583529411764705,,,1.0,0.0054404348510757,,,,,,,,,,,csv,2026-09-27T10:03:01+00:00
004,combo_trend_pullback,,,30,full,{},half_fill*,,,2000.0,,,,,,,-0.1587333299993806,,0.8213442847979402,,0.493,,-0.810332648736191,,0.0798802139037433,,,1.0,0.0057044183531231,,,,,,,,,,,csv,2026-09-27T10:03:01+00:00
004,combo_trend_pullback,,,30,full,{},taker (real),,,1247.0,,,,,,,-0.2047729500897815,,0.8313061242470209,,0.483560545308741,,-0.821518182184944,,0.0944256684491978,,,1.5,0.0083472019623786,,,,,,,,,,,csv,2026-09-27T10:03:01+00:00
004,combo_trend_pullback,,,30,full,{},vip_taker,,,1385.0,,,,,,,-0.1781460264165608,,0.8041424153388267,,0.483754512635379,,-0.7942506063462671,,0.1057026737967914,,,1.5,0.0085195701729451,,,,,,,,,,,csv,2026-09-27T10:03:01+00:00
004,combo_trend_pullback,,,30,full,{},half_fill*,,,1661.0,,,,,,,-0.1060824433210925,,0.6939157022828889,,0.4882600842865743,,-0.6628237198555278,,0.1264,,,1.5,0.0085213683637559,,,,,,,,,,,csv,2026-09-27T10:03:01+00:00
004,combo_trend_pullback,,,30,full,{},taker (real),,,1075.0,,,,,,,-0.1695415922259995,,0.7734896676556675,,0.4744186046511628,,-0.7717943469512396,,0.1186395721925133,,,1.8,0.0098015489225945,,,,,,,,,,,csv,2026-09-27T10:03:01+00:00
004,combo_trend_pullback,,,30,full,{},vip_taker,,,1177.0,,,,,,,-0.1325585175517385,,0.7253869538127877,,0.4817332200509771,,-0.7101062215861527,,0.1300192513368984,,,1.8,0.0098822552317724,,,,,,,,,,,csv,2026-09-27T10:03:01+00:00
004,combo_trend_pullback,,,30,full,{},half_fill*,,,1398.0,,,,,,,-0.0816282280904056,,0.6053789366945833,,0.488555078683834,,-0.5806112531491272,,0.1543614973262032,,,1.8,0.0100163414761011,,,,,,,,,,,csv,2026-09-27T10:03:01+00:00
004,combo_trend_pullback,,,30,full,{},taker (real),,,906.0,,,,,,,-0.1110077857226634,,0.5828826921705497,,0.4713024282560706,,-0.5614232686047609,,0.1454887700534759,,,2.5,0.0129367432370364,,,,,,,,,,,csv,2026-09-27T10:03:01+00:00
004,combo_trend_pullback,,,30,full,{},vip_taker,,,969.0,,,,,,,-0.0844255623527658,,0.5453693404047817,,0.4747162022703818,,-0.4893867047933712,,0.1546010695187165,,,2.5,0.012987950012766,,,,,,,,,,,csv,2026-09-27T10:03:01+00:00
004,combo_trend_pullback,,,30,full,{},half_fill*,,,1080.0,,,,,,,-0.061270455097786,,0.4726338393141308,,0.4805555555555555,,-0.4185005491849218,,0.1719614973262032,,,2.5,0.0131777111859948,,,,,,,,,,,csv,2026-09-27T10:03:01+00:00
004,combo_trend_pullback,,,30,full,{},taker (real),,,769.0,,,,,,,-0.0452667828545965,,0.3626469023463252,,0.4746423927178153,,-0.2589651413460409,,0.1587165775401069,,,3.5,0.0169934105503469,,,,,,,,,,,csv,2026-09-27T10:03:01+00:00
004,combo_trend_pullback,,,30,full,{},vip_taker,,,834.0,,,,,,,-0.0275398025781346,,0.2849895170910411,,0.4772182254196642,,-0.1888701116155826,,0.1726117647058823,,,3.5,0.0173014296198328,,,,,,,,,,,csv,2026-09-27T10:03:01+00:00
004,combo_trend_pullback,,,30,full,{},half_fill*,,,885.0,,,,,,,-0.0089646110656481,,0.2415611055311622,,0.4892655367231638,,-0.100874008384647,,0.1811165775401069,,,3.5,0.0172773516495265,,,,,,,,,,,csv,2026-09-27T10:03:01+00:00
004,combo_trend_pullback,,,30,full,{},taker (real),,,572.0,,,,,,,-0.0577267008378337,,0.2810802268055971,,0.4615384615384615,,-0.2309286734600323,,0.1468235294117647,,,5.0,0.023352572497504,,,,,,,,,,,csv,2026-09-27T10:03:01+00:00
004,combo_trend_pullback,,,30,full,{},vip_taker,,,583.0,,,,,,,-0.048048610734098,,0.2544251686258745,,0.4614065180102916,,-0.2018791479398864,,0.1493304812834224,,,5.0,0.0234530663580658,,,,,,,,,,,csv,2026-09-27T10:03:01+00:00
004,combo_trend_pullback,,,30,full,{},half_fill*,,,627.0,,,,,,,0.0007949113722005,,0.165412270623233,,0.4736842105263157,,-0.0207550656353231,,0.159503743315508,,,5.0,0.0232926734860955,,,,,,,,,,,csv,2026-09-27T10:03:01+00:00
004,combo_trend_pullback,,,30,full,{},taker (real),,,484.0,,,,,,,-0.0148374896011134,,0.1145909348463266,,0.4772727272727273,,-0.0579222820619337,,0.1341860962566844,,,7.0,0.0317855958799472,,,,,,,,,,,csv,2026-09-27T10:03:01+00:00
004,combo_trend_pullback,,,30,full,{},vip_taker,,,492.0,,,,,,,-0.0040770359616911,,0.1096515695242138,,0.483739837398374,,-0.0255223017727773,,0.1364449197860962,,,7.0,0.0317855945073404,,,,,,,,,,,csv,2026-09-27T10:03:01+00:00
004,combo_trend_pullback,,,30,full,{},half_fill*,,,504.0,,,,,,,0.0032777723495307,,0.1015101550381075,,0.4861111111111111,,-0.0022308817027445,,0.1400385026737968,,,7.0,0.0317640289014051,,,,,,,,,,,csv,2026-09-27T10:03:01+00:00
004,combo_trend_pullback,,,15,full,{},taker (real),,,1304.0,,,,,,,-0.4088623538506786,,0.975973765644278,,0.5023006134969326,,-0.9758535684013748,,0.0252626805393935,,,1.0,0.0033000075480092,,,,,,,,,,,csv,2026-09-27T10:03:01+00:00
004,combo_trend_pullback,,,15,full,{},vip_taker,,,1638.0,,,,,,,-0.3698293435267277,,0.974221112486346,,0.5054945054945055,,-0.9741853378698334,,0.0308671024710794,,,1.0,0.0034192665341694,,,,,,,,,,,csv,2026-09-27T10:03:01+00:00
004,combo_trend_pullback,,,15,full,{},half_fill*,,,3223.0,,,,,,,-0.2263005085054842,,0.9589750887833806,,0.5035681042506981,,-0.9518991009636572,,0.0590517831473749,,,1.0,0.0041370223108976,,,,,,,,,,,csv,2026-09-27T10:03:01+00:00
004,combo_trend_pullback,,,15,full,{},taker (real),,,1462.0,,,,,,,-0.3005588140700043,,0.9476796453436724,,0.4958960328317373,,-0.9468716022744682,,0.0545981928947908,,,1.5,0.0051983600320149,,,,,,,,,,,csv,2026-09-27T10:03:01+00:00
004,combo_trend_pullback,,,15,full,{},vip_taker,,,1888.0,,,,,,,-0.2622624728851236,,0.9471310653040372,,0.4957627118644068,,-0.9441904190375248,,0.0692809227188719,,,1.5,0.005639761811376,,,,,,,,,,,csv,2026-09-27T10:03:01+00:00
004,combo_trend_pullback,,,15,full,{},half_fill*,,,2787.0,,,,,,,-0.1764960322233887,,0.9230310866632638,,0.4901327592393254,,-0.9044287651373903,,0.1041139023889383,,,1.5,0.0061030950838867,,,,,,,,,,,csv,2026-09-27T10:03:01+00:00
004,combo_trend_pullback,,,15,full,{},taker (real),,,1624.0,,,,,,,-0.2454323659666695,,0.936086030643751,,0.4907635467980296,,-0.9350016875833194,,0.090068622082278,,,1.8,0.0067366514903373,,,,,,,,,,,csv,2026-09-27T10:03:01+00:00
004,combo_trend_pullback,,,15,full,{},vip_taker,,,1957.0,,,,,,,-0.2166665976740521,,0.927589692598624,,0.4910577414409811,,-0.9273902730709154,,0.1090252584023547,,,1.8,0.00708750070856,,,,,,,,,,,csv,2026-09-27T10:03:01+00:00
004,combo_trend_pullback,,,15,full,{},half_fill*,,,2612.0,,,,,,,-0.131703728298281,,0.8724590954667001,,0.4934915773353752,,-0.8510916007419655,,0.1487738722705181,,,1.8,0.0074112775917898,,,,,,,,,,,csv,2026-09-27T10:03:01+00:00
004,combo_trend_pullback,,,15,full,{},taker (real),,,1608.0,,,,,,,-0.1932262625348529,,0.8697070197897961,,0.4769900497512437,,-0.8658861735618169,,0.1303348962968033,,,2.5,0.0090220218110272,,,,,,,,,,,csv,2026-09-27T10:03:01+00:00
004,combo_trend_pullback,,,15,full,{},vip_taker,,,1904.0,,,,,,,-0.154315059889807,,0.8390406659297772,,0.4858193277310924,,-0.8289871509124586,,0.1564318228489287,,,2.5,0.009601336288736,,,,,,,,,,,csv,2026-09-27T10:03:01+00:00
004,combo_trend_pullback,,,15,full,{},half_fill*,,,2257.0,,,,,,,-0.1100456428309377,,0.7922037050347677,,0.48604342046965,,-0.7547910939537641,,0.1864518447532343,,,2.5,0.0098264434362314,,,,,,,,,,,csv,2026-09-27T10:03:01+00:00
004,combo_trend_pullback,,,15,full,{},taker (real),,,1541.0,,,,,,,-0.1476723312790843,,0.7612128208967801,,0.4711226476314081,,-0.7393813121757103,,0.1608811349168321,,,3.5,0.0125577257840298,,,,,,,,,,,csv,2026-09-27T10:03:01+00:00
004,combo_trend_pullback,,,15,full,{},vip_taker,,,1712.0,,,,,,,-0.1275994353507731,,0.7414724733211956,,0.4801401869158878,,-0.7090021116767833,,0.1812795194742966,,,3.5,0.013048202518428,,,,,,,,,,,csv,2026-09-27T10:03:01+00:00
004,combo_trend_pullback,,,15,full,{},half_fill*,,,1982.0,,,,,,,-0.0812196444470396,,0.6633142610616469,,0.4889001009081735,,-0.5875379229677026,,0.2105594154288452,,,3.5,0.0132790366984396,,,,,,,,,,,csv,2026-09-27T10:03:01+00:00
004,combo_trend_pullback,,,15,full,{},taker (real),,,1426.0,,,,,,,-0.0888380167073712,,0.5505954837151819,,0.4642356241234222,,-0.4909031433120524,,0.1842699705660894,,,5.0,0.0173028452285889,,,,,,,,,,,csv,2026-09-27T10:03:01+00:00
004,combo_trend_pullback,,,15,full,{},vip_taker,,,1482.0,,,,,,,-0.0829564670136591,,0.5520308978122235,,0.4730094466936572,,-0.4724688799289774,,0.1919707029913067,,,5.0,0.0174717123124966,,,,,,,,,,,csv,2026-09-27T10:03:01+00:00
004,combo_trend_pullback,,,15,full,{},half_fill*,,,1629.0,,,,,,,-0.0534876993502606,,0.5080322060760004,,0.4904849600982198,,-0.3697672651938848,,0.2104353480731056,,,5.0,0.0177119834514339,,,,,,,,,,,csv,2026-09-27T10:03:01+00:00
004,combo_trend_pullback,,,15,full,{},taker (real),,,1167.0,,,,,,,-0.0766797249900778,,0.3978310843368576,,0.4575835475578406,,-0.3429623242347067,,0.163670511328633,,,7.0,0.022767173083449,,,,,,,,,,,csv,2026-09-27T10:03:01+00:00
004,combo_trend_pullback,,,15,full,{},vip_taker,,,1218.0,,,,,,,-0.056744716173563,,0.3529283446782362,,0.4663382594417077,,-0.2809315736458049,,0.1710332671640769,,,7.0,0.0227764819923517,,,,,,,,,,,csv,2026-09-27T10:03:01+00:00
004,combo_trend_pullback,,,15,full,{},half_fill*,,,1335.0,,,,,,,-0.0174092443501708,,0.2767119618103706,,0.4921348314606741,,-0.124752666401337,,0.1866700321719488,,,7.0,0.0227626196488324,,,,,,,,,,,csv,2026-09-27T10:03:01+00:00
004,donchian_breakout,,,30,full,{},taker (real),,,1398.0,,,,,,,-0.241325245143598,,0.8373734845474726,,0.5185979971387696,,-0.8271208684606198,,0.0282524064171123,,,1.0,0.0062704072125687,,,,,,,,,,,csv,2026-09-27T10:03:01+00:00
004,donchian_breakout,,,30,full,{},vip_taker,,,1671.0,,,,,,,-0.1946863051838154,,0.8031490869148293,,0.5164572112507481,,-0.7933952541308579,,0.0356877005347593,,,1.0,0.0065165519408156,,,,,,,,,,,csv,2026-09-27T10:03:01+00:00
004,donchian_breakout,,,30,full,{},half_fill*,,,2793.0,,,,,,,-0.1032579011751349,,0.7327931992343119,,0.5098460436806301,,-0.6854326014006289,,0.061655614973262,,,1.0,0.006323599371105,,,,,,,,,,,csv,2026-09-27T10:03:01+00:00
004,donchian_breakout,,,30,full,{},taker (real),,,1464.0,,,,,,,-0.1350506370818807,,0.6820506124498072,,0.519808743169399,,-0.6792921199200845,,0.070151871657754,,,1.5,0.0093918499887484,,,,,,,,,,,csv,2026-09-27T10:03:01+00:00
004,donchian_breakout,,,30,full,{},vip_taker,,,1877.0,,,,,,,-0.0879015489171744,,0.609499301047457,,0.5189131592967501,,-0.5863112093513786,,0.0910887700534759,,,1.5,0.0094204393027556,,,,,,,,,,,csv,2026-09-27T10:03:01+00:00
004,donchian_breakout,,,30,full,{},half_fill*,,,2706.0,,,,,,,-0.0316735227314619,,0.4868476446656531,,0.5110864745011087,,-0.3812478827673076,,0.1356663101604278,,,1.5,0.0090408545752073,,,,,,,,,,,csv,2026-09-27T10:03:01+00:00
004,donchian_breakout,,,30,full,{},taker (real),,,1500.0,,,,,,,-0.0803749533439786,,0.6355984933966372,,0.5046666666666667,,-0.562681736613663,,0.1282053475935828,,,1.8,0.0116668457299092,,,,,,,,,,,csv,2026-09-27T10:03:01+00:00
004,donchian_breakout,,,30,full,{},vip_taker,,,1707.0,,,,,,,-0.0647095603715526,,0.6202215877291974,,0.5026362038664324,,-0.5239827438461109,,0.1460021390374331,,,1.8,0.0115811523378277,,,,,,,,,,,csv,2026-09-27T10:03:01+00:00
004,donchian_breakout,,,30,full,{},half_fill*,,,2362.0,,,,,,,-0.0107387628891904,,0.5366577317053024,,0.5033869602032176,,-0.2556043232529932,,0.2050139037433155,,,1.8,0.0109157087306732,,,,,,,,,,,csv,2026-09-27T10:03:01+00:00
004,donchian_breakout,,,30,full,{},taker (real),,,1151.0,,,,,,,-0.0489302789341055,,0.4703366525553453,,0.5030408340573415,,-0.374949214406024,,0.1654930481283422,,,2.5,0.0153568823462845,,,,,,,,,,,csv,2026-09-27T10:03:01+00:00
004,donchian_breakout,,,30,full,{},vip_taker,,,1350.0,,,,,,,-0.0199601423460119,,0.4341232713983638,,0.5066666666666667,,-0.2339079879526405,,0.1948406417112299,,,2.5,0.0153680713128278,,,,,,,,,,,csv,2026-09-27T10:03:01+00:00
004,donchian_breakout,,,30,full,{},half_fill*,,,1482.0,,,,,,,-0.01134867438108,,0.440033927740877,,0.4973009446693657,,-0.1890446894930383,,0.2144770053475936,,,2.5,0.0153373364182126,,,,,,,,,,,csv,2026-09-27T10:03:01+00:00
004,donchian_breakout,,,30,full,{},taker (real),,,890.0,,,,,,,-0.0295542212376437,,0.4050022561687575,,0.503370786516854,,-0.2159651252341623,,0.1864213903743315,,,3.5,0.021037259574318,,,,,,,,,,,csv,2026-09-27T10:03:01+00:00
004,donchian_breakout,,,30,full,{},vip_taker,,,947.0,,,,,,,-0.0105226909746584,,0.3689210959923401,,0.5058078141499472,,-0.1190219433058312,,0.1975786096256684,,,3.5,0.0206231869851274,,,,,,,,,,,csv,2026-09-27T10:03:01+00:00
004,donchian_breakout,,,30,full,{},half_fill*,,,1101.0,,,,,,,0.0213804195274585,,0.2789733216058433,,0.5068119891008175,,0.0937438030338464,,0.233214973262032,,,3.5,0.0200175228116428,,,,,,,,,,,csv,2026-09-27T10:03:01+00:00
004,donchian_breakout,,,30,full,{},taker (real),,,639.0,,,,,,,0.0315679143457278,,0.1187027663317162,,0.5023474178403756,,0.1332950970276436,,0.1809882352941176,,,5.0,0.027414322290225,,,,,,,,,,,csv,2026-09-27T10:03:01+00:00
004,donchian_breakout,,,30,full,{},vip_taker,,,648.0,,,,,,,0.0381691699630139,,0.1115798222716339,,0.5092592592592593,,0.1730016330312336,,0.1838716577540107,,,5.0,0.0273615242406043,,,,,,,,,,,csv,2026-09-27T10:03:01+00:00
004,donchian_breakout,,,30,full,{},half_fill*,,,660.0,,,,,,,0.0418164174012413,,0.1222731950879439,,0.503030303030303,,0.1974774721140533,,0.1877133689839572,,,5.0,0.0273468175293685,,,,,,,,,,,csv,2026-09-27T10:03:01+00:00
004,donchian_breakout,,,30,full,{},taker (real),,,379.0,,,,,,,0.0121239172156904,,0.0944262000311326,,0.4881266490765171,,0.0270122016754517,,0.1272898395721925,,,7.0,0.0364151986525594,,,,,,,,,,,csv,2026-09-27T10:03:01+00:00
004,donchian_breakout,,,30,full,{},vip_taker,,,396.0,,,,,,,0.0296466036415106,,0.0961651733904153,,0.5,,0.089648927577679,,0.1330139037433155,,,7.0,0.0365245055436665,,,,,,,,,,,csv,2026-09-27T10:03:01+00:00
004,donchian_breakout,,,30,full,{},half_fill*,,,411.0,,,,,,,0.0517305460205464,,0.091954303923716,,0.5036496350364964,,0.1753436778509647,,0.1375914438502674,,,7.0,0.0367752703638973,,,,,,,,,,,csv,2026-09-27T10:03:01+00:00
004,combo_vol_flow,,,15,full,{},taker (real),,,570.0,,,,,,,-0.4547216689648027,,0.926020229905932,,0.4473684210526316,,-0.9251985635174204,,0.0057284892874255,,,1.0,0.0019516080139931,,,,,,,,,,,csv,2026-09-27T10:03:01+00:00
004,combo_vol_flow,,,15,full,{},vip_taker,,,657.0,,,,,,,-0.4144614254053021,,0.9208062704442812,,0.471841704718417,,-0.9196354698117856,,0.0070418919843931,,,1.0,0.0018615571099679,,,,,,,,,,,csv,2026-09-27T10:03:01+00:00
004,combo_vol_flow,,,15,full,{},half_fill*,,,996.0,,,,,,,-0.2209811607501134,,0.7962658241969021,,0.5230923694779116,,-0.787066002753487,,0.0107553562872202,,,1.0,0.0018797672415273,,,,,,,,,,,csv,2026-09-27T10:03:01+00:00
004,combo_vol_flow,,,15,full,{},taker (real),,,662.0,,,,,,,-0.3047453893767201,,0.8755182548175353,,0.513595166163142,,-0.8657987255207471,,0.0144388732972824,,,1.5,0.0026771520535526,,,,,,,,,,,csv,2026-09-27T10:03:01+00:00
004,combo_vol_flow,,,15,full,{},vip_taker,,,737.0,,,,,,,-0.2606167715019966,,0.8468882414183172,,0.5169606512890095,,-0.8302827738590215,,0.0161330344308303,,,1.5,0.0025989978446523,,,,,,,,,,,csv,2026-09-27T10:03:01+00:00
004,combo_vol_flow,,,15,full,{},half_fill*,,,914.0,,,,,,,-0.1135899815301701,,0.6522336469472338,,0.5284463894967177,,-0.5940376515942905,,0.0206336847149017,,,1.5,0.0028548772664465,,,,,,,,,,,csv,2026-09-27T10:03:01+00:00
004,combo_vol_flow,,,15,full,{},taker (real),,,679.0,,,,,,,-0.1998745098946411,,0.8053693809214484,,0.5360824742268041,,-0.7774035127396304,,0.0239835033198713,,,1.8,0.0030959714780418,,,,,,,,,,,csv,2026-09-27T10:03:01+00:00
004,combo_vol_flow,,,15,full,{},vip_taker,,,756.0,,,,,,,-0.1516681509762416,,0.7482291017858231,,0.5423280423280423,,-0.6973853518757462,,0.0264349031418988,,,1.8,0.0033209733515485,,,,,,,,,,,csv,2026-09-27T10:03:01+00:00
004,combo_vol_flow,,,15,full,{},half_fill*,,,810.0,,,,,,,-0.0424951532362211,,0.5147573557850944,,0.5432098765432098,,-0.336186046368135,,0.0288520774864809,,,1.8,0.0034845503659689,,,,,,,,,,,csv,2026-09-27T10:03:01+00:00
004,combo_vol_flow,,,15,full,{},taker (real),,,656.0,,,,,,,-0.1238405799727879,,0.6493886011955504,,0.538109756097561,,-0.5917594960288931,,0.0373186049695393,,,2.5,0.004563507106521,,,,,,,,,,,csv,2026-09-27T10:03:01+00:00
004,combo_vol_flow,,,15,full,{},vip_taker,,,697.0,,,,,,,-0.082683735396585,,0.5589977013391593,,0.5437589670014347,,-0.4707064998419776,,0.0395175918954069,,,2.5,0.0047778903589421,,,,,,,,,,,csv,2026-09-27T10:03:01+00:00
004,combo_vol_flow,,,15,full,{},half_fill*,,,724.0,,,,,,,0.0057104050698154,,0.2881607364787355,,0.5469613259668509,,-0.0235778600640174,,0.0417336915599972,,,2.5,0.0048802463872342,,,,,,,,,,,csv,2026-09-27T10:03:01+00:00
004,combo_vol_flow,,,15,full,{},taker (real),,,587.0,,,,,,,-0.081761697683326,,0.4919346216905454,,0.5127768313458262,,-0.3971096084405586,,0.0467905058525566,,,3.5,0.0063079342713575,,,,,,,,,,,csv,2026-09-27T10:03:01+00:00
004,combo_vol_flow,,,15,full,{},vip_taker,,,611.0,,,,,,,-0.0544620405735614,,0.4372282828410124,,0.5155482815057283,,-0.3013103060404793,,0.0483862687384489,,,3.5,0.0065154498848878,,,,,,,,,,,csv,2026-09-27T10:03:01+00:00
004,combo_vol_flow,,,15,full,{},half_fill*,,,643.0,,,,,,,0.002543494065889,,0.2693172631338878,,0.5318818040435459,,-0.0286054535516102,,0.0510045177630228,,,3.5,0.0067881364282498,,,,,,,,,,,csv,2026-09-27T10:03:01+00:00
004,combo_vol_flow,,,15,full,{},taker (real),,,472.0,,,,,,,-0.0777849383431912,,0.4228058121235595,,0.4936440677966102,,-0.3074437466806412,,0.0468161749606407,,,5.0,0.0086259018854498,,,,,,,,,,,csv,2026-09-27T10:03:01+00:00
004,combo_vol_flow,,,15,full,{},vip_taker,,,489.0,,,,,,,-0.0577208523883286,,0.3857458596277239,,0.4969325153374233,,-0.2448764465830843,,0.0487755835443904,,,5.0,0.0085990606942531,,,,,,,,,,,csv,2026-09-27T10:03:01+00:00
004,combo_vol_flow,,,15,full,{},half_fill*,,,549.0,,,,,,,0.0187945736476297,,0.2187394914861887,,0.5227686703096539,,0.0626595403118164,,0.0546923129577657,,,5.0,0.0090495504960005,,,,,,,,,,,csv,2026-09-27T10:03:01+00:00
004,combo_vol_flow,,,15,full,{},taker (real),,,403.0,,,,,,,-0.0370147621064313,,0.2367899524260277,,0.4913151364764268,,-0.1276174218424715,,0.0447455335751933,,,7.0,0.0113305375378014,,,,,,,,,,,csv,2026-09-27T10:03:01+00:00
004,combo_vol_flow,,,15,full,{},vip_taker,,,411.0,,,,,,,-0.0222879582258511,,0.2094331047025632,,0.4963503649635036,,-0.0839762385886565,,0.0458236361147238,,,7.0,0.0114384814591948,,,,,,,,,,,csv,2026-09-27T10:03:01+00:00
004,combo_vol_flow,,,15,full,{},half_fill*,,,436.0,,,,,,,0.0163636534301899,,0.1388746827128569,,0.5137614678899083,,0.0422531741076608,,0.048741358066945,,,7.0,0.0114846057875574,,,,,,,,,,,csv,2026-09-27T10:03:01+00:00
004b,combo_breakout_confirmed,,,30,train,{},,,,1039.0,,,,,,,-0.0898813307433998,,0.4732761036224181,,,,,,,,,1.5,,,,,,,,,,,,csv,2026-09-27T10:03:01+00:00
004b,combo_breakout_confirmed,,,30,train,{},,,,776.0,,,,,,,-0.0104017509819361,,0.2308955266540352,,,,,,,,,2.5,,,,,,,,,,,,csv,2026-09-27T10:03:01+00:00
004b,combo_breakout_confirmed,,,30,train,{},,,,591.0,,,,,,,0.0252438958637998,,0.163280079283145,,,,,,,,,3.5,,,,,,,,,,,,csv,2026-09-27T10:03:01+00:00
004b,combo_breakout_confirmed,,,30,train,{},,,,409.0,,,,,,,0.0396007457525653,,0.1412894234943735,,,,,,,,,5.0,,,,,,,,,,,,csv,2026-09-27T10:03:01+00:00
004b,combo_breakout_confirmed,,,30,train,{},,,,303.0,,,,,,,0.0703171119678428,,0.0977363178906194,,,,,,,,,7.0,,,,,,,,,,,,csv,2026-09-27T10:03:01+00:00
004b,combo_breakout_confirmed,,,30,train,{},,,,211.0,,,,,,,0.0577276303329325,,0.0696361096496193,,,,,,,,,9.0,,,,,,,,,,,,csv,2026-09-27T10:03:01+00:00
004b,combo_breakout_confirmed,,,15,train,{},,,,1308.0,,,,,,,-0.3383705590712858,,0.8775715795864326,,,,,,,,,1.5,,,,,,,,,,,,csv,2026-09-27T10:03:01+00:00
004b,combo_breakout_confirmed,,,15,train,{},,,,1541.0,,,,,,,-0.1527677719821881,,0.6877390722111556,,,,,,,,,2.5,,,,,,,,,,,,csv,2026-09-27T10:03:01+00:00
004b,combo_breakout_confirmed,,,15,train,{},,,,1207.0,,,,,,,-0.1181572671244133,,0.5920308689171239,,,,,,,,,3.5,,,,,,,,,,,,csv,2026-09-27T10:03:01+00:00
004b,combo_breakout_confirmed,,,15,train,{},,,,964.0,,,,,,,-0.0601077530940107,,0.3838201194405684,,,,,,,,,5.0,,,,,,,,,,,,csv,2026-09-27T10:03:01+00:00
004b,combo_breakout_confirmed,,,15,train,{},,,,742.0,,,,,,,-0.0330861655651592,,0.2111786387435186,,,,,,,,,7.0,,,,,,,,,,,,csv,2026-09-27T10:03:01+00:00
004b,combo_breakout_confirmed,,,15,train,{},,,,596.0,,,,,,,-0.016219568065277,,0.1782292355070432,,,,,,,,,9.0,,,,,,,,,,,,csv,2026-09-27T10:03:01+00:00
004b,combo_funding_reversion,,,30,train,{},,,,435.0,,,,,,,-0.0509422190245598,,0.2453200783961003,,,,,,,,,1.5,,,,,,,,,,,,csv,2026-09-27T10:03:01+00:00
004b,combo_funding_reversion,,,30,train,{},,,,191.0,,,,,,,-0.0073653327476271,,0.128380547873233,,,,,,,,,2.5,,,,,,,,,,,,csv,2026-09-27T10:03:01+00:00
004b,combo_funding_reversion,,,30,train,{},,,,100.0,,,,,,,-0.0175592841085007,,0.0861954618033443,,,,,,,,,3.5,,,,,,,,,,,,csv,2026-09-27T10:03:01+00:00
004b,combo_funding_reversion,,,30,train,{},,,,76.0,,,,,,,0.0315906531904722,,0.0521235965853682,,,,,,,,,5.0,,,,,,,,,,,,csv,2026-09-27T10:03:01+00:00
004b,combo_funding_reversion,,,30,train,{},,,,49.0,,,,,,,0.0185253122137644,,0.027380159561387,,,,,,,,,7.0,,,,,,,,,,,,csv,2026-09-27T10:03:01+00:00
004b,combo_funding_reversion,,,30,train,{},,,,43.0,,,,,,,-0.004905821144217,,0.0228923997285372,,,,,,,,,9.0,,,,,,,,,,,,csv,2026-09-27T10:03:01+00:00
004b,combo_funding_reversion,,,15,train,{},,,,744.0,,,,,,,-0.0751714478306135,,0.3878693814595221,,,,,,,,,1.5,,,,,,,,,,,,csv,2026-09-27T10:03:01+00:00
004b,combo_funding_reversion,,,15,train,{},,,,420.0,,,,,,,-0.0232556671813929,,0.2045019493779505,,,,,,,,,2.5,,,,,,,,,,,,csv,2026-09-27T10:03:01+00:00
004b,combo_funding_reversion,,,15,train,{},,,,254.0,,,,,,,-0.0303355432641771,,0.1450547906490507,,,,,,,,,3.5,,,,,,,,,,,,csv,2026-09-27T10:03:01+00:00
004b,combo_funding_reversion,,,15,train,{},,,,151.0,,,,,,,-0.036326277110962,,0.1135113125644732,,,,,,,,,5.0,,,,,,,,,,,,csv,2026-09-27T10:03:01+00:00
004b,combo_funding_reversion,,,15,train,{},,,,123.0,,,,,,,-0.0286292675262903,,0.081006994371559,,,,,,,,,7.0,,,,,,,,,,,,csv,2026-09-27T10:03:01+00:00
004b,combo_funding_reversion,,,15,train,{},,,,105.0,,,,,,,-0.008108636381372,,0.0550172222766855,,,,,,,,,9.0,,,,,,,,,,,,csv,2026-09-27T10:03:01+00:00
004b,supertrend_flip,,,30,train,{},,,,1292.0,,,,,,,-0.1569880870366692,,0.6612789870541245,,,,,,,,,1.5,,,,,,,,,,,,csv,2026-09-27T10:03:01+00:00
004b,supertrend_flip,,,30,train,{},,,,1139.0,,,,,,,-0.0599941799297011,,0.4744649982486699,,,,,,,,,2.5,,,,,,,,,,,,csv,2026-09-27T10:03:01+00:00
004b,supertrend_flip,,,30,train,{},,,,893.0,,,,,,,-0.0151745651497177,,0.3692280299899731,,,,,,,,,3.5,,,,,,,,,,,,csv,2026-09-27T10:03:01+00:00
004b,supertrend_flip,,,30,train,{},,,,620.0,,,,,,,0.0253576499828396,,0.1752476140875241,,,,,,,,,5.0,,,,,,,,,,,,csv,2026-09-27T10:03:01+00:00
004b,supertrend_flip,,,30,train,{},,,,479.0,,,,,,,0.0268513061490883,,0.1783437965276149,,,,,,,,,7.0,,,,,,,,,,,,csv,2026-09-27T10:03:01+00:00
004b,supertrend_flip,,,30,train,{},,,,377.0,,,,,,,0.0174773541345986,,0.1418817905725363,,,,,,,,,9.0,,,,,,,,,,,,csv,2026-09-27T10:03:01+00:00
004b,donchian_breakout,,,30,train,{},,,,1385.0,,,,,,,-0.1536859963840045,,0.6511530769744054,,,,,,,,,1.5,,,,,,,,,,,,csv,2026-09-27T10:03:01+00:00
004b,donchian_breakout,,,30,train,{},,,,1102.0,,,,,,,-0.070783251241323,,0.4626526530514907,,,,,,,,,2.5,,,,,,,,,,,,csv,2026-09-27T10:03:01+00:00
004b,donchian_breakout,,,30,train,{},,,,875.0,,,,,,,-0.0295331247095608,,0.3549285882974287,,,,,,,,,3.5,,,,,,,,,,,,csv,2026-09-27T10:03:01+00:00
004b,donchian_breakout,,,30,train,{},,,,582.0,,,,,,,0.0266287229570138,,0.1112710816680184,,,,,,,,,5.0,,,,,,,,,,,,csv,2026-09-27T10:03:01+00:00
004b,donchian_breakout,,,30,train,{},,,,409.0,,,,,,,0.0487828430954413,,0.1000047133683834,,,,,,,,,7.0,,,,,,,,,,,,csv,2026-09-27T10:03:01+00:00
004b,donchian_breakout,,,30,train,{},,,,271.0,,,,,,,0.033051507814114,,0.0781210388165073,,,,,,,,,9.0,,,,,,,,,,,,csv,2026-09-27T10:03:01+00:00
004b,combo_trend_pullback,,,30,train,{},,,,1247.0,,,,,,,-0.2643760367382506,,0.8313061242470209,,,,,,,,,1.5,,,,,,,,,,,,csv,2026-09-27T10:03:01+00:00
004b,combo_trend_pullback,,,30,train,{},,,,908.0,,,,,,,-0.1565874973265586,,0.5896596313830618,,,,,,,,,2.5,,,,,,,,,,,,csv,2026-09-27T10:03:01+00:00
004b,combo_trend_pullback,,,30,train,{},,,,762.0,,,,,,,-0.0525989682492969,,0.316913417574494,,,,,,,,,3.5,,,,,,,,,,,,csv,2026-09-27T10:03:01+00:00
004b,combo_trend_pullback,,,30,train,{},,,,563.0,,,,,,,-0.0708038244780388,,0.2500634340987862,,,,,,,,,5.0,,,,,,,,,,,,csv,2026-09-27T10:03:01+00:00
004b,combo_trend_pullback,,,30,train,{},,,,472.0,,,,,,,-0.0244279237747005,,0.1319224932429096,,,,,,,,,7.0,,,,,,,,,,,,csv,2026-09-27T10:03:01+00:00
004b,combo_trend_pullback,,,30,train,{},,,,386.0,,,,,,,0.0268145707927697,,0.077610566572791,,,,,,,,,9.0,,,,,,,,,,,,csv,2026-09-27T10:03:01+00:00
004b,combo_vol_flow,,,15,train,{},,,,433.0,,,,,,,-0.2837133290155819,,0.7288185390574694,,,,,,,,,1.5,,,,,,,,,,,,csv,2026-09-27T10:03:01+00:00
004b,combo_vol_flow,,,15,train,{},,,,371.0,,,,,,,-0.1357901302059516,,0.486073655343451,,,,,,,,,2.5,,,,,,,,,,,,csv,2026-09-27T10:03:01+00:00
004b,combo_vol_flow,,,15,train,{},,,,328.0,,,,,,,-0.0720699369583047,,0.3473442545748767,,,,,,,,,3.5,,,,,,,,,,,,csv,2026-09-27T10:03:01+00:00
004b,combo_vol_flow,,,15,train,{},,,,297.0,,,,,,,-0.0588450629670936,,0.2609276878573474,,,,,,,,,5.0,,,,,,,,,,,,csv,2026-09-27T10:03:01+00:00
004b,combo_vol_flow,,,15,train,{},,,,279.0,,,,,,,-0.0262301221019199,,0.1784638996308494,,,,,,,,,7.0,,,,,,,,,,,,csv,2026-09-27T10:03:01+00:00
004b,combo_vol_flow,,,15,train,{},,,,269.0,,,,,,,-0.0432750834008307,,0.163708720186917,,,,,,,,,9.0,,,,,,,,,,,,csv,2026-09-27T10:03:01+00:00
004b,combo_breakout_confirmed,,,30,test,{},,,,3.0,0.3373760244855661,0.0885255075123891,0.2488505169731768,,,,0.031864775165952,0.0039609848242319,0.0130782010404258,0.0029790659934065,0.6666666666666666,2.129577284280816,0.0079639108890978,,0.0023101110136681,0.0018041034843435,,7.0,,,,,,,,,36.0,,,csv,2026-09-27T10:03:01+00:00
004b,combo_breakout_confirmed,,,15,test,{},,,,36.0,0.2615045691945167,0.1254938741263721,0.1360106950681446,,,,0.0547192999413715,0.0106335287487308,0.0310166188232734,0.0139881297407868,0.5555555555555556,1.4968155946430517,0.037737846631705,,0.0149731018919583,0.0260162708690073,,9.0,,,,,,,,,38.888888888888886,,,csv,2026-09-27T10:03:01+00:00
004b,combo_funding_reversion,,,30,test,{},,,,114.0,0.2647383922606922,0.1695836467128764,0.0951547455478157,,,,0.0754189906023919,0.0129186886087454,0.0778794218592342,0.0415705981710095,0.5964912280701754,1.2796621203153322,0.1147305375692808,,0.0143312442514598,0.1192575340685031,,1.5,,,,,,,,,5.87719298245614,,,csv,2026-09-27T10:03:01+00:00
004b,combo_funding_reversion,,,15,test,{},,,,87.0,0.3133593936902142,0.1507227775873501,0.1626366161028641,,,,0.0908926439533706,0.0134380187030475,0.0550772295384736,0.0476820030220015,0.6091954022988506,1.5070064992938308,0.13225771843187,,0.0116041539662677,0.0795286333656271,,2.5,,,,,,,,,12.471264367816092,,,csv,2026-09-27T10:03:01+00:00
004b,supertrend_flip,,,30,test,{},,,,28.0,0.0757724400604474,0.1302329089367234,-0.054460468876276,,,,-0.0036537725622023,-0.0006573429666758,0.0470262171529325,-0.0016776371806848,0.4642857142857143,0.9517146367121548,-0.0044674471104774,,0.0182242091078265,0.0207855214629657,,7.0,,,,,,,,,30.428571428571427,,,csv,2026-09-27T10:03:01+00:00
004b,donchian_breakout,,,30,test,{},,,,3.0,-0.1728180027779008,0.0838743919500384,-0.2566923947279392,,,,-0.0519292958853251,-0.004551605333773,0.0118821502134485,-0.0026753234539492,0.0,0.0,-0.0071183001005999,,0.0030801480182242,0.00158449349,,7.0,,,,,,,,,48.0,,,csv,2026-09-27T10:03:01+00:00
004b,combo_trend_pullback,,,30,test,{},,,,0.0,0.0,0.0,0.0,,,,0.0,0.0,0.0,0.0,0.0,0.0,0.0,,0.0,0.0,,9.0,,,,,,,,,0.0,,,csv,2026-09-27T10:03:01+00:00
004b,combo_vol_flow,,,15,test,{},,,,147.0,0.1463697919853429,0.1840351385934951,-0.0376653466081521,,,,-0.0261324998560972,-0.0071331404863961,0.0982613882019107,-0.0128709963551663,0.5034013605442177,0.8792731175961112,-0.0339555720457029,,0.0425556945915016,0.1470961629558709,,7.0,,,,,,,,,27.068027210884352,,,csv,2026-09-27T10:03:01+00:00
006,ml_candidate_pool,reg,0.0,15,oos,"{""stop_scale"": 1.0}",,,3935.0,396.0,-0.0076323991491648,0.091285507916972,-0.0989179070661369,,,,-0.2690696915777614,-0.2445317037984191,0.292631839113596,-0.4728420888028253,0.4747474747474747,0.8046512855192384,-0.2718591740597389,,0.6201577159960859,0.1823685660256441,,,,,,,,,,1.0,27.207070707070702,,,csv,2026-09-27T10:03:01+00:00
006,ml_candidate_pool,reg,0.05,15,oos,"{""stop_scale"": 1.0}",,,3042.0,350.0,0.015281431564997,0.0927653827525423,-0.0774839511875452,,,,-0.2183004981948921,-0.1873826670664033,0.2780450525575482,-0.3718472306568151,0.4828571428571429,0.8377003657409827,-0.2057873364346596,,0.5468255338744028,0.1743802794541518,,,,,,,,,,1.0,27.142857142857142,,,csv,2026-09-27T10:03:01+00:00
006,ml_candidate_pool,reg,0.1,15,oos,"{""stop_scale"": 1.0}",,,2262.0,294.0,0.0398512168255696,0.0932308286750237,-0.0533796118494541,,,,-0.0540487988730165,-0.0479427472705347,0.2091911001256508,-0.121825629602034,0.4829931972789115,0.942645189442134,-0.0623451643813947,,0.4869049674782709,0.1621013393675475,,,,,,,,,,1.0,28.772108843537413,,,csv,2026-09-27T10:03:01+00:00
006,ml_candidate_pool,reg,0.2,15,oos,"{""stop_scale"": 1.0}",,,1159.0,180.0,-0.0268609780893768,0.1057668012500355,-0.1326277793394124,,,,-0.2404724728370385,-0.1517441109881485,0.2216360181611802,-0.3167090630103676,0.4555555555555555,0.7562798105827254,-0.1719751173758493,,0.3000057560582513,0.1036258489070508,,,,,,,,,,1.0,28.95555555555556,,,csv,2026-09-27T10:03:01+00:00
006,ml_candidate_pool,clf,0.0,15,oos,"{""stop_scale"": 1.0}",,,4828.0,433.0,-0.0152014648030849,0.0939614945439328,-0.1091629593470177,,,,-0.3102923623361117,-0.2978144643897029,0.3201245868623654,-0.5242475056694582,0.4757505773672055,0.7885928410203498,-0.3079538261911863,,0.663213031715881,0.1943250063395386,,,,,,,,,,1.0,26.60969976905312,,,csv,2026-09-27T10:03:01+00:00
006,ml_candidate_pool,clf,0.05,15,oos,"{""stop_scale"": 1.0}",,,3173.0,359.0,-0.018717977982177,0.0954175605790853,-0.1141355385612623,,,,-0.2911911893355963,-0.2558983860499738,0.2863261465337322,-0.4582684108172964,0.4651810584958217,0.7881417839623548,-0.2619529156429775,,0.557877165716917,0.1699581949719632,,,,,,,,,,1.0,26.997214484679667,,,csv,2026-09-27T10:03:01+00:00
006,ml_candidate_pool,clf,0.1,15,oos,"{""stop_scale"": 1.0}",,,1817.0,241.0,-7.8989780261942e-05,0.1018655122174051,-0.101944501997667,,,,-0.2855376147374632,-0.2091601567849515,0.2309417173664516,-0.3854184451149535,0.4730290456431535,0.7543929896312275,-0.2143368176101041,,0.4066655154550164,0.124671255005045,,,,,,,,,,1.0,29.315352697095435,,,csv,2026-09-27T10:03:01+00:00
006,ml_candidate_pool,clf,0.2,15,oos,"{""stop_scale"": 1.0}",,,403.0,83.0,0.1345857729327768,0.1243434956624074,0.0102422772703694,,,,0.0265799350416765,0.0118710493367831,0.0934784416646178,0.0188902246018405,0.5542168674698795,1.0306126734034344,0.0093163469091348,,0.1415414723997007,0.0623049610178966,,,,,,,,,,1.0,29.626506024096383,,,csv,2026-09-27T10:03:01+00:00
006,ml_candidate_pool,rules,,15,oos,"{""stop_scale"": 1.0}",,,7947.0,528.0,-0.0250098112127595,0.0927191377632891,-0.1177289489760487,,,,-0.3257367151683119,-0.346586335938595,0.3705504542072285,-0.5879111535196534,0.4564393939393939,0.7977186721593783,-0.3555053466936324,,0.8008979450872042,0.232723662723277,,,,,,,,,,1.0,26.352272727272727,,,csv,2026-09-27T10:03:01+00:00
006,ml_candidate_pool,reg,0.0,15,oos,"{""stop_scale"": 1.0}",,,3084.0,348.0,-0.0554875075044115,0.1172367095770875,-0.172724217081499,,,,-0.4567811593636547,-0.413494179765741,0.4319751833566283,-0.6603762932856796,0.4425287356321839,0.6644553203688126,-0.4195740841082838,,0.6186594202898551,0.1939228511529999,,,,,,,,,,1.0,31.402298850574716,,,csv,2026-09-27T10:03:01+00:00
006,ml_candidate_pool,reg,0.05,15,oos,"{""stop_scale"": 1.0}",,,2375.0,300.0,-0.0417554805576237,0.1165457944237626,-0.1583012749813863,,,,-0.3544096634462972,-0.3001082278191638,0.3783830265358708,-0.5485189986115485,0.45,0.7114694157008626,-0.3300699416723458,,0.5224184782608695,0.1791259892544218,,,,,,,,,,1.0,30.76,,,csv,2026-09-27T10:03:01+00:00
006,ml_candidate_pool,reg,0.1,15,oos,"{""stop_scale"": 1.0}",,,1702.0,248.0,-0.0472279018072747,0.1187587620778286,-0.1659866638851034,,,,-0.3704956115945559,-0.2798499294396236,0.3720731770430876,-0.5358329210189701,0.439516129032258,0.6685708978421775,-0.3206526991091959,,0.445708786231884,0.1511455366974949,,,,,,,,,,1.0,31.745967741935484,,,csv,2026-09-27T10:03:01+00:00
006,ml_candidate_pool,reg,0.2,15,oos,"{""stop_scale"": 1.0}",,,784.0,139.0,-0.0593815327439947,0.1187476228088558,-0.1781291555528505,,,,-0.2917936778838987,-0.1584439350270164,0.2819893104731921,-0.3707155138733115,0.4172661870503597,0.6434030532200703,-0.2080969786893262,,0.2575294384057971,0.0945953148242368,,,,,,,,,,1.0,32.726618705035975,,,csv,2026-09-27T10:03:01+00:00
006,ml_candidate_pool,clf,0.0,15,oos,"{""stop_scale"": 1.0}",,,4561.0,446.0,0.00347521761229,0.1343189099392621,-0.1308436923269721,,,,-0.3934476265421217,-0.3886904193861368,0.4496632469846384,-0.65510949115602,0.4798206278026906,0.7525212570521205,-0.4150572172768196,,0.748245018115942,0.3083365039893347,,,,,,,,,,1.0,29.634529147982065,,,csv,2026-09-27T10:03:01+00:00
006,ml_candidate_pool,clf,0.05,15,oos,"{""stop_scale"": 1.0}",,,3006.0,341.0,-0.0635493106537846,0.1382023184284087,-0.2017516290821933,,,,-0.5261707463319567,-0.4487617771781478,0.4827627589059389,-0.7135879281437032,0.4281524926686217,0.6439557634298463,-0.4673192958754034,,0.5905797101449275,0.2261317022348159,,,,,,,,,,1.0,30.59237536656892,,,csv,2026-09-27T10:03:01+00:00
006,ml_candidate_pool,clf,0.1,15,oos,"{""stop_scale"": 1.0}",,,1705.0,231.0,-0.0331521856912598,0.1431569316203628,-0.1763091173116226,,,,-0.382578424795461,-0.2804906917550487,0.37259400573017,-0.5379459175748722,0.4545454545454545,0.67781505271178,-0.3222122901007358,,0.4047780797101449,0.1829587457435923,,,,,,,,,,1.0,30.952380952380956,,,csv,2026-09-27T10:03:01+00:00
006,ml_candidate_pool,clf,0.2,15,oos,"{""stop_scale"": 1.0}",,,261.0,54.0,0.1017147349676428,0.1604979664881385,-0.0587832315204956,,,,-0.052434423403594,-0.0191157199174069,0.0807193619572292,-0.0548548241274265,0.5,0.8795834415543095,-0.0280191179497176,,0.0930140398550724,0.0563584896963864,,,,,,,,,,1.0,30.425925925925927,,,csv,2026-09-27T10:03:01+00:00
006,ml_candidate_pool,rules,,15,oos,"{""stop_scale"": 1.0}",,,8043.0,588.0,0.0198923112107659,0.1281642429265908,-0.1082719317158248,,,,-0.3761428198897449,-0.4315656729076271,0.4730654999855961,-0.6895811436612689,0.4863945578231292,0.787691427377221,-0.4452772818549955,,0.9522192028985508,0.3825956356913108,,,,,,,,,,1.0,28.60544217687075,,,csv,2026-09-27T10:03:01+00:00
006,ml_candidate_pool,reg,0.0,15,oos,"{""stop_scale"": 1.0}",,,1240.0,223.0,0.0258834837333094,0.1227880278141075,-0.0969045440807981,,,,-0.1694585870738247,-0.1180307180074339,0.2384875580121878,-0.3035196886424274,0.4753363228699551,0.8032537009869687,-0.1640933084296965,,0.3938190607734806,0.1505737270430711,,,,,,,,,,1.0,30.68609865470852,,,csv,2026-09-27T10:03:01+00:00
006,ml_candidate_pool,reg,0.05,15,oos,"{""stop_scale"": 1.0}",,,850.0,167.0,-0.0545668208656319,0.124560279142022,-0.1791271000076539,,,,-0.3035114804994935,-0.1783959593494463,0.2672856690483444,-0.3995705363375357,0.4251497005988024,0.6499777502542018,-0.2233543036322035,,0.3024861878453038,0.106821265696898,,,,,,,,,,1.0,31.473053892215567,,,csv,2026-09-27T10:03:01+00:00
006,ml_candidate_pool,reg,0.1,15,oos,"{""stop_scale"": 1.0}",,,564.0,110.0,0.0105298099606659,0.1278690755913824,-0.1173392656307165,,,,-0.1660597880948011,-0.0814654361323631,0.1715715038946765,-0.2199396605356799,0.4636363636363636,0.7337119903192761,-0.1158069483477214,,0.214548802946593,0.0803608419397895,,,,,,,,,,1.0,33.89090909090909,,,csv,2026-09-27T10:03:01+00:00
006,ml_candidate_pool,reg,0.2,15,oos,"{""stop_scale"": 1.0}",,,198.0,42.0,-0.0248710486852906,0.1226494567235771,-0.1475205054088677,,,,-0.1261642217562323,-0.0381232172733926,0.0963266097821767,-0.1174353478852394,0.4761904761904761,0.6739052094508582,-0.0600252532254778,,0.0797076427255985,0.0298972523095481,,,,,,,,,,1.0,32.976190476190474,,,csv,2026-09-27T10:03:01+00:00
006,ml_candidate_pool,clf,0.0,15,oos,"{""stop_scale"": 1.0}",,,1451.0,233.0,0.0146708671854777,0.1379956710491822,-0.1233248038637045,,,,-0.2403408854554235,-0.1742115386638608,0.2753205501980456,-0.3936221232545972,0.4806866952789699,0.750440953973737,-0.2195511473638762,,0.4078614180478821,0.1779784799741719,,,,,,,,,,1.0,30.416309012875537,,,csv,2026-09-27T10:03:01+00:00
006,ml_candidate_pool,clf,0.05,15,oos,"{""stop_scale"": 1.0}",,,758.0,144.0,0.0327410240486923,0.1526825234140602,-0.1199414993653678,,,,-0.1956255267655604,-0.1109392268477541,0.2081617461416822,-0.2867342721840823,0.4791666666666667,0.739396204373973,-0.1541706530316718,,0.2589203499079189,0.1313702935166183,,,,,,,,,,1.0,31.24305555555556,,,csv,2026-09-27T10:03:01+00:00
006,ml_candidate_pool,clf,0.1,15,oos,"{""stop_scale"": 1.0}",,,346.0,77.0,0.0453687861007579,0.1894304320666493,-0.1440616459658914,,,,-0.1829160303498218,-0.0669346609611047,0.1492157374606931,-0.2098238785507278,0.4805194805194805,0.6835320580593647,-0.1101436688377179,,0.1167127071823204,0.0890511741628302,,,,,,,,,,1.0,26.337662337662337,,,csv,2026-09-27T10:03:01+00:00
006,ml_candidate_pool,clf,0.2,15,oos,"{""stop_scale"": 1.0}",,,44.0,14.0,0.3529769908579446,0.221543404832587,0.1314335860253577,,,,0.0632975307156001,0.0110773979648391,0.0323905366075377,0.0342538466966853,0.6428571428571429,1.4048859820295356,0.0168293633053466,,0.0231929097605893,0.0207754092832619,,,,,,,,,,1.0,28.785714285714285,,,csv,2026-09-27T10:03:01+00:00
006,ml_candidate_pool,rules,,15,oos,"{""stop_scale"": 1.0}",,,7927.0,665.0,0.0862852940759199,0.1401535441532652,-0.0538682500773452,,,,-0.1818654343885413,-0.2142134000000038,0.384813604898755,-0.4624317460508045,0.5097744360902255,0.8878853902115127,-0.2647690214683921,,0.952232965009208,0.5346880458748358,,,,,,,,,,1.0,24.8812030075188,,,csv,2026-09-27T10:03:01+00:00
006,ml_candidate_pool,reg,0.0,15,oos,"{""stop_scale"": 1.0}",,,1131.0,210.0,0.0061025503637291,0.2185080104873677,-0.2124054601236385,,,,-0.4003822766671252,-0.2616148323406736,0.3417270256960392,-0.5450857867951019,0.4619047619047619,0.5716976870892941,-0.3275085472551821,,0.3388832257333786,0.226710578052194,,,,,,,,,,1.0,28.495238095238093,,,csv,2026-09-27T10:03:01+00:00
006,ml_candidate_pool,reg,0.05,15,oos,"{""stop_scale"": 1.0}",,,711.0,160.0,-0.0293250574504611,0.2093704113772785,-0.2386954688277397,,,,-0.4086589869995213,-0.2411641629043472,0.3206880658428523,-0.4972021795039163,0.44375,0.525027947262833,-0.2927367517377888,,0.2664514667572771,0.170217464615881,,,,,,,,,,1.0,29.40625,,,csv,2026-09-27T10:03:01+00:00
006,ml_candidate_pool,reg,0.1,15,oos,"{""stop_scale"": 1.0}",,,419.0,111.0,-0.0392059126679021,0.2187218759808212,-0.2579277886487234,,,,-0.3685629711796212,-0.1754567723213598,0.2532348885030722,-0.4086961740053516,0.4594594594594595,0.4969901192410919,-0.232545170417342,,0.1934533922301506,0.1322419334233725,,,,,,,,,,1.0,30.774774774774773,,,csv,2026-09-27T10:03:01+00:00
006,ml_candidate_pool,reg,0.2,15,oos,"{""stop_scale"": 1.0}",,,146.0,40.0,-0.1224455860962315,0.1914690892172053,-0.3139146753134369,,,,-0.2537147754757547,-0.0821208922983806,0.1300474676312206,-0.1955777855841022,0.425,0.4406402953541874,-0.103833070096436,,0.0848340695435496,0.0458948826425873,,,,,,,,,,1.0,37.45,,,csv,2026-09-27T10:03:01+00:00
006,ml_candidate_pool,clf,0.0,15,oos,"{""stop_scale"": 1.0}",,,2217.0,354.0,0.0566077315179559,0.2348059404570592,-0.1781982089391032,,,,-0.455764513074734,-0.3961642219910385,0.4552381264781183,-0.673917395723181,0.480225988700565,0.6327737754006948,-0.4313492778333063,,0.5026050515347151,0.3887773293561185,,,,,,,,,,1.0,25.070621468926557,,,csv,2026-09-27T10:03:01+00:00
006,ml_candidate_pool,clf,0.05,15,oos,"{""stop_scale"": 1.0}",,,1203.0,253.0,0.0455799883603095,0.254333995473853,-0.2087540071135435,,,,-0.4604362501289255,-0.3251858371153013,0.3939703672812636,-0.6156970428198916,0.4703557312252964,0.5820350511854502,-0.38228920138252,,0.3551931136028995,0.3182794187777663,,,,,,,,,,1.0,24.79051383399209,,,csv,2026-09-27T10:03:01+00:00
006,ml_candidate_pool,clf,0.1,15,oos,"{""stop_scale"": 1.0}",,,589.0,142.0,-0.0072804616745275,0.3104666535738146,-0.3177471152483421,,,,-0.5239761349064487,-0.2575240714852178,0.3520821333407005,-0.5647704006860066,0.4366197183098591,0.4450680193678476,-0.3423278454088279,,0.2009853890587835,0.231171186238767,,,,,,,,,,1.0,24.992957746478872,,,csv,2026-09-27T10:03:01+00:00
006,ml_candidate_pool,clf,0.2,15,oos,"{""stop_scale"": 1.0}",,,71.0,28.0,-0.2227573095547075,0.5204342542809087,-0.7431915638356165,,,,-0.4409461551700968,-0.0831602853197048,0.1698194574698245,-0.306005254731331,0.2857142857142857,0.1884197265472238,-0.1680726662196383,,0.0342620908370143,0.0900094647492836,,,,,,,,,,1.0,21.607142857142858,,,csv,2026-09-27T10:03:01+00:00
006,ml_candidate_pool,rules,,15,oos,"{""stop_scale"": 1.0}",,,8396.0,555.0,0.0413197346305534,0.218604679331023,-0.1772849447004696,,,,-0.5899771431704,-0.6364166670653634,0.6011237248191184,-0.8270677538247355,0.4702702702702703,0.6286380808568817,-0.5868662487414686,,0.8318042813455657,0.479462830098658,,,,,,,,,,1.0,26.464864864864865,,,csv,2026-09-27T10:03:01+00:00
006,ml_candidate_pool,reg,0.0,15,oos,"{""stop_scale"": 1.0}",,,1120.0,158.0,0.1273455912627818,0.1275000546788489,-0.000154463416067,,,,-0.0160008760724796,-0.0100082104383342,0.1712884326386621,-0.0414302848967703,0.5253164556962026,0.9635269867518764,-0.0208621916069609,,0.2352907509157509,0.1190360672549303,,,,,,,,,,1.0,26.018987341772156,,,csv,2026-09-27T10:03:01+00:00
006,ml_candidate_pool,reg,0.05,15,oos,"{""stop_scale"": 1.0}",,,762.0,113.0,0.1173653635631337,0.1352413821621139,-0.01787601859898,,,,-0.0421811005683248,-0.0207747093711092,0.1319432895297783,-0.0651050506944859,0.5309734513274337,0.9206566862497824,-0.0329870947145218,,0.152014652014652,0.0865489404023319,,,,,,,,,,1.0,23.504424778761063,,,csv,2026-09-27T10:03:01+00:00
006,ml_candidate_pool,reg,0.1,15,oos,"{""stop_scale"": 1.0}",,,483.0,86.0,0.1895749099725035,0.1263075427508353,0.0632673672216682,,,,0.067993614204312,0.0291396315178024,0.0801384264726575,0.0682961867480111,0.5930232558139535,1.1179482427863796,0.0334653611367539,,0.1174450549450549,0.0611733767189143,,,,,,,,,,1.0,23.86046511627907,,,csv,2026-09-27T10:03:01+00:00
006,ml_candidate_pool,reg,0.2,15,oos,"{""stop_scale"": 1.0}",,,174.0,38.0,0.0817411817311119,0.1291146540649801,-0.0473734723338682,,,,-0.0270901806521868,-0.007209425997338,0.0592392106162094,-0.0240595493725052,0.5263157894736842,0.9084506643426676,-0.012061160513235,,0.0488209706959706,0.025742108836978,,,,,,,,,,1.0,22.44736842105263,,,csv,2026-09-27T10:03:01+00:00
006,ml_candidate_pool,clf,0.0,15,oos,"{""stop_scale"": 1.0}",,,2351.0,290.0,0.1315455940409587,0.1342973232518644,-0.0027517292109057,,,,-0.0406058723885144,-0.0330043845463522,0.2584369698747084,-0.1104391488229646,0.5517241379310345,0.9509650442038012,-0.0566426256289649,,0.4111721611721611,0.2373283999675246,,,,,,,,,,1.0,24.77241379310345,,,csv,2026-09-27T10:03:01+00:00
006,ml_candidate_pool,clf,0.05,15,oos,"{""stop_scale"": 1.0}",,,1396.0,198.0,0.1702971402226573,0.1368750471696055,0.0334220930530517,,,,0.038719403128657,0.0263083015312228,0.1544960907789824,0.0422832656044542,0.5707070707070707,1.027844748793387,0.0208492007488396,,0.2659111721611721,0.1644973779542962,,,,,,,,,,1.0,23.464646464646464,,,csv,2026-09-27T10:03:01+00:00
006,ml_candidate_pool,clf,0.1,15,oos,"{""stop_scale"": 1.0}",,,715.0,119.0,0.1801493648378735,0.1442402506228994,0.035909114214974,,,,0.06050752463729,0.0322192452198318,0.136340153319739,0.0660316022923963,0.5630252100840336,1.0750351786133696,0.0323732163557703,,0.1600274725274725,0.1052587261980738,,,,,,,,,,1.0,23.49579831932773,,,csv,2026-09-27T10:03:01+00:00
006,ml_candidate_pool,clf,0.2,15,oos,"{""stop_scale"": 1.0}",,,78.0,20.0,-0.0893975224358187,0.1406337190996906,-0.2300312415355093,,,,-0.1392909377304531,-0.0251980040600985,0.0439820301322509,-0.0749128656407955,0.4,0.5490128616327412,-0.0380551989646023,,0.0283310439560439,0.0151087618011288,,,,,,,,,,1.0,24.75,,,csv,2026-09-27T10:03:01+00:00
006,ml_candidate_pool,rules,,15,oos,"{""stop_scale"": 1.0}",,,8542.0,500.0,0.0867592355441393,0.1366745403864905,-0.0499153048423512,,,,-0.1473973632123463,-0.1643913783085182,0.3814268957996946,-0.3785339526557619,0.52,0.8912280688003765,-0.2110161925310061,,0.7620764652014652,0.3909237487264183,,,,,,,,,,1.0,26.63,,,csv,2026-09-27T10:03:01+00:00
006,ml_candidate_pool,reg,0.0,15,oos,"{""stop_scale"": 1.0}",,,2554.0,212.0,0.0835296628680212,0.1315207295036609,-0.0479910666356396,,,,-0.1074403736666801,-0.0697193105852927,0.1618627326513315,-0.1936048943775535,0.5283018867924528,0.8711073412235177,-0.1027265814653611,,0.3041902604756512,0.1484106636339124,,,,,,,,,,1.0,25.339622641509436,,,csv,2026-09-27T10:03:01+00:00
006,ml_candidate_pool,reg,0.05,15,oos,"{""stop_scale"": 1.0}",,,1788.0,176.0,0.1081716035866897,0.131633230107034,-0.0234616265203442,,,,-0.0540219477912766,-0.0343709509019324,0.1235262224668972,-0.1000544198323025,0.5284090909090909,0.9202274509103374,-0.0517189434125698,,0.276330690826727,0.1274794116709838,,,,,,,,,,1.0,27.727272727272727,,,csv,2026-09-27T10:03:01+00:00
006,ml_candidate_pool,reg,0.1,15,oos,"{""stop_scale"": 1.0}",,,1155.0,127.0,0.0246357944513709,0.137704015322952,-0.1130682208715809,,,,-0.1750038717914437,-0.0913952425318038,0.161453234236154,-0.2158684374388111,0.4803149606299212,0.7730133399378994,-0.1152921067780969,,0.1890147225368063,0.0919419762221315,,,,,,,,,,1.0,26.283464566929133,,,csv,2026-09-27T10:03:01+00:00
006,ml_candidate_pool,reg,0.2,15,oos,"{""stop_scale"": 1.0}",,,395.0,73.0,0.0533014676268519,0.1426509218189298,-0.0893494541920779,,,,-0.0907059528710381,-0.0333256327810889,0.0726498329838888,-0.0835253264362139,0.4931506849315068,0.8445965661530345,-0.0429850656631274,,0.1003397508493771,0.0548371760401976,,,,,,,,,,1.0,24.273972602739725,,,csv,2026-09-27T10:03:01+00:00
006,ml_candidate_pool,clf,0.0,15,oos,"{""stop_scale"": 1.0}",,,2947.0,248.0,0.111492442092127,0.1405365833746021,-0.029044141282475,,,,-0.0560347728813126,-0.0398489755267262,0.1229025640556285,-0.1280153352776978,0.532258064516129,0.9268120164306948,-0.0666765813475442,,0.3658550396375991,0.1913733513352546,,,,,,,,,,1.0,26.052419354838708,,,csv,2026-09-27T10:03:01+00:00
006,ml_candidate_pool,clf,0.05,15,oos,"{""stop_scale"": 1.0}",,,1628.0,162.0,0.1168922794796877,0.1437031015420933,-0.0268108220624056,,,,-0.0540007900611639,-0.0318185987394197,0.1128343757215728,-0.0925899067418762,0.5246913580246914,0.9160309879813304,-0.0477649652870419,,0.2514156285390713,0.1257350756045486,,,,,,,,,,1.0,27.40740740740741,,,csv,2026-09-27T10:03:01+00:00
006,ml_candidate_pool,clf,0.1,15,oos,"{""stop_scale"": 1.0}",,,799.0,98.0,0.0775533561229157,0.1504008044423772,-0.0728474483194615,,,,-0.1068990721572,-0.0510145553613591,0.0935585906693516,-0.1132042108338269,0.5204081632653061,0.8425246358102458,-0.0587242311346913,,0.143771234428086,0.0780303630449098,,,,,,,,,,1.0,25.90816326530612,,,csv,2026-09-27T10:03:01+00:00
006,ml_candidate_pool,clf,0.2,15,oos,"{""stop_scale"": 1.0}",,,104.0,19.0,-0.1539359195035861,0.1689526441679145,-0.3228885636715006,,,,-0.2254332825983622,-0.0456182913141924,0.0741246143649211,-0.0972918875021868,0.4210526315789473,0.4653035129357498,-0.0502537303138194,,0.031370328425821,0.0165572905328739,,,,,,,,,,1.0,29.157894736842103,,,csv,2026-09-27T10:03:01+00:00
006,ml_candidate_pool,rules,,15,oos,"{""stop_scale"": 1.0}",,,8444.0,316.0,0.0222745734791644,0.1452824503932819,-0.1230078769141174,,,,-0.2910135761805278,-0.2302205613686535,0.333777960068062,-0.5105725978192592,0.490506329113924,0.7391234058556565,-0.3022741586688936,,0.4607021517553794,0.2179481492067913,,,,,,,,,,1.0,25.746835443037973,,,csv,2026-09-27T10:03:01+00:00
006,ml_candidate_pool,reg,0.0,15,oos,"{""stop_scale"": 1.0}",,,2471.0,128.0,0.1468487057538924,0.1776339461218062,-0.0307852403679137,,,,-0.0464041569616627,-0.0248841276927188,0.0829336956487046,-0.0792311910279931,0.5390625,0.9206561349605816,-0.040078285017691,,0.1792127071823204,0.1298641486697394,,,,,,,,,,1.0,24.328125,,,csv,2026-09-27T10:03:01+00:00
006,ml_candidate_pool,reg,0.05,15,oos,"{""stop_scale"": 1.0}",,,1783.0,107.0,0.2031721403320519,0.1771587384662522,0.0260134018657997,,,,0.0429018721047377,0.0227076966228247,0.0597143327757122,0.0424423195658933,0.5607476635514018,1.0524603103714965,0.0208106409505877,,0.1594728360957642,0.1095973438325366,,,,,,,,,,1.0,25.897196261682243,,,csv,2026-09-27T10:03:01+00:00
006,ml_candidate_pool,reg,0.1,15,oos,"{""stop_scale"": 1.0}",,,1223.0,74.0,0.263693560868105,0.1734219527280411,0.0902716081400638,,,,0.111506306780983,0.048023745621238,0.0614015996271408,0.1224796890526234,0.5945945945945946,1.2284296407701056,0.0589234602308383,,0.0998503683241252,0.0753947637199264,,,,,,,,,,1.0,23.445945945945947,,,csv,2026-09-27T10:03:01+00:00
006,ml_candidate_pool,reg,0.2,15,oos,"{""stop_scale"": 1.0}",,,429.0,36.0,0.4870870254406534,0.1698451021242137,0.3172419233164396,,,,0.228210482651477,0.0819450871958371,0.0298360545126263,0.1916028963982652,0.7222222222222222,2.010288462424989,0.0907491771444641,,0.0545004604051565,0.0363973271169435,,,,,,,,,,1.0,26.30555555555556,,,csv,2026-09-27T10:03:01+00:00
006,ml_candidate_pool,clf,0.0,15,oos,"{""stop_scale"": 1.0}",,,3572.0,198.0,0.1381655908706101,0.1845176657732672,-0.0463520749026571,,,,-0.0828837079745493,-0.0583730767702894,0.1455965564386965,-0.1675836895487716,0.5303030303030303,0.8913549361953843,-0.0868818657992325,,0.3036372007366482,0.2076918948630601,,,,,,,,,,1.0,26.646464646464647,,,csv,2026-09-27T10:03:01+00:00
006,ml_candidate_pool,clf,0.05,15,oos,"{""stop_scale"": 1.0}",,,2340.0,147.0,0.1530374222722639,0.1816046839426414,-0.0285672616703774,,,,-0.0319525859961951,-0.0184584554620683,0.0833068159618924,-0.0693283308297421,0.54421768707483,0.9402798019727324,-0.034976339886426,,0.2270948434622468,0.154751064323489,,,,,,,,,,1.0,26.843537414965983,,,csv,2026-09-27T10:03:01+00:00
006,ml_candidate_pool,clf,0.1,15,oos,"{""stop_scale"": 1.0}",,,1414.0,104.0,0.2272175777584145,0.1872405742317864,0.0399770035266281,,,,0.0797848929095235,0.0376966345685832,0.0626906493946188,0.0941893152688202,0.5769230769230769,1.1208607742041483,0.0456135370615546,,0.1526818600368324,0.1115619213316568,,,,,,,,,,1.0,25.509615384615383,,,csv,2026-09-27T10:03:01+00:00
006,ml_candidate_pool,clf,0.2,15,oos,"{""stop_scale"": 1.0}",,,238.0,26.0,0.2139599155512024,0.1851361844036718,0.0288237311475305,,,,0.0255943388677321,0.0056105883366287,0.0289510172789769,0.0135763612562005,0.5769230769230769,1.067626021163908,0.0067045097872757,,0.0325161141804788,0.0272679958381236,,,,,,,,,,1.0,21.73076923076923,,,csv,2026-09-27T10:03:01+00:00
006,ml_candidate_pool,rules,,15,oos,"{""stop_scale"": 1.0}",,,7968.0,253.0,0.0473242128912113,0.2074771428594027,-0.1601529299681913,,,,-0.3158300736054636,-0.2340923620485412,0.3278331369783723,-0.5020510806924781,0.4822134387351778,0.7141801199998358,-0.2921385517829759,,0.3488720073664825,0.2610101409084064,,,,,,,,,,1.0,23.960474308300395,,,csv,2026-09-27T10:03:01+00:00
006,ml_candidate_pool,reg,0.0,15,oos,"{""stop_scale"": 1.0}",,,3133.0,126.0,-0.0309140313362863,0.1882433561447524,-0.2191573874810388,,,,-0.3249121158335844,-0.1589172728559423,0.2557274512682149,-0.3932122139325624,0.4603174603174603,0.6189346938461557,-0.2224866847650604,,0.1723278985507246,0.1366942444851558,,,,,,,,,,1.0,24.15873015873016,,,csv,2026-09-27T10:03:01+00:00
006,ml_candidate_pool,reg,0.05,15,oos,"{""stop_scale"": 1.0}",,,2427.0,113.0,-0.0107489353951845,0.1789345070516288,-0.1896834424468133,,,,-0.2504795453992529,-0.1201033737019997,0.216815173162469,-0.3172007128756091,0.4690265486725664,0.6669268367484893,-0.1748603735531659,,0.1552309782608695,0.1189061734904619,,,,,,,,,,1.0,24.26548672566372,,,csv,2026-09-27T10:03:01+00:00
006,ml_candidate_pool,reg,0.1,15,oos,"{""stop_scale"": 1.0}",,,1858.0,82.0,-0.0070849054245493,0.1761027421217882,-0.1831876475463375,,,,-0.2044451800174297,-0.0859746378978984,0.1423828208573253,-0.2323560565764095,0.4756097560975609,0.669803741688446,-0.1247122143731965,,0.1181499094202898,0.0847117104492742,,,,,,,,,,1.0,25.451219512195124,,,csv,2026-09-27T10:03:01+00:00
006,ml_candidate_pool,reg,0.2,15,oos,"{""stop_scale"": 1.0}",,,916.0,44.0,-0.1117610732552822,0.1693443040453727,-0.2811053773006549,,,,-0.26095599955078,-0.0700868580076811,0.1315672549269314,-0.2082208028100489,0.4090909090909091,0.528461757043497,-0.1109560603578603,,0.0572916666666666,0.0444590677823589,,,,,,,,,,1.0,23.0,,,csv,2026-09-27T10:03:01+00:00
006,ml_candidate_pool,clf,0.0,15,oos,"{""stop_scale"": 1.0}",,,4845.0,209.0,0.0600983647875246,0.2328043772938882,-0.1727060125063635,,,,-0.2928154524989658,-0.1972548919357523,0.311233939543426,-0.4522327810260119,0.4880382775119617,0.7000053809639405,-0.2615494686364218,,0.2963088768115942,0.2528590588590232,,,,,,,,,,1.0,25.04306220095694,,,csv,2026-09-27T10:03:01+00:00
006,ml_candidate_pool,clf,0.05,15,oos,"{""stop_scale"": 1.0}",,,3288.0,163.0,0.0324769157813465,0.2063972236896593,-0.1739203079083128,,,,-0.2706680519147827,-0.1666184579875558,0.2832943146271909,-0.3880820009213235,0.4723926380368098,0.6963703196523409,-0.2191822195268075,,0.2411684782608695,0.1911428150610161,,,,,,,,,,1.0,26.13496932515337,,,csv,2026-09-27T10:03:01+00:00
006,ml_candidate_pool,clf,0.1,15,oos,"{""stop_scale"": 1.0}",,,1936.0,117.0,0.0772550398663128,0.1887301738402065,-0.1114751339738937,,,,-0.1521519270589516,-0.0804162991297719,0.2018223152998807,-0.2281210366441005,0.5128205128205128,0.7700085216430282,-0.1222830538167665,,0.1774230072463768,0.1316707494197111,,,,,,,,,,1.0,26.786324786324787,,,csv,2026-09-27T10:03:01+00:00
006,ml_candidate_pool,clf,0.2,15,oos,"{""stop_scale"": 1.0}",,,310.0,24.0,-0.0380013350413601,0.1802103288278342,-0.2182116638691943,,,,-0.1386048481043608,-0.0309000806250313,0.073424945852722,-0.0914741432839512,0.4583333333333333,0.5982027647135992,-0.0471753302929056,,0.0319293478260869,0.0261815520070421,,,,,,,,,,1.0,23.5,,,csv,2026-09-27T10:03:01+00:00
006,ml_candidate_pool,rules,,15,oos,"{""stop_scale"": 1.0}",,,7973.0,264.0,0.0491804146625742,0.2520798074736357,-0.2028993928110614,,,,-0.4161367339154013,-0.309680931506712,0.4059989541883784,-0.5992841950939003,0.4659090909090909,0.6484045120736163,-0.3691379208294861,,0.3690557065217391,0.3266534087698807,,,,,,,,,,1.0,24.693181818181817,,,csv,2026-09-27T10:03:01+00:00
006,ml_candidate_pool,reg,0.0,15,oos,"{""stop_scale"": 1.0}",,,1127.0,122.0,-0.1766200191661262,0.1561685850477784,-0.3327886042139047,,,,-0.4475803052589061,-0.2067495785967077,0.2907188307036846,-0.4972669048269447,0.3524590163934426,0.4762700359040459,-0.2887766482927474,,0.1711556169429097,0.0933800156019775,,,,,,,,,,1.0,24.37704918032787,,,csv,2026-09-27T10:03:01+00:00
006,ml_candidate_pool,reg,0.05,15,oos,"{""stop_scale"": 1.0}",,,688.0,97.0,-0.2180185358041625,0.1524547327255963,-0.3704732685297587,,,,-0.474421048338023,-0.1852760041985296,0.2793522812757044,-0.4781130704374321,0.3505154639175257,0.4181018650720121,-0.2754760114295342,,0.1363950276243093,0.0738207279775731,,,,,,,,,,1.0,24.432989690721648,,,csv,2026-09-27T10:03:01+00:00
006,ml_candidate_pool,reg,0.1,15,oos,"{""stop_scale"": 1.0}",,,383.0,74.0,-0.2289494011872151,0.152763522691898,-0.3817129238791131,,,,-0.417789184200226,-0.1391229271880098,0.2086766831980943,-0.3696633005239667,0.3378378378378378,0.4187142429376309,-0.2044202585514992,,0.1034185082872928,0.0566982385894304,,,,,,,,,,1.0,24.283783783783782,,,csv,2026-09-27T10:03:01+00:00
006,ml_candidate_pool,reg,0.2,15,oos,"{""stop_scale"": 1.0}",,,80.0,28.0,-0.2959522541766658,0.1518419329198573,-0.4477941870965233,,,,-0.2900809308300031,-0.0536852437055502,0.1235630456209023,-0.180970663734852,0.3571428571428571,0.3790710733481898,-0.0941882856375794,,0.0374079189686924,0.0227123492341008,,,,,,,,,,1.0,23.214285714285715,,,csv,2026-09-27T10:03:01+00:00
006,ml_candidate_pool,clf,0.0,15,oos,"{""stop_scale"": 1.0}",,,2298.0,235.0,0.0402838168836788,0.1740625837143773,-0.1337787668306985,,,,-0.2441269367567466,-0.1759837745711824,0.2666481085322837,-0.3960817196966648,0.4851063829787234,0.7483811337328246,-0.2211214137338045,,0.3549723756906077,0.208377249243426,,,,,,,,,,1.0,26.2468085106383,,,csv,2026-09-27T10:03:01+00:00
006,ml_candidate_pool,clf,0.05,15,oos,"{""stop_scale"": 1.0}",,,1081.0,151.0,-0.0046878089078927,0.1738126933902268,-0.1785005022981196,,,,-0.2604750495446173,-0.1482970041110004,0.2134163065362622,-0.3428463952536739,0.4503311258278146,0.6793799356411204,-0.1878245670323334,,0.2265193370165746,0.1296767191714507,,,,,,,,,,1.0,26.06622516556292,,,csv,2026-09-27T10:03:01+00:00
006,ml_candidate_pool,clf,0.1,15,oos,"{""stop_scale"": 1.0}",,,399.0,82.0,-0.1026336933882236,0.1697610482077661,-0.2723947415959898,,,,-0.3238260464966146,-0.1189528921077098,0.1771516719532503,-0.3179584140614937,0.4024390243902439,0.5293723311299338,-0.1727256783934213,,0.1152163904235727,0.0724223988632793,,,,,,,,,,1.0,24.414634146341463,,,csv,2026-09-27T10:03:01+00:00
006,ml_candidate_pool,clf,0.2,15,oos,"{""stop_scale"": 1.0}",,,29.0,4.0,-0.1900981611278415,0.2840454935951095,-0.474143654722951,,,,-0.1437701438145174,-0.0092782955064828,0.0197651506291315,-0.0254145494481207,0.25,0.309460156343017,-0.0126752569412172,,0.0042011970534069,0.0062360681840927,,,,,,,,,,1.0,18.25,,,csv,2026-09-27T10:03:01+00:00
006,ml_candidate_pool,rules,,15,oos,"{""stop_scale"": 1.0}",,,7658.0,340.0,0.0018283072400324,0.1890803181298983,-0.1872520108898659,,,,-0.4195479814428225,-0.3249926475089004,0.4376317155774691,-0.6494484005594976,0.4588235294117647,0.689978774083283,-0.4051405546553666,,0.4601749539594843,0.3120168367832943,,,,,,,,,,1.0,23.51764705882353,,,csv,2026-09-27T10:03:01+00:00
007,ml_candidate_pool,reg,0.0,15,oos,"{""stop_scale"": 2.0}",,,5646.0,117.0,-0.0709101726150661,0.0626520706887723,-0.1335622433038384,,,,-0.2003826348644049,-0.1221423518309921,0.1445383423280815,-0.2286553442039687,0.4444444444444444,0.6969161392337349,-0.1207161723247653,,0.3196914752777298,0.0423621301738146,,,,,,,,,,2.0,47.47008547008547,,,csv,2026-09-27T10:03:01+00:00
007,ml_candidate_pool,reg,0.05,15,oos,"{""stop_scale"": 2.0}",,,4319.0,110.0,-0.0692192937708506,0.064035976771243,-0.1332552705420936,,,,-0.2158569807064265,-0.1285960123141864,0.1516235254238437,-0.2342021073953195,0.4454545454545454,0.6821898609153858,-0.1238550433703616,,0.2961491970298739,0.0403702570686075,,,,,,,,,,2.0,46.77272727272727,,,csv,2026-09-27T10:03:01+00:00
007,ml_candidate_pool,reg,0.1,15,oos,"{""stop_scale"": 2.0}",,,2904.0,105.0,-0.045535245202553,0.0624349222480434,-0.1079701674505964,,,,-0.1600737452568966,-0.0958018754543692,0.1273208557801014,-0.1806805498089326,0.4476190476190476,0.7343447551670013,-0.0940293096216434,,0.2887814424681977,0.0383500294078758,,,,,,,,,,2.0,47.78095238095238,,,csv,2026-09-27T10:03:01+00:00
007,ml_candidate_pool,reg,0.2,15,oos,"{""stop_scale"": 2.0}",,,1245.0,90.0,0.046687495807808,0.063032517191889,-0.0163450213840808,,,,0.003404482179763,0.0018265986112569,0.0605179244395839,-0.0046231318203785,0.5333333333333333,0.9913189053943138,-0.002293543379418,,0.2299545271398146,0.0327696181487248,,,,,,,,,,2.0,44.388888888888886,,,csv,2026-09-27T10:03:01+00:00
007,ml_candidate_pool,clf,0.0,15,oos,"{""stop_scale"": 2.0}",,,6539.0,124.0,-0.0693654766756168,0.0627409252842933,-0.1321064019599102,,,,-0.2045548156844288,-0.1272656150290876,0.1492674887335664,-0.2421954656906552,0.4354838709677419,0.7022179865683188,-0.1283986672678326,,0.3405859667299833,0.0454333833573415,,,,,,,,,,2.0,47.71774193548387,,,csv,2026-09-27T10:03:01+00:00
007,ml_candidate_pool,clf,0.05,15,oos,"{""stop_scale"": 2.0}",,,5225.0,117.0,-0.0646082628832609,0.0641398171869622,-0.1287480800702232,,,,-0.2234485096878529,-0.1337032512040014,0.1488743823207293,-0.2398658590117639,0.4273504273504273,0.6774324546098542,-0.1270719747752289,,0.3217636562482012,0.0430234039137316,,,,,,,,,,2.0,47.77777777777778,,,csv,2026-09-27T10:03:01+00:00
007,ml_candidate_pool,clf,0.1,15,oos,"{""stop_scale"": 2.0}",,,3436.0,111.0,-0.0237143888206772,0.0632528473099404,-0.0869672361306177,,,,-0.1345755090936648,-0.0735837204923703,0.127291734620741,-0.1444395275552035,0.4504504504504504,0.7962077626608111,-0.074388578178045,,0.2930409255741668,0.0409190517729668,,,,,,,,,,2.0,45.86486486486486,,,csv,2026-09-27T10:03:01+00:00
007,ml_candidate_pool,clf,0.2,15,oos,"{""stop_scale"": 2.0}",,,652.0,66.0,-0.0046374158642932,0.0717429714528248,-0.076380387317118,,,,-0.0618224446478353,-0.0269076468025439,0.0575439695252233,-0.0497732013573604,0.4848484848484848,0.87324793326158,-0.0249813651004454,,0.1549530881252518,0.0255989283352873,,,,,,,,,,2.0,40.78787878787879,,,csv,2026-09-27T10:03:01+00:00
007,ml_candidate_pool,rules,,15,oos,"{""stop_scale"": 2.0}",,,7947.0,129.0,-0.0699338788029308,0.0621174093969888,-0.1320512881999196,,,,-0.2229737553703766,-0.1414030045927744,0.1573308531002797,-0.2724367104201862,0.4418604651162791,0.6896816212649594,-0.1458112127472864,,0.3500259022621309,0.0472545235886731,,,,,,,,,,2.0,47.13953488372093,,,csv,2026-09-27T10:03:01+00:00
007,ml_candidate_pool,reg,0.0,15,oos,"{""stop_scale"": 2.0}",,,3786.0,237.0,0.0188152564839572,0.0740503081448113,-0.0552350516608541,,,,-0.1760105503713829,-0.1727153514955351,0.1561851202952989,-0.2321273110366182,0.4641350210970464,0.7942664523571611,-0.1245808388137491,,0.7179008152173914,0.0986239129449883,,,,,,,,,,2.0,53.50632911392405,,,csv,2026-09-27T10:03:01+00:00
007,ml_candidate_pool,reg,0.05,15,oos,"{""stop_scale"": 2.0}",,,2848.0,203.0,-0.0671399039792886,0.0761213122420264,-0.143261216221315,,,,-0.4084549297327697,-0.353322039641992,0.2520622047812469,-0.4185897404051423,0.4187192118226601,0.5797190204641073,-0.2390406688833053,,0.6114696557971014,0.080260741341192,,,,,,,,,,2.0,53.206896551724135,,,csv,2026-09-27T10:03:01+00:00
007,ml_candidate_pool,reg,0.1,15,oos,"{""stop_scale"": 2.0}",,,2105.0,169.0,-0.0963491340309707,0.0805620951814976,-0.1769112292124683,,,,-0.3587433396672606,-0.2915077165434387,0.2374313625009497,-0.3807199094903799,0.4142011834319526,0.5724343321343514,-0.2144640886586747,,0.5229846014492754,0.0731935691192255,,,,,,,,,,2.0,54.66272189349112,,,csv,2026-09-27T10:03:01+00:00
007,ml_candidate_pool,reg,0.2,15,oos,"{""stop_scale"": 2.0}",,,1042.0,112.0,-0.0924494683894193,0.0891115040258362,-0.1815609724152555,,,,-0.3720405745401396,-0.2388224232371301,0.1928151676842231,-0.3027274023885807,0.3839285714285714,0.5082816031793528,-0.1660956349979825,,0.3513926630434782,0.0559171539147239,,,,,,,,,,2.0,55.41964285714285,,,csv,2026-09-27T10:03:01+00:00
007,ml_candidate_pool,clf,0.0,15,oos,"{""stop_scale"": 2.0}",,,4444.0,250.0,-0.0184280074864194,0.0738087211244056,-0.0922367286108251,,,,-0.2757035717867149,-0.2787253513716461,0.2146286270021845,-0.3400710569356605,0.46,0.7040020240576207,-0.1889003297534419,,0.7697010869565217,0.0970764030988718,,,,,,,,,,2.0,54.384,,,csv,2026-09-27T10:03:01+00:00
007,ml_candidate_pool,clf,0.05,15,oos,"{""stop_scale"": 2.0}",,,2978.0,221.0,-0.0428498722141567,0.07656087152373,-0.1194107437378868,,,,-0.3168235308940852,-0.2827655233561277,0.2184111933176402,-0.3672918779603905,0.4434389140271493,0.6583205568207142,-0.2059296216157072,,0.6610620471014492,0.0884120901694088,,,,,,,,,,2.0,52.83710407239819,,,csv,2026-09-27T10:03:01+00:00
007,ml_candidate_pool,clf,0.1,15,oos,"{""stop_scale"": 2.0}",,,1717.0,160.0,-0.0822614748673346,0.0846779488273436,-0.1669394236946782,,,,-0.4041127242207319,-0.2912381260116458,0.2253423068848186,-0.3853651204500592,0.39375,0.5501722872744327,-0.2174377943529937,,0.47265625,0.0713773184159491,,,,,,,,,,2.0,52.18125,,,csv,2026-09-27T10:03:01+00:00
007,ml_candidate_pool,clf,0.2,15,oos,"{""stop_scale"": 2.0}",,,386.0,48.0,-0.1554370958317352,0.1151734072948594,-0.2706105031265946,,,,-0.3590810217825765,-0.1340522796626629,0.1351500778488042,-0.2125713125081765,0.3125,0.3987260931246588,-0.1134201450167176,,0.1443614130434782,0.0330715341766255,,,,,,,,,,2.0,53.125,,,csv,2026-09-27T10:03:01+00:00
007,ml_candidate_pool,rules,,15,oos,"{""stop_scale"": 2.0}",,,8043.0,323.0,0.0173368393808495,0.070098238968129,-0.0527613995872795,,,,-0.1700136275859103,-0.1974509832092064,0.1834124287766796,-0.2644671443677576,0.4613003095975232,0.820690353536658,-0.1433514966142134,,0.9126471920289856,0.1260663122792055,,,,,,,,,,2.0,49.910216718266255,,,csv,2026-09-27T10:03:01+00:00
007,ml_candidate_pool,reg,0.0,15,oos,"{""stop_scale"": 2.0}",,,1746.0,164.0,0.0824514368270188,0.0710506286993372,0.0114008081276815,,,,0.0584059924830408,0.0474976682865703,0.0887030854231666,0.0648021850749742,0.5060975609756098,1.0843553497445215,0.0316024608455607,,0.5247467771639043,0.0691834043363494,,,,,,,,,,2.0,55.59756097560975,,,csv,2026-09-27T10:03:01+00:00
007,ml_candidate_pool,reg,0.05,15,oos,"{""stop_scale"": 2.0}",,,1225.0,139.0,0.0729199935531948,0.0736163888741693,-0.0006963953209745,,,,0.02041997895577,0.0153227758839869,0.1037725034848844,0.0125702857032257,0.4892086330935252,1.017829058523821,0.0062092326642957,,0.43646408839779,0.05950880156164,,,,,,,,,,2.0,54.56115107913669,,,csv,2026-09-27T10:03:01+00:00
007,ml_candidate_pool,reg,0.1,15,oos,"{""stop_scale"": 2.0}",,,845.0,116.0,0.0779847348236048,0.0760811740096267,0.0019035608139781,,,,0.0074302089473669,0.0051411753103796,0.0977508322905589,-0.0026297332828967,0.4741379310344827,0.9956667129774855,-0.0013039574497979,,0.3549723756906077,0.0502592011729576,,,,,,,,,,2.0,53.172413793103445,,,csv,2026-09-27T10:03:01+00:00
007,ml_candidate_pool,reg,0.2,15,oos,"{""stop_scale"": 2.0}",,,359.0,56.0,0.2316952958992496,0.0702437178483552,0.1614515780508944,,,,0.1760050102624406,0.0877160238149177,0.0491169337964233,0.1399423423959211,0.6071428571428571,1.7268268601910504,0.0670548598586591,,0.1788098526703499,0.0216607868069816,,,,,,,,,,2.0,55.48214285714285,,,csv,2026-09-27T10:03:01+00:00
007,ml_candidate_pool,clf,0.0,15,oos,"{""stop_scale"": 2.0}",,,1747.0,176.0,0.0833860018301602,0.0738960481513574,0.0094899536788028,,,,0.0422318809470153,0.0353395832002171,0.0965403267257332,0.0429375857814089,0.4602272727272727,1.050258068764525,0.0210509350893743,,0.5240561694290976,0.0739938190434258,,,,,,,,,,2.0,51.73863636363637,,,csv,2026-09-27T10:03:01+00:00
007,ml_candidate_pool,clf,0.05,15,oos,"{""stop_scale"": 2.0}",,,963.0,123.0,0.0526912090146788,0.0737427038323111,-0.0210514948176322,,,,-0.0565018497889968,-0.0365532966389322,0.1211514283126711,-0.0756236008565258,0.4959349593495935,0.878096848205629,-0.0382164671467316,,0.3661372007366482,0.050017180914494,,,,,,,,,,2.0,51.72357723577236,,,csv,2026-09-27T10:03:01+00:00
007,ml_candidate_pool,clf,0.1,15,oos,"{""stop_scale"": 2.0}",,,464.0,67.0,0.1245687177723166,0.0720461260689636,0.052522591703353,,,,0.0560638150547012,0.0293240497770551,0.0683118946290705,0.0435343217795287,0.5671641791044776,1.1375077207106172,0.0213403840645289,,0.2143761510128913,0.0262670032318248,,,,,,,,,,2.0,55.59701492537314,,,csv,2026-09-27T10:03:01+00:00
007,ml_candidate_pool,clf,0.2,15,oos,"{""stop_scale"": 2.0}",,,65.0,15.0,0.3936204110760125,0.0675464760421347,0.3260739350338778,,,,0.1601132358681301,0.0498400834195171,0.0151397034491571,0.0648270257212417,0.6666666666666666,2.914340831077358,0.0316143860855107,,0.0492058011049723,0.0055108365509078,,,,,,,,,,2.0,57.0,,,csv,2026-09-27T10:03:01+00:00
007,ml_candidate_pool,rules,,15,oos,"{""stop_scale"": 2.0}",,,7927.0,347.0,0.0914426073733562,0.0772458685316938,0.0141967388416624,,,,0.091959676048424,0.1049607212949618,0.139469004395879,0.1417983723888083,0.5014409221902018,1.0773226120673636,0.067915405594233,,0.9119475138121548,0.1677731894430895,,,,,,,,,,2.0,45.6657060518732,,,csv,2026-09-27T10:03:01+00:00
007,ml_candidate_pool,reg,0.0,15,oos,"{""stop_scale"": 2.0}",,,729.0,97.0,-0.0162725407157065,0.1112709511261024,-0.127543491841809,,,,-0.1973237721812123,-0.1102435327748087,0.1250620711962503,-0.1744596384902663,0.422680412371134,0.6419352856227691,-0.092058038771626,,0.2902933514554309,0.0592623751633269,,,,,,,,,,2.0,52.845360824742265,,,csv,2026-09-27T10:03:01+00:00
007,ml_candidate_pool,reg,0.05,15,oos,"{""stop_scale"": 2.0}",,,412.0,65.0,0.087767813268055,0.1224526721852783,-0.0346848589172233,,,,-0.0528965200711443,-0.0278240560209619,0.0664476451988262,-0.0384160822258897,0.4153846153846154,0.8581861608473822,-0.0195396501467729,,0.2030807565975761,0.0467886070529142,,,,,,,,,,2.0,55.16923076923077,,,csv,2026-09-27T10:03:01+00:00
007,ml_candidate_pool,reg,0.1,15,oos,"{""stop_scale"": 2.0}",,,237.0,44.0,0.0274794492267956,0.1216763673491228,-0.0941969181223271,,,,-0.102723690966193,-0.0449526206108696,0.0749519291970105,-0.0597059254613348,0.4318181818181818,0.7308470330322535,-0.0305353850086419,,0.1378978366745951,0.030842426011521,,,,,,,,,,2.0,55.34090909090909,,,csv,2026-09-27T10:03:01+00:00
007,ml_candidate_pool,reg,0.2,15,oos,"{""stop_scale"": 2.0}",,,53.0,15.0,-0.215218784770871,0.1297474008517895,-0.3449661856226605,,,,-0.3698778502572388,-0.11153383619913,0.0506495194262563,-0.0785891265330405,0.2666666666666666,0.247694731681199,-0.0403919926252466,,0.0532336617963529,0.0113017588486659,,,,,,,,,,2.0,62.66666666666666,,,csv,2026-09-27T10:03:01+00:00
007,ml_candidate_pool,clf,0.0,15,oos,"{""stop_scale"": 2.0}",,,560.0,98.0,0.0237613968816606,0.1090762025687872,-0.0853148056871265,,,,-0.1665007872847593,-0.0907133059519712,0.1304077855202645,-0.1448411310881775,0.4285714285714285,0.6920773017820462,-0.0757924176617881,,0.2606750481368218,0.0589817646687416,,,,,,,,,,2.0,46.96938775510204,,,csv,2026-09-27T10:03:01+00:00
007,ml_candidate_pool,clf,0.05,15,oos,"{""stop_scale"": 2.0}",,,228.0,58.0,0.0057165816497478,0.1182521873651191,-0.1125356057153712,,,,-0.1674929492630533,-0.0827450967979201,0.10509501712099,-0.1060362983824612,0.396551724137931,0.6346165787858776,-0.0548993270389922,,0.1603239324951863,0.0377680187222822,,,,,,,,,,2.0,48.810344827586206,,,csv,2026-09-27T10:03:01+00:00
007,ml_candidate_pool,clf,0.1,15,oos,"{""stop_scale"": 2.0}",,,71.0,22.0,0.2673446262124316,0.1405636591110559,0.1267809671013755,,,,0.1410181123543793,0.0557807209663438,0.0179251909180924,0.0557469953755347,0.5909090909090909,2.24234293744077,0.0277037642906194,,0.0599161852984483,0.0179640989839625,,,,,,,,,,2.0,48.09090909090909,,,csv,2026-09-27T10:03:01+00:00
007,ml_candidate_pool,rules,,15,oos,"{""stop_scale"": 2.0}",,,8396.0,300.0,0.0083762635186018,0.1169981437509209,-0.1086218802323191,,,,-0.3450045857348388,-0.342735976344888,0.2786646781204377,-0.4547301274978214,0.4533333333333333,0.668208030378057,-0.2632473186555362,,0.7838373541737456,0.1776546024923185,,,,,,,,,,2.0,46.13666666666666,,,csv,2026-09-27T10:03:01+00:00
007,ml_candidate_pool,reg,0.0,15,oos,"{""stop_scale"": 2.0}",,,891.0,48.0,0.3406441090718903,0.106334908068129,0.2343092010037614,,,,0.2166231589771352,0.1394192498347215,0.0370060022752993,0.16479591000191,0.6666666666666666,1.789132744209015,0.0789707345328674,,0.1262591575091575,0.0287954169024508,,,,,,,,,,2.0,45.958333333333336,,,csv,2026-09-27T10:03:01+00:00
007,ml_candidate_pool,reg,0.05,15,oos,"{""stop_scale"": 2.0}",,,508.0,34.0,0.335888536005999,0.0984423127149389,0.23744622329106,,,,0.1772928863335219,0.0893584440856413,0.0287621841017156,0.1251943028309008,0.6470588235294118,1.8555355320179163,0.0605341140764432,,0.0956387362637362,0.0179924751658612,,,,,,,,,,2.0,49.14705882352941,,,csv,2026-09-27T10:03:01+00:00
007,ml_candidate_pool,reg,0.1,15,oos,"{""stop_scale"": 2.0}",,,280.0,23.0,0.2252452623888836,0.0962850692603496,0.1289601931285339,,,,0.0674605672136101,0.0250148622260828,0.0328727600917776,0.036877543139822,0.5652173913043478,1.3061673784585095,0.0182076920232159,,0.0615270146520146,0.0119782484326406,,,,,,,,,,2.0,46.73913043478261,,,csv,2026-09-27T10:03:01+00:00
007,ml_candidate_pool,reg,0.2,15,oos,"{""stop_scale"": 2.0}",,,57.0,8.0,0.1728427367248343,0.0919775580181072,0.080865178706727,,,,0.0366971613129028,0.0108080464552661,0.0168301164533611,0.0097884775292131,0.5,1.2506950287765397,0.0048652916711151,,0.0225503663003663,0.0039079781659385,,,,,,,,,,2.0,49.25,,,csv,2026-09-27T10:03:01+00:00
007,ml_candidate_pool,clf,0.0,15,oos,"{""stop_scale"": 2.0}",,,1032.0,48.0,0.1817215931615732,0.1065523815272978,0.0751692116342753,,,,0.0653069093087297,0.0295253323474583,0.0470616926365827,0.0471506433621946,0.5833333333333334,1.1692417607585444,0.0232217721018872,,0.1042239010989011,0.0290713892622612,,,,,,,,,,2.0,37.9375,,,csv,2026-09-27T10:03:01+00:00
007,ml_candidate_pool,clf,0.05,15,oos,"{""stop_scale"": 2.0}",,,544.0,28.0,0.0628632598642421,0.0983968510929925,-0.0355335912287504,,,,-0.0455007977405545,-0.0133141228938975,0.0551065795848241,-0.0340011410804249,0.5357142857142857,0.8317076356499434,-0.0170884406692363,,0.0601533882783882,0.0156064203758993,,,,,,,,,,2.0,37.535714285714285,,,csv,2026-09-27T10:03:01+00:00
007,ml_candidate_pool,clf,0.1,15,oos,"{""stop_scale"": 2.0}",,,285.0,12.0,0.1843650071480447,0.0933537805581743,0.0910112265898703,,,,0.0196332033459656,0.004255774911396,0.0286617868548052,0.0059666097999935,0.5833333333333334,1.081031233306974,0.0029684881735216,,0.0265567765567765,0.0061533718035551,,,,,,,,,,2.0,38.66666666666666,,,csv,2026-09-27T10:03:01+00:00
007,ml_candidate_pool,clf,0.2,15,oos,"{""stop_scale"": 2.0}",,,50.0,1.0,1.0115229907096754,0.0813692165431616,0.9301537741665136,,,,0.1715649816851978,0.0254719095354652,0.0042005942013527,0.0145899312121169,1.0,inf,0.0072431684868825,,0.0034913003663003,0.0004525906104361,,,,,,,,,,2.0,61.0,,,csv,2026-09-27T10:03:01+00:00
007,ml_candidate_pool,rules,,15,oos,"{""stop_scale"": 2.0}",,,8542.0,138.0,0.1668511905970052,0.0922111708696405,0.0746400197273646,,,,0.1466447934013506,0.119673424806125,0.068045578639543,0.2026890561361665,0.5652173913043478,1.2404909431126152,0.0963197519489462,,0.3769459706959707,0.083104821590091,,,,,,,,,,2.0,47.72463768115942,,,csv,2026-09-27T10:03:01+00:00
007,ml_candidate_pool,reg,0.0,15,oos,"{""stop_scale"": 2.0}",,,3848.0,58.0,0.1460064423059291,0.104232195146996,0.0417742471589331,,,,0.0462952129895622,0.0188695838122225,0.0453665414109003,0.0290436158898157,0.5344827586206896,1.0761621045951917,0.0145263802392074,,0.1387882219705549,0.0388079132070229,,,,,,,,,,2.0,42.25862068965517,,,csv,2026-09-27T10:03:01+00:00
007,ml_candidate_pool,reg,0.05,15,oos,"{""stop_scale"": 2.0}",,,2544.0,54.0,0.1963775767743864,0.1018290078615193,0.0945485689128671,,,,0.1168992468700414,0.0519203079438591,0.036767508671033,0.0785175051895943,0.5740740740740741,1.2419859186766071,0.0388102889510026,,0.1283125707814269,0.0353898343639934,,,,,,,,,,2.0,41.96296296296296,,,csv,2026-09-27T10:03:01+00:00
007,ml_candidate_pool,reg,0.1,15,oos,"{""stop_scale"": 2.0}",,,1508.0,45.0,0.1996621052359703,0.1017288671524238,0.0979332380835464,,,,0.1078517119392367,0.0529361206290825,0.0354730502309215,0.0577245129663375,0.5333333333333333,1.2179302485031718,0.0286730007711435,,0.1118346545866364,0.0295151546302173,,,,,,,,,,2.0,43.888888888888886,,,csv,2026-09-27T10:03:01+00:00
007,ml_candidate_pool,reg,0.2,15,oos,"{""stop_scale"": 2.0}",,,520.0,31.0,0.1126917580429931,0.1098285292819321,0.002863228761061,,,,-0.0262959239174036,-0.0104791858720906,0.0448347026048431,-0.01198230462003,0.4516129032258064,0.9395953506730718,-0.0060539725151549,,0.0806908267270668,0.0201524896180465,,,,,,,,,,2.0,45.96774193548387,,,csv,2026-09-27T10:03:01+00:00
007,ml_candidate_pool,clf,0.0,15,oos,"{""stop_scale"": 2.0}",,,2874.0,57.0,0.1964483898088364,0.102117048907466,0.0943313409013704,,,,0.1302959402351013,0.0648139844471436,0.0471112474354381,0.0887059547825801,0.4912280701754385,1.260333680511453,0.0437420921789304,,0.1386183465458663,0.0375154054360159,,,,,,,,,,2.0,42.94736842105263,,,csv,2026-09-27T10:03:01+00:00
007,ml_candidate_pool,clf,0.05,15,oos,"{""stop_scale"": 2.0}",,,1577.0,46.0,0.2174545647539945,0.1046177574112986,0.1128368073426958,,,,0.1549623502465699,0.0682235013701945,0.0463712338054388,0.103111107395629,0.4782608695652174,1.3909728291035883,0.0506761050037882,,0.1127406568516421,0.0313265067406454,,,,,,,,,,2.0,43.28260869565217,,,csv,2026-09-27T10:03:01+00:00
007,ml_candidate_pool,clf,0.1,15,oos,"{""stop_scale"": 2.0}",,,699.0,28.0,0.1477600190711705,0.1189785456897019,0.0287814733814685,,,,0.0173552249033975,0.0070576644243088,0.0495845071586363,0.0056202330704711,0.5,1.0337726328965764,0.0028271767410581,,0.0664779161947904,0.0200896993153972,,,,,,,,,,2.0,41.92857142857143,,,csv,2026-09-27T10:03:01+00:00
007,ml_candidate_pool,clf,0.2,15,oos,"{""stop_scale"": 2.0}",,,80.0,8.0,-0.1259703114539561,0.1365677841369217,-0.2625380955908779,,,,-0.1991963861925409,-0.0387767470425178,0.0358598005169372,-0.0484328322086834,0.375,0.4213907343571096,-0.0246978676273983,,0.0191392978482446,0.0059527615127752,,,,,,,,,,2.0,42.25,,,csv,2026-09-27T10:03:01+00:00
007,ml_candidate_pool,rules,,15,oos,"{""stop_scale"": 2.0}",,,8444.0,65.0,0.0815208639602829,0.1025863439113583,-0.0210654799510754,,,,-0.0256001072566635,-0.012432785637066,0.0728131123856796,-0.0289560059538043,0.5076923076923077,0.9351635920292674,-0.0146925252266437,,0.1703850509626274,0.0425762536299128,,,,,,,,,,2.0,46.292307692307695,,,csv,2026-09-27T10:03:01+00:00
007,ml_candidate_pool,reg,0.0,15,oos,"{""stop_scale"": 2.0}",,,3142.0,15.0,0.1535015732650857,0.1623778292917687,-0.008876256026683,,,,-0.0037903362509207,-0.0006981996993003,0.0271320556109464,-0.0053572230947935,0.5333333333333333,0.9553392270783309,-0.0026582212994177,,0.0272214548802946,0.016129638982264,,,,,,,,,,2.0,31.53333333333333,,,csv,2026-09-27T10:03:01+00:00
007,ml_candidate_pool,reg,0.05,15,oos,"{""stop_scale"": 2.0}",,,2328.0,13.0,0.2529427996474061,0.1691256066662278,0.0838171929811783,,,,0.0494641377039735,0.0096267554582056,0.0235204587081412,0.0236239144169245,0.5384615384615384,1.3079952790884637,0.0116372393106272,,0.0256675874769797,0.0144507375916686,,,,,,,,,,2.0,34.30769230769231,,,csv,2026-09-27T10:03:01+00:00
007,ml_candidate_pool,reg,0.1,15,oos,"{""stop_scale"": 2.0}",,,1654.0,11.0,0.3685041968779076,0.1647757453672262,0.2037284515106813,,,,0.0746449989912766,0.0118310230195615,0.0181109774188044,0.0337942682262322,0.6363636363636364,1.5745780697225082,0.0166054434263163,,0.019970073664825,0.0112484952271334,,,,,,,,,,2.0,31.545454545454547,,,csv,2026-09-27T10:03:01+00:00
007,ml_candidate_pool,reg,0.2,15,oos,"{""stop_scale"": 2.0}",,,739.0,4.0,0.3685964506286809,0.1552115538038724,0.2133848968248085,,,,0.0747462205036784,0.0073343418443096,0.0143326366160492,0.0149992685066993,0.5,1.907986471442647,0.0074045641781907,,0.0081721915285451,0.0040461997357982,,,,,,,,,,2.0,35.5,,,csv,2026-09-27T10:03:01+00:00
007,ml_candidate_pool,clf,0.0,15,oos,"{""stop_scale"": 2.0}",,,2938.0,16.0,-0.042094534002317,0.1646922693690906,-0.2067868033714076,,,,-0.1525731365928648,-0.0344922547646764,0.0398175178823411,-0.0611400590247335,0.5,0.5636860405233918,-0.0307783979216544,,0.0359116022099447,0.0160308704425685,,,,,,,,,,2.0,39.0,,,csv,2026-09-27T10:03:01+00:00
007,ml_candidate_pool,clf,0.05,15,oos,"{""stop_scale"": 2.0}",,,1792.0,10.0,0.4794789738074628,0.1728849425854461,0.3065940312220166,,,,0.1442558567086742,0.0408219833475053,0.0125419232974333,0.0492300928553448,0.6,2.340230420837692,0.0240989473463526,,0.0177255985267035,0.010208640958492,,,,,,,,,,2.0,30.8,,,csv,2026-09-27T10:03:01+00:00
007,ml_candidate_pool,clf,0.1,15,oos,"{""stop_scale"": 2.0}",,,987.0,6.0,0.2709454917836826,0.1768510481779436,0.094094443605739,,,,0.0093173672983794,0.0009937593921956,0.0275056413644191,0.0022774941839389,0.5,1.0601924187606715,0.0011279019696532,,0.00972605893186,0.0062071248338888,,,,,,,,,,2.0,28.166666666666668,,,csv,2026-09-27T10:03:01+00:00
007,ml_candidate_pool,clf,0.2,15,oos,"{""stop_scale"": 2.0}",,,165.0,1.0,-0.5082707212273747,0.1565444069042079,-0.6648151281315827,,,,-0.0718010232499879,-0.0039787401593212,0.0145286471158168,-0.0128420568155767,0.0,0.0,-0.0063842747337001,,0.0028775322283609,0.001073792426,,,,,,,,,,2.0,50.0,,,csv,2026-09-27T10:03:01+00:00
007,ml_candidate_pool,rules,,15,oos,"{""stop_scale"": 2.0}",,,7968.0,41.0,0.0999444622304181,0.1593020394806718,-0.0593575772502537,,,,-0.071520385206251,-0.0257127483590032,0.0531318063806395,-0.058909222393629,0.4878048780487805,0.8039164151056332,-0.029637903048567,,0.0939802025782688,0.0402388054847886,,,,,,,,,,2.0,39.829268292682926,,,csv,2026-09-27T10:03:01+00:00
007,ml_candidate_pool,reg,0.0,15,oos,"{""stop_scale"": 2.0}",,,4420.0,29.0,0.3877696375058925,0.1837134410592031,0.2040561964466892,,,,0.1972744251179968,0.0833128225347991,0.0259455603874935,0.1137156653770044,0.7241379310344828,1.888722514775054,0.0557520036078293,,0.0773324275362318,0.0333641375549618,,,,,,,,,,2.0,47.10344827586207,,,csv,2026-09-27T10:03:01+00:00
007,ml_candidate_pool,reg,0.05,15,oos,"{""stop_scale"": 2.0}",,,3321.0,27.0,0.4435470081238107,0.1849399946303858,0.2586070134934247,,,,0.2359915861777001,0.1016755011711413,0.0321377458872077,0.1442889759041841,0.7037037037037037,2.45950743181315,0.0702532317357669,,0.0742753623188405,0.0306842576971371,,,,,,,,,,2.0,48.5925925925926,,,csv,2026-09-27T10:03:01+00:00
007,ml_candidate_pool,reg,0.1,15,oos,"{""stop_scale"": 2.0}",,,2185.0,16.0,0.3107615922551935,0.2063924107156377,0.1043691815395557,,,,0.0871478515001871,0.0262387972957242,0.0291228656258175,0.0344791873416403,0.6875,1.540612130788986,0.0172223169175689,,0.044440670289855,0.0185628439544894,,,,,,,,,,2.0,49.0625,,,csv,2026-09-27T10:03:01+00:00
007,ml_candidate_pool,reg,0.2,15,oos,"{""stop_scale"": 2.0}",,,604.0,8.0,0.0113315655788758,0.206320358426517,-0.1949887928476412,,,,-0.0708101221929764,-0.0118112501560745,0.0255441773289299,-0.0180819578350673,0.5,0.6629414563119885,-0.0091497737151605,,0.0192481884057971,0.0090922299520943,,,,,,,,,,2.0,42.5,,,csv,2026-09-27T10:03:01+00:00
007,ml_candidate_pool,clf,0.0,15,oos,"{""stop_scale"": 2.0}",,,4314.0,34.0,0.3219957432973224,0.1840498186358864,0.1379459246614359,,,,0.129023264126386,0.060863896782975,0.0288655086601583,0.0815163952198456,0.6764705882352942,1.4908501316315323,0.0402643186158233,,0.0861073369565217,0.0375539168795998,,,,,,,,,,2.0,44.73529411764706,,,csv,2026-09-27T10:03:01+00:00
007,ml_candidate_pool,clf,0.05,15,oos,"{""stop_scale"": 2.0}",,,2626.0,22.0,0.264126819231043,0.207994685266016,0.0561321339650268,,,,0.0258357457974722,0.0084899432227936,0.0476430168137267,0.0104654456235473,0.6363636363636364,1.0897260953063164,0.0052582030482879,,0.0577445652173913,0.024864642897433,,,,,,,,,,2.0,46.36363636363637,,,csv,2026-09-27T10:03:01+00:00
007,ml_candidate_pool,clf,0.1,15,oos,"{""stop_scale"": 2.0}",,,1241.0,12.0,0.4651211777932931,0.204374655195821,0.2607465225974721,,,,0.1787794547728893,0.0465922150870029,0.0143166315122384,0.0519373507157867,0.75,2.544210560332428,0.0258340081892434,,0.0338541666666666,0.0129569245328739,,,,,,,,,,2.0,49.833333333333336,,,csv,2026-09-27T10:03:01+00:00
007,ml_candidate_pool,clf,0.2,15,oos,"{""stop_scale"": 2.0}",,,163.0,1.0,-0.8906406404060646,0.2554135146353765,-1.1460541550414411,,,,-0.0871314036802352,-0.0048357430131071,0.0121664715750868,-0.0143412424756387,0.0,0.0,-0.0072500934970507,,0.0035665760869565,0.0011541295357532,,,,,,,,,,2.0,63.0,,,csv,2026-09-27T10:03:01+00:00
007,ml_candidate_pool,rules,,15,oos,"{""stop_scale"": 2.0}",,,7973.0,54.0,0.2050699161189345,0.1732549465754707,0.0318149695434637,,,,0.0678366424794092,0.0369837885729388,0.0557267992538067,0.0493831212677722,0.5555555555555556,1.1614807762390158,0.0245785217272898,,0.1557404891304347,0.0575453095739732,,,,,,,,,,2.0,50.94444444444444,,,csv,2026-09-27T10:03:01+00:00
007,ml_candidate_pool,reg,0.0,15,oos,"{""stop_scale"": 2.0}",,,1965.0,50.0,0.1738025148401828,0.1287801384717063,0.0450223763684764,,,,0.0539818069887059,0.0236588411556694,0.0424644890266449,0.0374863166885046,0.54,1.134864416435844,0.0184028997876886,,0.130006906077348,0.0384713716506772,,,,,,,,,,2.0,45.18,,,csv,2026-09-27T10:03:01+00:00
007,ml_candidate_pool,reg,0.05,15,oos,"{""stop_scale"": 2.0}",,,1133.0,41.0,0.2744229401759523,0.1351309097223625,0.1392920304535897,,,,0.1529790096669226,0.0666189710702891,0.0307279180713422,0.1068534337840387,0.5853658536585366,1.6300146697322622,0.0515928962266429,,0.1157918968692449,0.0317222916478565,,,,,,,,,,2.0,49.073170731707314,,,csv,2026-09-27T10:03:01+00:00
007,ml_candidate_pool,reg,0.1,15,oos,"{""stop_scale"": 2.0}",,,605.0,27.0,0.0791622882599201,0.1401798151889541,-0.061017526929034,,,,-0.0197373311275292,-0.0058687734134612,0.0348641546542822,-0.0107629418388757,0.4814814814814814,0.931247177858529,-0.005347837193552,,0.0789019337016574,0.0209471611417352,,,,,,,,,,2.0,50.77777777777778,,,csv,2026-09-27T10:03:01+00:00
007,ml_candidate_pool,reg,0.2,15,oos,"{""stop_scale"": 2.0}",,,167.0,13.0,0.1290631281207061,0.152942590383779,-0.0238794622630728,,,,0.0103969215542626,0.002259598607034,0.0291537821531198,0.002453539431052,0.4615384615384615,1.0330641386758712,0.0012150324297086,,0.0359116022099447,0.0107514204367021,,,,,,,,,,2.0,48.0,,,csv,2026-09-27T10:03:01+00:00
007,ml_candidate_pool,clf,0.0,15,oos,"{""stop_scale"": 2.0}",,,1414.0,38.0,0.1867139230460904,0.1452498837116528,0.0414640393344376,,,,0.0369316001224985,0.0127576810500373,0.0489023502529348,0.0186827537803939,0.5526315789473685,1.084661528509446,0.0092145012316269,,0.0970303867403314,0.0304339969857926,,,,,,,,,,2.0,44.36842105263158,,,csv,2026-09-27T10:03:01+00:00
007,ml_candidate_pool,clf,0.05,15,oos,"{""stop_scale"": 2.0}",,,666.0,28.0,0.4165618450525712,0.1506693991880206,0.2658924458645506,,,,0.2645415444153337,0.0989076515464618,0.0189572922929524,0.134449865957694,0.6428571428571429,2.3858882069978464,0.0645041316058117,,0.075103591160221,0.0239965999195323,,,,,,,,,,2.0,46.60714285714285,,,csv,2026-09-27T10:03:01+00:00
007,ml_candidate_pool,clf,0.1,15,oos,"{""stop_scale"": 2.0}",,,263.0,17.0,0.1353161612655702,0.1663943834021097,-0.0310782221365394,,,,-0.0008066388583713,-0.0001750889071165,0.0281808901529801,-0.0015268703758355,0.4705882352941176,0.986035762582421,-0.0007568902014883,,0.0438535911602209,0.0152842966789582,,,,,,,,,,2.0,44.8235294117647,,,csv,2026-09-27T10:03:01+00:00
007,ml_candidate_pool,clf,0.2,15,oos,"{""stop_scale"": 2.0}",,,47.0,3.0,0.3631587383281909,0.20903219055345,0.154126547774741,,,,0.1427529729183299,0.0151940376279706,0.0065520641280653,0.0111217823468263,0.6666666666666666,1.832612557069064,0.0054957182144503,,0.0053522099447513,0.0032962332124999,,,,,,,,,,2.0,31.0,,,csv,2026-09-27T10:03:01+00:00
007,ml_candidate_pool,rules,,15,oos,"{""stop_scale"": 2.0}",,,7658.0,82.0,0.0321860019932971,0.127118653349303,-0.0949326513560058,,,,-0.1084715714760147,-0.0564944299849346,0.097121564739945,-0.1190761169084065,0.4756097560975609,0.7888627118091872,-0.0608915850305916,,0.2113835174953959,0.0626845145548169,,,,,,,,,,2.0,44.79268292682927,,,csv,2026-09-27T10:03:01+00:00
007,ml_candidate_pool,reg,0.0,15,oos,"{""stop_scale"": 1.0, ""method"": ""reg"", ""thr"": 0.0}",,,,1043.0,0.000830468798508,0.1392212026847193,-0.1383907338862111,-0.1945705927290348,-0.0813081993502241,0.0,,,0.7245428121050157,-0.2491251124897198,0.461169702780441,,,27.54571878949843,,,4.5,,,,,,,,,1.0,,,,csv,2026-09-27T10:03:01+00:00
007,ml_candidate_pool,reg,0.05,15,oos,"{""stop_scale"": 1.0, ""method"": ""reg"", ""thr"": 0.05}",,,,959.0,0.0378063791273675,0.1438430587122966,-0.106036679584929,-0.1647075366113348,-0.0476843316899364,0.0001,,,0.5817149387273312,-0.1742333303475465,0.4880083420229406,,,42.25305089223612,,,4.5,,,,,,,,,1.0,,,,csv,2026-09-27T10:03:01+00:00
007,ml_candidate_pool,reg,0.1,15,oos,"{""stop_scale"": 1.0, ""method"": ""reg"", ""thr"": 0.1}",,,,767.0,0.0194818811613083,0.1488729872186099,-0.1293911060573015,-0.1961211781734881,-0.0630155839419417,5e-05,,,0.5678095458086956,-0.170074847840958,0.4719687092568448,,,43.21904541913044,,,4.5,,,,,,,,,1.0,,,,csv,2026-09-27T10:03:01+00:00
007,ml_candidate_pool,clf,0.0,15,oos,"{""stop_scale"": 1.0, ""method"": ""clf"", ""thr"": 0.0}",,,,1340.0,0.0370000268298352,0.152998138285079,-0.1159981114552437,-0.1665435955183779,-0.0660664831785354,0.0,,,0.750184800616661,-0.2652535031747255,0.4835820895522388,,,24.981519938333896,,,4.5,,,,,,,,,1.0,,,,csv,2026-09-27T10:03:01+00:00
007,ml_candidate_pool,clf,0.05,15,oos,"{""stop_scale"": 1.0, ""method"": ""clf"", ""thr"": 0.05}",,,,994.0,0.0006055493225255,0.1603200801866197,-0.1597145308640942,-0.2189765049684743,-0.1005584043747507,0.0,,,0.7528969880193548,-0.2670336976483526,0.4627766599597585,,,24.71030119806452,,,4.5,,,,,,,,,1.0,,,,csv,2026-09-27T10:03:01+00:00
007,ml_candidate_pool,clf,0.1,15,oos,"{""stop_scale"": 1.0, ""method"": ""clf"", ""thr"": 0.1}",,,,771.0,0.0219009371985924,0.1747556911805575,-0.152854753981965,-0.2198559376994587,-0.0854767576963237,0.0,,,0.6331169904248238,-0.1997450750955245,0.4695201037613489,,,36.68830095751762,,,4.5,,,,,,,,,1.0,,,,csv,2026-09-27T10:03:01+00:00
007,ml_candidate_pool,reg,0.0,15,oos,"{""stop_scale"": 2.0, ""method"": ""reg"", ""thr"": 0.0}",,,,883.0,0.0670682578138583,0.0853040184478529,-0.0182357606339945,-0.0660481738157734,0.0301685469636705,0.2324,,,0.1826698221684272,-0.0317303244587903,0.4824462061155153,,,86.49350337925863,,,4.5,,,,,,,,,2.0,,,,csv,2026-09-27T10:03:01+00:00
007,ml_candidate_pool,reg,0.05,15,oos,"{""stop_scale"": 2.0, ""method"": ""reg"", ""thr"": 0.05}",,,,649.0,0.0179415224680803,0.0850099648626124,-0.067068442394532,-0.1232829274589461,-0.010904644213199,0.00905,,,0.3317672492227024,-0.082404340786607,0.4514637904468413,,,67.90958506568494,,,4.5,,,,,,,,,2.0,,,,csv,2026-09-27T10:03:01+00:00
007,ml_candidate_pool,reg,0.1,15,oos,"{""stop_scale"": 2.0, ""method"": ""reg"", ""thr"": 0.1}",,,,567.0,0.0567967987424115,0.087724212052695,-0.0309274133102833,-0.0933749692269467,0.0318756877254221,0.1634,,,0.2467461803886138,-0.0348857730944566,0.4726631393298059,,,85.23230421250867,,,4.5,,,,,,,,,2.0,,,,csv,2026-09-27T10:03:01+00:00
007,ml_candidate_pool,clf,0.0,15,oos,"{""stop_scale"": 2.0, ""method"": ""clf"", ""thr"": 0.0}",,,,737.0,0.0265728558297578,0.0871434669408939,-0.0605706111111361,-0.1138588911640754,-0.007579340280831,0.012,,,0.330488076686532,-0.0768552379999628,0.457259158751696,,,69.77729735409383,,,4.5,,,,,,,,,2.0,,,,csv,2026-09-27T10:03:01+00:00
007,ml_candidate_pool,clf,0.05,15,oos,"{""stop_scale"": 2.0, ""method"": ""clf"", ""thr"": 0.05}",,,,601.0,0.0612147368291359,0.0900100955116001,-0.0287953586824641,-0.0884711298763396,0.0309891820105937,0.173,,,0.2039485411457952,-0.0321150856041073,0.4891846921797005,,,86.33894631210306,,,4.5,,,,,,,,,2.0,,,,csv,2026-09-27T10:03:01+00:00
007,ml_candidate_pool,clf,0.1,15,oos,"{""stop_scale"": 2.0, ""method"": ""clf"", ""thr"": 0.1}",,,,362.0,0.0420595435660084,0.0939107490216912,-0.0518512054556828,-0.1326176515918139,0.0294890379804289,0.10345,,,0.1874249660087243,-0.03595961028239,0.4779005524861878,,,84.80638150636115,,,4.5,,,,,,,,,2.0,,,,csv,2026-09-27T10:03:01+00:00
007,ml_candidate_pool,reg,0.0,15,oos,"{""stop_scale"": 3.5, ""method"": ""reg"", ""thr"": 0.0}",,,,449.0,0.0446019730730812,0.0632105211768822,-0.0186085481038008,-0.0715865424606892,0.0344739021139133,0.2421,,,0.0982861635093421,-0.0139602075889667,0.4342984409799554,,,93.86960430439892,,,4.5,,,,,,,,,3.5,,,,csv,2026-09-27T10:03:01+00:00
007,ml_candidate_pool,reg,0.05,15,oos,"{""stop_scale"": 3.5, ""method"": ""reg"", ""thr"": 0.05}",,,,366.0,0.046260466153937,0.0638257195964268,-0.0175652534424897,-0.0774422729478831,0.0436705118871269,0.2872,,,0.0731174918472773,-0.0101395411182299,0.4590163934426229,,,95.51748809466127,,,4.5,,,,,,,,,3.5,,,,csv,2026-09-27T10:03:01+00:00
007,ml_candidate_pool,reg,0.1,15,oos,"{""stop_scale"": 3.5, ""method"": ""reg"", ""thr"": 0.1}",,,,280.0,0.0499523670620297,0.0646795211217391,-0.0147271540597093,-0.0840306425198952,0.0555856226383812,0.34165,,,0.0700296583980215,-0.009277576523775,0.4607142857142857,,,95.8923511586502,,,4.5,,,,,,,,,3.5,,,,csv,2026-09-27T10:03:01+00:00
007,ml_candidate_pool,clf,0.0,15,oos,"{""stop_scale"": 3.5, ""method"": ""clf"", ""thr"": 0.0}",,,,368.0,0.0399025735509728,0.0597928470378452,-0.0198902734868724,-0.0782033173794302,0.0374581688888009,0.2446,,,0.1028611859872653,-0.0118354633305211,0.4755434782608695,,,94.78326991025256,,,4.5,,,,,,,,,3.5,,,,csv,2026-09-27T10:03:01+00:00
007,ml_candidate_pool,clf,0.05,15,oos,"{""stop_scale"": 3.5, ""method"": ""clf"", ""thr"": 0.05}",,,,246.0,0.012462541482871,0.060284538454655,-0.047821996971784,-0.1185318302538246,0.0232876658862954,0.09435,,,0.1069384306642672,-0.0218953011988468,0.4634146341463415,,,90.51781325561346,,,4.5,,,,,,,,,3.5,,,,csv,2026-09-27T10:03:01+00:00
007,ml_candidate_pool,clf,0.1,15,oos,"{""stop_scale"": 3.5, ""method"": ""clf"", ""thr"": 0.1}",,,,151.0,0.0609353944334943,0.06323898154569,-0.0023035871121957,-0.0908277167541243,0.0862991170720857,0.4814,,,0.0528838976474658,-0.001376320685975,0.4701986754966887,,,99.3821457099516,,,4.5,,,,,,,,,3.5,,,,csv,2026-09-27T10:03:01+00:00
007,ml_candidate_pool,reg,0.0,15,oos,"{""stop_scale"": 5.0, ""method"": ""reg"", ""thr"": 0.0}",,,,289.0,0.0598711344977668,0.0504443146971132,0.0094268198006536,-0.0455649425555977,0.0633662050398559,0.6281,,,0.0438765746721409,0.0069307981136415,0.4844290657439446,,,103.15690652355454,,,4.5,,,,,,,,,5.0,,,,csv,2026-09-27T10:03:01+00:00
007,ml_candidate_pool,reg,0.05,15,oos,"{""stop_scale"": 5.0, ""method"": ""reg"", ""thr"": 0.05}",,,,217.0,0.054184090889268,0.0526845034184026,0.0014995874708654,-0.0650200645540953,0.0672950718445544,0.5172,,,0.0270704956553099,0.0037989782308878,0.4516129032258064,,,101.72094162142196,,,4.5,,,,,,,,,5.0,,,,csv,2026-09-27T10:03:01+00:00
007,ml_candidate_pool,reg,0.1,15,oos,"{""stop_scale"": 5.0, ""method"": ""reg"", ""thr"": 0.1}",,,,150.0,0.0451193237063767,0.0544739009589665,-0.0093545772525897,-0.0891219255981092,0.0712702269019891,0.40645,,,0.027790535946449,-0.0007025116248466,0.3866666666666666,,,99.6842581903877,,,4.5,,,,,,,,,5.0,,,,csv,2026-09-27T10:03:01+00:00
007,ml_candidate_pool,clf,0.0,15,oos,"{""stop_scale"": 5.0, ""method"": ""clf"", ""thr"": 0.0}",,,,181.0,0.0485511773787013,0.0489606187096081,-0.0004094413309067,-0.0689443975808837,0.0691895884757243,0.49965,,,0.0360974262148791,0.000854592182814,0.4475138121546961,,,100.3851420251262,,,4.5,,,,,,,,,5.0,,,,csv,2026-09-27T10:03:01+00:00
007,ml_candidate_pool,clf,0.05,15,oos,"{""stop_scale"": 5.0, ""method"": ""clf"", ""thr"": 0.05}",,,,130.0,0.0619909959556803,0.0480614546847111,0.0139295412709691,-0.0651816108048156,0.0940353101002304,0.63635,,,0.039764514538499,0.0043184539951381,0.4769230769230769,,,101.95804335742405,,,4.5,,,,,,,,,5.0,,,,csv,2026-09-27T10:03:01+00:00
007,ml_candidate_pool,clf,0.1,15,oos,"{""stop_scale"": 5.0, ""method"": ""clf"", ""thr"": 0.1}",,,,72.0,0.1007551697339322,0.0498594433463856,0.0508957263875466,-0.0648736645985719,0.167464998761737,0.8013,,,0.0262163061187736,0.008960954378097,0.4583333333333333,,,104.09613849391668,,,4.5,,,,,,,,,5.0,,,,csv,2026-09-27T10:03:01+00:00
008,ml_candidate_pool,reg0.10,0.1,15,oos,"{""stop_scale"": 2.0, ""mode"": ""taker"", ""offset"": 0.0, ""fill_ratio"": 1.0}",taker,0.0,,567.0,0.0567967987424115,0.087724212052695,-0.0309274133102833,-0.0933749692269467,0.0318756877254221,0.1634,,,0.2467461803886138,-0.0348857730944566,0.4726631393298059,,,85.23230421250867,,,4.5,,,1.0,0.0,1.0,taker,,,2.0,,,,csv,2026-09-27T10:03:01+00:00
008,ml_candidate_pool,reg0.10,0.1,15,oos,"{""stop_scale"": 2.0, ""mode"": ""po 0.00"", ""offset"": 0.0, ""fill_ratio"": 1.0}",po 0.00,4473.0,,577.0,0.0472936682176656,0.0685469143589313,-0.0212532461412656,-0.0833579703608981,0.0396527939346698,0.24675,,,0.195349771674901,-0.0242992212062128,0.4783362218370884,,,89.5210015490996,,,4.5,,,0.9941873463000224,0.0,1.0,post_only,,,2.0,,,,csv,2026-09-27T10:03:01+00:00
008,ml_candidate_pool,reg0.10,0.1,15,oos,"{""stop_scale"": 2.0, ""mode"": ""po 0.15"", ""offset"": 0.15, ""fill_ratio"": 1.0}",po 0.15,4387.0,,587.0,0.069244007015634,0.0690887744008261,0.0001552326148079,-0.0611270498392535,0.0613078919081325,0.50505,,,0.1264842774914304,-0.0005263561551555,0.4804088586030664,,,99.76335781200632,,,4.5,,,0.7688625484385685,0.15,1.0,post_only,,,2.0,,,,csv,2026-09-27T10:03:01+00:00
008,ml_candidate_pool,reg0.10,0.1,15,oos,"{""stop_scale"": 2.0, ""mode"": ""po 0.30"", ""offset"": 0.3, ""fill_ratio"": 1.0}",po 0.30,4731.0,,511.0,0.0495855527428986,0.0690650101212434,-0.0194794573783447,-0.0846579276025775,0.046777651464788,0.27895,,,0.1539288470356985,-0.020583401562561,0.487279843444227,,,91.06543560006304,,,4.5,,,0.569858380891989,0.3,1.0,post_only,,,2.0,,,,csv,2026-09-27T10:03:01+00:00
008,ml_candidate_pool,reg0.10,0.1,15,oos,"{""stop_scale"": 2.0, ""mode"": ""po 0.50"", ""offset"": 0.5, ""fill_ratio"": 1.0}",po 0.50,4954.0,,490.0,0.0918838482526986,0.0704628293595479,0.0214210188931506,-0.0459055283891724,0.0884823570254543,0.73465,,,0.0480397317829252,0.0164582172049749,0.5,,,107.62245386621603,,,4.5,,,0.3631408962454582,0.5,1.0,post_only,,,2.0,,,,csv,2026-09-27T10:03:01+00:00
008,ml_candidate_pool,reg0.10,0.1,15,oos,"{""stop_scale"": 2.0, ""mode"": ""po 0.30 q50%"", ""offset"": 0.3, ""fill_ratio"": 0.5}",po 0.30 q50%,6541.0,,223.0,0.0825321640968489,0.0833151410246448,-0.0007829769277957,-0.1026676854754558,0.1009620766187039,0.49855,,,0.0576551466846995,-0.000198669865424,0.4887892376681614,,,99.9106296378145,,,4.5,,,0.5662742699892983,0.3,0.5,post_only,,,2.0,,,,csv,2026-09-27T10:03:01+00:00
008,ml_candidate_pool,reg0.10,0.1,15,oos,"{""stop_scale"": 2.0, ""mode"": ""po 0.50 q50%"", ""offset"": 0.5, ""fill_ratio"": 0.5}",po 0.50 q50%,6751.0,,199.0,0.062030587356859,0.0844009424713084,-0.0223703551144493,-0.1312316853100762,0.0874988599934453,0.3465,,,0.0479057373189032,-0.0034113130931724,0.4673366834170854,,,98.47404727221078,,,4.5,,,0.3603910531773071,0.5,0.5,post_only,,,2.0,,,,csv,2026-09-27T10:03:01+00:00
008,ml_candidate_pool,reg0.10,0.1,15,oos,"{""stop_scale"": 3.5, ""mode"": ""taker"", ""offset"": 0.0, ""fill_ratio"": 1.0}",taker,0.0,,280.0,0.0499523670620297,0.0646795211217391,-0.0147271540597093,-0.0840306425198952,0.0555856226383812,0.34165,,,0.0700296583980215,-0.009277576523775,0.4607142857142857,,,95.8923511586502,,,4.5,,,1.0,0.0,1.0,taker,,,3.5,,,,csv,2026-09-27T10:03:01+00:00
008,ml_candidate_pool,reg0.10,0.1,15,oos,"{""stop_scale"": 3.5, ""mode"": ""po 0.00"", ""offset"": 0.0, ""fill_ratio"": 1.0}",po 0.00,3758.0,,281.0,0.0418362767131826,0.0508989304530686,-0.0090626537398859,-0.0778846145144216,0.0608710973267887,0.40475,,,0.0594554751297572,-0.0061037265033759,0.4626334519572954,,,97.28251287371896,,,4.5,,,0.9938797232570517,0.0,1.0,post_only,,,3.5,,,,csv,2026-09-27T10:03:01+00:00
008,ml_candidate_pool,reg0.10,0.1,15,oos,"{""stop_scale"": 3.5, ""mode"": ""po 0.15"", ""offset"": 0.15, ""fill_ratio"": 1.0}",po 0.15,3839.0,,261.0,0.0458151794259787,0.051033526551632,-0.0052183471256533,-0.0752331500604415,0.0657242502286089,0.44695,,,0.058161277775477,-0.0028888951272064,0.4482758620689655,,,98.70655363838044,,,4.5,,,0.7593123209169055,0.15,1.0,post_only,,,3.5,,,,csv,2026-09-27T10:03:01+00:00
008,ml_candidate_pool,reg0.10,0.1,15,oos,"{""stop_scale"": 3.5, ""mode"": ""po 0.30"", ""offset"": 0.3, ""fill_ratio"": 1.0}",po 0.30,3965.0,,233.0,0.0455915720845298,0.0523684066764167,-0.0067768345918869,-0.0837239300786618,0.0701905447619643,0.43315,,,0.0565164212857772,-0.002488144216685,0.463519313304721,,,98.88520030674998,,,4.5,,,0.5659520807061791,0.3,1.0,post_only,,,3.5,,,,csv,2026-09-27T10:03:01+00:00
008,ml_candidate_pool,reg0.10,0.1,15,oos,"{""stop_scale"": 3.5, ""mode"": ""po 0.50"", ""offset"": 0.5, ""fill_ratio"": 1.0}",po 0.50,4284.0,,203.0,0.0331150247515357,0.0540826503213826,-0.0209676255698469,-0.1029614726205448,0.0603911047494251,0.3109,,,0.0589677047648998,-0.0091086234968068,0.4679802955665024,,,95.96596171050682,,,4.5,,,0.3643790849673202,0.5,1.0,post_only,,,3.5,,,,csv,2026-09-27T10:03:01+00:00
008,ml_candidate_pool,reg0.10,0.1,15,oos,"{""stop_scale"": 3.5, ""mode"": ""po 0.30 q50%"", ""offset"": 0.3, ""fill_ratio"": 0.5}",po 0.30 q50%,5139.0,,62.0,0.0863004801284383,0.0870847694871733,-0.0007842893587349,-0.1668184625396588,0.1649490628164192,0.4931,,,0.0102567662336771,0.0001127226649157,0.4838709677419355,,,100.05073520644144,,,4.5,,,0.5631445806577156,0.3,0.5,post_only,,,3.5,,,,csv,2026-09-27T10:03:01+00:00
008,ml_candidate_pool,reg0.10,0.1,15,oos,"{""stop_scale"": 3.5, ""mode"": ""po 0.50 q50%"", ""offset"": 0.5, ""fill_ratio"": 0.5}",po 0.50 q50%,5194.0,,58.0,0.0223878515646576,0.0881100866649495,-0.0657222351002918,-0.2274983336828436,0.0964464257929647,0.21665,,,0.0174112148368357,-0.0038956306539189,0.4137931034482758,,,98.25887851631644,,,4.5,,,0.3623411628802464,0.5,0.5,post_only,,,3.5,,,,csv,2026-09-27T10:03:01+00:00
008,ml_candidate_pool,reg0.10,0.1,15,oos,"{""stop_scale"": 5.0, ""mode"": ""taker"", ""offset"": 0.0, ""fill_ratio"": 1.0}",taker,0.0,,150.0,0.0451193237063767,0.0544739009589665,-0.0093545772525897,-0.0891219255981092,0.0712702269019891,0.40645,,,0.027790535946449,-0.0007025116248466,0.3866666666666666,,,99.6842581903877,,,4.5,,,1.0,0.0,1.0,taker,,,5.0,,,,csv,2026-09-27T10:03:01+00:00
008,ml_candidate_pool,reg0.10,0.1,15,oos,"{""stop_scale"": 5.0, ""mode"": ""po 0.00"", ""offset"": 0.0, ""fill_ratio"": 1.0}",po 0.00,3026.0,,152.0,0.0401162179143201,0.0429291743608011,-0.0028129564464809,-0.0820962077935978,0.080363735408615,0.47405,,,0.0223798354154663,0.000939373127899,0.3815789473684211,,,100.42341335895247,,,4.5,,,0.9937210839391936,0.0,1.0,post_only,,,5.0,,,,csv,2026-09-27T10:03:01+00:00
008,ml_candidate_pool,reg0.10,0.1,15,oos,"{""stop_scale"": 5.0, ""mode"": ""po 0.15"", ""offset"": 0.15, ""fill_ratio"": 1.0}",po 0.15,3061.0,,145.0,0.047457922499311,0.0433996041325491,0.0040583183667619,-0.0779064654383107,0.0872370585808433,0.5356,,,0.0243357173346724,0.0017324701193739,0.3931034482758621,,,100.78197861240058,,,4.5,,,0.7611891538712839,0.15,1.0,post_only,,,5.0,,,,csv,2026-09-27T10:03:01+00:00
008,ml_candidate_pool,reg0.10,0.1,15,oos,"{""stop_scale"": 5.0, ""mode"": ""po 0.30"", ""offset"": 0.3, ""fill_ratio"": 1.0}",po 0.30,3110.0,,137.0,0.0511477451829368,0.0431956819695302,0.0079520632134065,-0.0755640223622875,0.093011327848011,0.57405,,,0.0158909471591668,0.0032115656721993,0.3868613138686131,,,101.45334871301333,,,4.5,,,0.570096463022508,0.3,1.0,post_only,,,5.0,,,,csv,2026-09-27T10:03:01+00:00
008,ml_candidate_pool,reg0.10,0.1,15,oos,"{""stop_scale"": 5.0, ""mode"": ""po 0.50"", ""offset"": 0.5, ""fill_ratio"": 1.0}",po 0.50,3245.0,,112.0,0.0148729336824127,0.0446591242631059,-0.0297861905806932,-0.1184558677072884,0.0617940279313255,0.2561,,,0.0266328891546436,-0.005980703975843,0.3482142857142857,,,97.33671108453564,,,4.5,,,0.3654853620955315,0.5,1.0,post_only,,,5.0,,,,csv,2026-09-27T10:03:01+00:00
008,ml_candidate_pool,reg0.10,0.1,15,oos,"{""stop_scale"": 5.0, ""mode"": ""po 0.30 q50%"", ""offset"": 0.3, ""fill_ratio"": 0.5}",po 0.30 q50%,3698.0,,41.0,0.159579097675614,0.0656738678774969,0.0939052297981171,-0.0688155727394417,0.2569768653357566,0.8731,,,0.0061780442855359,0.0025659793903984,0.4878048780487805,,,101.15988692078533,,,4.5,,,0.5678745267712277,0.3,0.5,post_only,,,5.0,,,,csv,2026-09-27T10:03:01+00:00
008,ml_candidate_pool,reg0.10,0.1,15,oos,"{""stop_scale"": 5.0, ""mode"": ""po 0.50 q50%"", ""offset"": 0.5, ""fill_ratio"": 0.5}",po 0.50 q50%,3739.0,,38.0,0.1328848152887027,0.0673775110473377,0.065507304241365,-0.1155163703615693,0.2425248028142577,0.7657,,,0.0069674129653266,0.0018767204858345,0.4210526315789473,,,100.84730219729296,,,4.5,,,0.3645359721850762,0.5,0.5,post_only,,,5.0,,,,csv,2026-09-27T10:03:01+00:00
009,ml_candidate_pool,reg0.10,0.1,5,oos,"{""tf"": 5, ""stop_scale"": 2.0, ""hold_hours"": 2.0, ""max_hold_bars"": 24}",po0.20 hold=2h (24 bars),,,19.0,-0.0327873529430319,0.0632856323330445,-0.0960729852760765,-0.2952797840219467,0.1152512997309471,0.18095,,,0.0176183907739795,-0.0039423068498072,0.3684210526315789,,,98.23816092260203,,,,,,0.7391304347826086,,,,,,2.0,23.473684210526315,2.0,24.0,csv,2026-09-27T10:03:01+00:00
009,ml_candidate_pool,reg0.10,0.1,5,oos,"{""tf"": 5, ""stop_scale"": 2.0, ""hold_hours"": 3.0, ""max_hold_bars"": 36}",po0.20 hold=3h (36 bars),,,95.0,0.0049634426953969,0.0912524071181816,-0.0862889644227846,-0.2082801701954794,0.0364542078731278,0.08715,,,0.0841275997666415,-0.0188556029592275,0.4526315789473684,,,91.7905931841967,,,,,,0.7429577464788732,,,,,,2.0,31.11578947368421,3.0,36.0,csv,2026-09-27T10:03:01+00:00
009,ml_candidate_pool,reg0.10,0.1,5,oos,"{""tf"": 5, ""stop_scale"": 2.0, ""hold_hours"": 4.0, ""max_hold_bars"": 48}",po0.20 hold=4h (48 bars),,,139.0,0.0097998411386296,0.1054545168031039,-0.0956546756644742,-0.2155482209531262,0.0237179756844053,0.0546,,,0.1164991277575903,-0.0271497470964817,0.4388489208633093,,,88.35008722424097,,,,,,0.6557911908646004,,,,,,2.0,38.94964028776978,4.0,48.0,csv,2026-09-27T10:03:01+00:00
009,ml_candidate_pool,reg0.10,0.1,5,oos,"{""tf"": 5, ""stop_scale"": 2.0, ""hold_hours"": 6.0, ""max_hold_bars"": 72}",po0.20 hold=6h (72 bars),,,230.0,0.0410907158179599,0.1148447999662961,-0.0737540841483361,-0.174630132951203,0.0268240735450463,0.07055,,,0.1668744838858965,-0.0397593283897379,0.4434782608695652,,,83.31255161141034,,,,,,0.6821994408201305,,,,,,2.0,52.87826086956522,6.0,72.0,csv,2026-09-27T10:03:01+00:00
009,ml_candidate_pool,reg0.10,0.1,5,oos,"{""tf"": 5, ""stop_scale"": 2.0, ""hold_hours"": 8.0, ""max_hold_bars"": 96}",po0.20 hold=8h (96 bars),,,274.0,-0.0646695942276723,0.1163694293263341,-0.1810390235540064,-0.2786180340266589,-0.0837336794330661,0.00015,,,0.3587510010035645,-0.0940232668465679,0.4233576642335766,,,64.12489989964355,,,,,,0.6698872785829307,,,,,,2.0,60.66423357664234,8.0,96.0,csv,2026-09-27T10:03:01+00:00
009,ml_candidate_pool,reg0.10,0.1,5,oos,"{""tf"": 5, ""stop_scale"": 3.5, ""hold_hours"": 2.0, ""max_hold_bars"": 24}",po0.20 hold=2h (24 bars),,,5.0,-0.0006829227931489,0.1278198970859289,-0.1285028198790778,-0.2658544200850012,0.080913744750411,0.06945,,,0.0087173490346349,-0.0013750725452646,0.2,,,99.38270467354438,,,,,,0.6666666666666666,,,,,,3.5,24.0,2.0,24.0,csv,2026-09-27T10:03:01+00:00
009,ml_candidate_pool,reg0.10,0.1,5,oos,"{""tf"": 5, ""stop_scale"": 3.5, ""hold_hours"": 3.0, ""max_hold_bars"": 36}",po0.20 hold=3h (36 bars),,,51.0,0.0672937397784536,0.1140349018965157,-0.0467411621180621,-0.1608955352399048,0.0697962593421561,0.21165,,,0.0258317240064046,-0.0053061776729528,0.3333333333333333,,,97.6342946727648,,,,,,0.7055555555555556,,,,,,3.5,33.86274509803921,3.0,36.0,csv,2026-09-27T10:03:01+00:00
009,ml_candidate_pool,reg0.10,0.1,5,oos,"{""tf"": 5, ""stop_scale"": 3.5, ""hold_hours"": 4.0, ""max_hold_bars"": 48}",po0.20 hold=4h (48 bars),,,96.0,0.066723501074748,0.1044254044435595,-0.0377019033688114,-0.1403001466665752,0.0673688451500313,0.2417,,,0.0471706639092773,-0.0069809886310286,0.40625,,,96.89671061966844,,,,,,0.6873156342182891,,,,,,3.5,43.46875,4.0,48.0,csv,2026-09-27T10:03:01+00:00
009,ml_candidate_pool,reg0.10,0.1,5,oos,"{""tf"": 5, ""stop_scale"": 3.5, ""hold_hours"": 6.0, ""max_hold_bars"": 72}",po0.20 hold=6h (72 bars),,,176.0,0.1030005228173685,0.095402740410239,0.0075977824071295,-0.0818719440106014,0.0978254320320159,0.5628,,,0.0455891009134475,0.0047267525547691,0.4772727272727273,,,102.14470255088644,,,,,,0.6742556917688266,,,,,,3.5,63.27272727272727,6.0,72.0,csv,2026-09-27T10:03:01+00:00
009,ml_candidate_pool,reg0.10,0.1,5,oos,"{""tf"": 5, ""stop_scale"": 3.5, ""hold_hours"": 8.0, ""max_hold_bars"": 96}",po0.20 hold=8h (96 bars),,,230.0,0.047664634361123,0.0943625178842355,-0.0466978835231125,-0.1395715894510611,0.0475442418093606,0.16365,,,0.1176195353203309,-0.0220655656564171,0.417391304347826,,,90.44692848798545,,,,,,0.6853103872157345,,,,,,3.5,76.44782608695652,8.0,96.0,csv,2026-09-27T10:03:01+00:00
009,ml_candidate_pool,reg0.10,0.1,5,oos,"{""tf"": 5, ""stop_scale"": 5.0, ""hold_hours"": 2.0, ""max_hold_bars"": 24}",po0.20 hold=2h (24 bars),,,6.0,-0.0284734825474923,0.084972760614682,-0.1134462431621743,-0.2020357980250518,-0.0387108663758496,5e-05,,,0.0058830201718644,-0.0013041514167011,0.1666666666666666,,,99.41446979615604,,,,,,0.8571428571428571,,,,,,5.0,24.0,2.0,24.0,csv,2026-09-27T10:03:01+00:00
009,ml_candidate_pool,reg0.10,0.1,5,oos,"{""tf"": 5, ""stop_scale"": 5.0, ""hold_hours"": 3.0, ""max_hold_bars"": 36}",po0.20 hold=3h (36 bars),,,19.0,0.0733815018570698,0.0743742553320596,-0.0009927534749898,-0.1250280255199893,0.1462933503197322,0.4725,,,0.0064491427845669,-0.0002825937077717,0.4210526315789473,,,99.87289570581714,,,,,,0.684931506849315,,,,,,5.0,35.94736842105263,3.0,36.0,csv,2026-09-27T10:03:01+00:00
009,ml_candidate_pool,reg0.10,0.1,5,oos,"{""tf"": 5, ""stop_scale"": 5.0, ""hold_hours"": 4.0, ""max_hold_bars"": 48}",po0.20 hold=4h (48 bars),,,51.0,0.0545119605510891,0.0721981231276761,-0.0176861625765869,-0.1372049578701067,0.1040839368354246,0.3817,,,0.0200380181953814,-0.0025030142811337,0.4313725490196078,,,98.8785670429932,,,,,,0.6162162162162163,,,,,,5.0,45.70588235294117,4.0,48.0,csv,2026-09-27T10:03:01+00:00
009,ml_candidate_pool,reg0.10,0.1,5,oos,"{""tf"": 5, ""stop_scale"": 5.0, ""hold_hours"": 6.0, ""max_hold_bars"": 72}",po0.20 hold=6h (72 bars),,,120.0,0.0858770932748998,0.0718400860619952,0.0140370072129046,-0.0795029742196024,0.1092678596950752,0.61395,,,0.0168826488287815,0.0045219011955495,0.4333333333333333,,,102.05101879657084,,,,,,0.6736183524504692,,,,,,5.0,65.3,6.0,72.0,csv,2026-09-27T10:03:01+00:00
009,ml_candidate_pool,reg0.10,0.1,5,oos,"{""tf"": 5, ""stop_scale"": 5.0, ""hold_hours"": 8.0, ""max_hold_bars"": 96}",po0.20 hold=8h (96 bars),,,168.0,0.0555563602262837,0.0697989991552206,-0.0142426389289369,-0.1031557543239796,0.0750646077582353,0.3729,,,0.0189777347183905,-0.0027026984378458,0.4642857142857143,,,98.78952511620182,,,,,,0.6623748211731044,,,,,,5.0,86.5952380952381,8.0,96.0,csv,2026-09-27T10:03:01+00:00
009,ml_candidate_pool,reg0.10,0.1,15,oos,"{""tf"": 15, ""stop_scale"": 2.0, ""hold_hours"": 8.0, ""max_hold_bars"": 32}",po0.20 hold=8h (32 bars),,,1.0,-0.0786475716903613,0.0210998686750116,-0.0997474403653729,-0.0997474403653729,-0.0997474403653729,0.0,,,0.0008910826452364,-0.000198087021593,0.0,,,99.91089173547635,,,,,,0.6436781609195402,,,,,,2.0,32.0,8.0,32.0,csv,2026-09-27T10:03:01+00:00
